customer_id,first_name,last_name,email,phone,date_of_birth,gender,occupation,annual_income,credit_score,city,state,customer_since,referred_by_customer_id
1,Danielle,Johnson,danielle.johnson1@mailbank.com,001-218-519-6001x338,1964-03-27,Female,Accountant,55000,442,Houston,Texas,2018-04-29,
2,Jennifer,Miles,jennifer.miles2@mailbank.com,302-765-4235x116,1972-11-26,Female,Software Engineer,28000,395,Houston,Texas,2020-09-04,
3,Melanie,Munoz,melanie.munoz3@mailbank.com,+1-516-318-4959,1996-02-29,Male,Student,55000,729,Orlando,Florida,2023-08-07,
4,Brandon,Perez,brandon.perez4@mailbank.com,516.647.5255,1965-02-04,Female,Consultant,28000,463,Jacksonville,Florida,2016-10-30,
5,Jacqueline,Sutton,jacqueline.sutton5@mailbank.com,+1-232-576-4835,1952-01-07,Female,Nurse,55000,644,Savannah,Georgia,2022-08-12,
6,Lydia,Trujillo,lydia.trujillo6@mailbank.com,001-553-676-7242,1971-10-21,Female,Teacher,75000,652,Houston,Texas,2016-09-08,
7,Julie,Patterson,julie.patterson7@mailbank.com,(387)810-1226,1982-09-30,Male,Marketing Manager,105000,849,Boulder,Colorado,2019-10-09,
8,Patrick,Ferrell,patrick.ferrell8@mailbank.com,9182451462,1979-06-25,Male,Student,62000,670,San Antonio,Texas,2026-02-10,
9,Stephanie,Liu,stephanie.liu9@mailbank.com,(481)248-9325,1963-07-16,Male,Software Engineer,210000,533,Denver,Colorado,2021-03-19,
10,Carol,Burns,carol.burns10@mailbank.com,430-639-1171x8227,1954-06-12,Male,Driver,32000,689,Chicago,Illinois,2019-10-12,
11,Allison,Obrien,allison.obrien11@mailbank.com,001-534-565-7871x331,2005-08-06,Female,Nurse,75000,663,Springfield,Illinois,2025-09-03,
12,Adrian,Zimmerman,adrian.zimmerman12@mailbank.com,4519834738,1951-04-08,Male,Civil Servant,210000,475,Tampa,Florida,2016-09-13,
13,John,Kennedy,john.kennedy13@mailbank.com,+1-565-966-7010x6513,1972-02-27,Male,Nurse,105000,688,Mesa,Arizona,2016-12-24,
14,Donald,White,donald.white14@mailbank.com,478-810-8013,1975-06-29,Male,Electrician,75000,357,Naperville,Illinois,2025-02-08,
15,Todd,Lewis,todd.lewis15@mailbank.com,(206)247-4687x2343,1971-10-18,Female,Business Owner,62000,367,Miami,Florida,2016-08-11,
16,Julie,Brown,julie.brown16@mailbank.com,220.381.2191x36193,1982-10-14,Male,Electrician,105000,705,Tampa,Florida,2021-03-27,
17,Robert,Silva,robert.silva17@mailbank.com,353.246.2475,1979-02-06,Female,Nurse,55000,569,Boston,Massachusetts,2025-09-25,
18,Stephen,Murillo,stephen.murillo18@mailbank.com,484.925.1354,2007-07-02,Female,Doctor,55000,441,Boulder,Colorado,2016-10-05,
19,Martha,Warner,martha.warner19@mailbank.com,+1-680-584-1241x1824,1984-06-07,Male,Consultant,28000,412,Tucson,Arizona,2026-04-13,
20,Jennifer,Harris,jennifer.harris20@mailbank.com,840.216.4005x2427,1985-10-15,Female,Civil Servant,32000,694,Buffalo,New York,2018-10-01,
21,Daniel,Landry,daniel.landry21@mailbank.com,7592826204,1989-03-12,Female,Student,28000,417,Augusta,Georgia,2017-07-21,
22,Rachel,Clark,rachel.clark22@mailbank.com,001-686-492-3226x025,1962-09-15,Female,Teacher,62000,745,Tucson,Arizona,2017-01-26,
23,Kristin,Rodriguez,kristin.rodriguez23@mailbank.com,837.754.3303,2000-01-24,Male,Student,32000,605,Rochester,New York,2024-12-10,9
24,Joshua,Jones,joshua.jones24@mailbank.com,768.750.1429x40196,1994-02-18,Male,Student,130000,300,Mesa,Arizona,2019-08-28,12
25,Samuel,Joyce,samuel.joyce25@mailbank.com,840.360.8835,1954-09-03,Male,Chef,75000,614,Boulder,Colorado,2025-05-14,
26,Stacy,Mccall,stacy.mccall26@mailbank.com,448-546-5648,1985-02-14,Male,Teacher,105000,370,Miami,Florida,2022-11-28,19
27,Robert,Bentley,robert.bentley27@mailbank.com,+1-794-968-0443x699,1988-05-16,Male,Sales Executive,130000,733,Phoenix,Arizona,2025-05-27,16
28,Scott,Lowe,scott.lowe28@mailbank.com,001-221-248-9513x433,1978-05-28,Female,Electrician,210000,682,Orlando,Florida,2024-04-07,
29,John,Alvarez,john.alvarez29@mailbank.com,(993)267-6320x16328,1998-09-20,Male,Accountant,32000,646,Cambridge,Massachusetts,2016-10-04,
30,Angela,Lowery,angela.lowery30@mailbank.com,988.995.7986x872,1955-01-06,Male,Teacher,210000,360,San Francisco,California,2017-05-22,
31,Jonathon,Wright,jonathon.wright31@mailbank.com,473.547.1434x55812,1985-12-29,Female,Teacher,130000,543,Miami,Florida,2023-12-23,
32,Patrick,Hernandez,patrick.hernandez32@mailbank.com,787-660-3669x09670,1960-07-27,Male,Marketing Manager,165000,784,Naperville,Illinois,2020-04-27,
33,Karen,Castaneda,karen.castaneda33@mailbank.com,001-489-937-3467x065,2004-12-09,Male,Teacher,32000,741,Jacksonville,Florida,2020-05-12,
34,Samantha,Hooper,samantha.hooper34@mailbank.com,001-690-816-2720,1979-10-13,Male,Electrician,210000,400,Spokane,Washington,2025-06-11,
35,Mark,Gibson,mark.gibson35@mailbank.com,264-517-0805x310,1967-12-26,Male,Accountant,55000,494,Sacramento,California,2025-02-28,
36,James,Smith,james.smith36@mailbank.com,+1-219-637-4529x9124,1956-11-16,Female,Retired,55000,377,Tucson,Arizona,2017-04-25,12
37,Barbara,Odonnell,barbara.odonnell37@mailbank.com,219.731.4919,1970-04-02,Male,Teacher,55000,470,Cambridge,Massachusetts,2025-10-21,35
38,Amanda,Stanley,amanda.stanley38@mailbank.com,4676165726,1951-11-15,Female,Chef,28000,468,Savannah,Georgia,2022-09-29,
39,Christina,Gillespie,christina.gillespie39@mailbank.com,001-794-253-1473x799,1994-03-19,Female,Chef,105000,592,Atlanta,Georgia,2020-11-03,
40,Troy,Nguyen,troy.nguyen40@mailbank.com,954-594-8083x136,1976-12-26,Female,Nurse,55000,603,Augusta,Georgia,2019-09-11,
41,Hannah,Brewer,hannah.brewer41@mailbank.com,743-863-4957,1977-03-08,Male,Marketing Manager,75000,358,Miami,Florida,2024-04-04,
42,Wendy,Pierce,wendy.pierce42@mailbank.com,643-313-5182x3374,1968-11-03,Male,Software Engineer,130000,382,Sacramento,California,2020-09-22,
43,Marissa,Phillips,marissa.phillips43@mailbank.com,001-682-940-0842x710,1969-05-21,Male,Business Owner,32000,552,New York City,New York,2019-02-23,
44,Timothy,Peterson,timothy.peterson44@mailbank.com,511.367.1902x2941,2005-08-30,Female,Electrician,165000,835,Aurora,Colorado,2018-08-18,6
45,Angela,Butler,angela.butler45@mailbank.com,001-586-577-4964x990,1983-07-03,Male,Sales Executive,89000,434,Spokane,Washington,2022-06-10,21
46,Joseph,Miller,joseph.miller46@mailbank.com,(606)679-7403,1962-02-15,Male,Software Engineer,105000,402,Springfield,Illinois,2021-09-30,
47,Jacqueline,Gibson,jacqueline.gibson47@mailbank.com,+1-693-661-8324x2102,1988-12-23,Male,Chef,75000,370,Austin,Texas,2025-08-15,
48,Scott,Harrison,scott.harrison48@mailbank.com,288-377-1906x594,1965-12-24,Female,Driver,130000,609,Tampa,Florida,2020-03-11,
49,Jeremy,Craig,jeremy.craig49@mailbank.com,4498027874,1999-05-14,Female,Chef,210000,406,Aurora,Colorado,2022-02-11,
50,Cynthia,Vasquez,cynthia.vasquez50@mailbank.com,651-725-6746x80715,1953-03-17,Male,Sales Executive,62000,515,Albany,New York,2019-08-16,7
51,Darrell,Barton,darrell.barton51@mailbank.com,9879603859,1999-08-18,Female,Student,105000,557,Seattle,Washington,2024-08-04,
52,Kathleen,Harris,kathleen.harris52@mailbank.com,371.509.3248x086,1980-09-08,Female,Software Engineer,28000,641,Los Angeles,California,2025-08-29,
53,Victoria,Durham,victoria.durham53@mailbank.com,(974)484-6773,1975-06-03,Female,Student,28000,414,Albany,New York,2017-03-22,29
54,Patrick,Weeks,patrick.weeks54@mailbank.com,946-458-4044,1978-03-25,Female,Civil Servant,130000,451,Austin,Texas,2025-02-26,
55,Sean,Washington,sean.washington55@mailbank.com,(875)433-9636x0576,1967-09-06,Male,Chef,75000,515,Atlanta,Georgia,2023-12-11,24
56,Tyler,Johnson,tyler.johnson56@mailbank.com,371-987-0262,1977-11-14,Female,Civil Servant,41000,542,Miami,Florida,2022-02-23,
57,Kimberly,Baker,kimberly.baker57@mailbank.com,358-565-7809,1985-02-16,Male,Nurse,75000,721,Buffalo,New York,2020-02-21,
58,Crystal,Mccall,crystal.mccall58@mailbank.com,(411)572-4005x04556,2007-07-31,Male,Business Owner,28000,781,Tampa,Florida,2023-10-11,45
59,Amanda,Knight,amanda.knight59@mailbank.com,996-693-7923,1995-04-15,Female,Doctor,62000,533,Orlando,Florida,2017-10-08,
60,Steve,Estrada,steve.estrada60@mailbank.com,882-917-5946x4743,2001-09-01,Female,Doctor,62000,371,Miami,Florida,2020-11-04,
61,Daniel,James,daniel.james61@mailbank.com,001-740-564-0909x743,1969-04-09,Female,Electrician,130000,639,Springfield,Illinois,2019-01-30,
62,Dana,Oliver,dana.oliver62@mailbank.com,+1-421-504-7095x2145,1988-05-26,Female,Nurse,165000,571,Los Angeles,California,2023-07-05,
63,David,Ryan,david.ryan63@mailbank.com,724-374-5171x236,2006-01-09,Female,Marketing Manager,75000,746,Los Angeles,California,2021-07-12,
64,Krystal,Smith,krystal.smith64@mailbank.com,+1-349-965-1370x9859,1979-12-05,Male,Sales Executive,28000,746,Aurora,Colorado,2020-09-26,58
65,Regina,Turner,regina.turner65@mailbank.com,9477113826,1972-03-25,Male,Electrician,75000,621,San Francisco,California,2017-06-15,
66,Ellen,Paul,ellen.paul66@mailbank.com,001-526-717-9640x537,2004-06-29,Female,Doctor,89000,602,Dallas,Texas,2020-05-13,
67,Cory,Jennings,cory.jennings67@mailbank.com,(706)543-1713x900,1980-05-26,Male,Civil Servant,165000,608,Phoenix,Arizona,2026-03-08,49
68,Vanessa,Buchanan,vanessa.buchanan68@mailbank.com,+1-639-433-5290,1960-01-18,Female,Sales Executive,55000,740,Augusta,Georgia,2024-08-22,
69,Vanessa,Fernandez,vanessa.fernandez69@mailbank.com,6202539502,1995-08-24,Female,Retired,105000,518,Aurora,Colorado,2017-02-22,
70,David,Fisher,david.fisher70@mailbank.com,958.291.7839x084,1954-07-21,Male,Electrician,32000,590,Tucson,Arizona,2016-08-29,
71,Bruce,Mendoza,bruce.mendoza71@mailbank.com,771.815.9212x4998,1971-10-31,Female,Teacher,55000,617,Mesa,Arizona,2023-02-22,
72,Virginia,Schmidt,virginia.schmidt72@mailbank.com,918-836-7365,1974-12-16,Male,Retired,165000,374,Orlando,Florida,2022-04-22,6
73,Robert,Davis,robert.davis73@mailbank.com,(227)711-1161x528,1973-05-04,Male,Marketing Manager,89000,806,Worcester,Massachusetts,2022-12-05,
74,Elizabeth,Jenkins,elizabeth.jenkins74@mailbank.com,(704)794-5198x32731,2000-02-25,Male,Consultant,89000,524,Atlanta,Georgia,2025-10-20,1
75,Danny,Ramirez,danny.ramirez75@mailbank.com,+1-699-680-9402,1961-04-21,Male,Retired,41000,775,Rochester,New York,2020-06-20,32
76,Sandra,Bell,sandra.bell76@mailbank.com,+1-661-720-1836x6752,1958-08-14,Female,Civil Servant,130000,736,Mesa,Arizona,2017-06-28,
77,Kimberly,Bradley,kimberly.bradley77@mailbank.com,(990)814-7679,1952-10-30,Female,Retired,62000,553,Tucson,Arizona,2016-07-19,
78,Joshua,Fischer,joshua.fischer78@mailbank.com,597-484-0369x0034,1954-07-25,Male,Sales Executive,105000,379,Naperville,Illinois,2020-06-23,
79,Kathryn,Roberts,kathryn.roberts79@mailbank.com,(922)368-3885x16060,1954-12-07,Male,Nurse,41000,536,Chicago,Illinois,2021-03-07,41
80,Michelle,Johnston,michelle.johnston80@mailbank.com,(841)860-5297x51613,1982-02-20,Male,Business Owner,89000,638,Augusta,Georgia,2023-05-22,28
81,Alexandria,Foster,alexandria.foster81@mailbank.com,621-581-8835x52312,1966-05-08,Male,Driver,89000,698,Tucson,Arizona,2019-07-15,
82,Glenn,Hernandez,glenn.hernandez82@mailbank.com,001-977-699-7995x527,1993-04-13,Female,Retired,28000,660,Aurora,Colorado,2016-10-13,74
83,Laura,Vargas,laura.vargas83@mailbank.com,970.205.4119x986,1968-11-06,Female,Student,130000,525,Springfield,Illinois,2016-10-09,
84,Shannon,Pacheco,shannon.pacheco84@mailbank.com,982.407.1518x2037,1986-11-05,Male,Business Owner,75000,714,Boston,Massachusetts,2019-05-08,63
85,Michael,Hardin,michael.hardin85@mailbank.com,+1-390-451-5186x4492,1970-12-24,Male,Chef,89000,327,Rochester,New York,2024-01-25,
86,Sabrina,Collins,sabrina.collins86@mailbank.com,(391)848-6528,1987-02-05,Male,Software Engineer,62000,688,San Antonio,Texas,2022-11-23,60
87,William,Smith,william.smith87@mailbank.com,473-832-2141x88805,1966-04-07,Female,Consultant,89000,584,Seattle,Washington,2025-11-27,
88,Eric,White,eric.white88@mailbank.com,(970)565-3794,1989-04-21,Female,Software Engineer,130000,353,Savannah,Georgia,2022-07-04,
89,Amanda,Collins,amanda.collins89@mailbank.com,859.477.4688,1996-04-01,Male,Consultant,28000,553,Seattle,Washington,2020-11-19,
90,Lisa,Solis,lisa.solis90@mailbank.com,+1-475-881-8141x2478,1956-01-15,Male,Nurse,105000,417,Miami,Florida,2018-08-09,
91,Christopher,Lozano,christopher.lozano91@mailbank.com,7605685361,1996-09-26,Female,Consultant,75000,471,Denver,Colorado,2025-03-19,
92,Anthony,Galvan,anthony.galvan92@mailbank.com,(220)347-2779,1998-01-31,Male,Consultant,41000,618,Aurora,Colorado,2022-10-08,
93,Andrew,Lewis,andrew.lewis93@mailbank.com,+1-986-314-3410x369,1956-09-14,Female,Business Owner,55000,377,Houston,Texas,2025-10-16,
94,Daniel,Stein,daniel.stein94@mailbank.com,793.324.6095x39621,1983-07-16,Male,Teacher,62000,423,Aurora,Colorado,2016-03-03,
95,Stephanie,Stephens,stephanie.stephens95@mailbank.com,3677065405,1994-12-02,Female,Electrician,75000,370,Denver,Colorado,2021-04-14,
96,John,Sandoval,john.sandoval96@mailbank.com,001-252-605-8527x722,1953-12-14,Female,Driver,105000,408,Mesa,Arizona,2022-01-22,
97,James,Moody,james.moody97@mailbank.com,386-787-4034x5054,2000-11-18,Female,Marketing Manager,41000,745,Savannah,Georgia,2019-04-15,
98,Samuel,Ross,samuel.ross98@mailbank.com,627-775-8416x16928,1974-02-12,Female,Retired,89000,574,Albany,New York,2025-12-17,
99,Curtis,Murphy,curtis.murphy99@mailbank.com,001-362-875-7059x640,1965-06-21,Male,Sales Executive,105000,549,Seattle,Washington,2020-08-23,
100,Michael,Owen,michael.owen100@mailbank.com,(897)202-1355,1988-07-01,Female,Doctor,28000,806,Cambridge,Massachusetts,2025-12-03,
101,Cassie,Shelton,cassie.shelton101@mailbank.com,001-819-328-5654x310,2004-08-30,Female,Consultant,62000,648,Seattle,Washington,2019-11-16,
102,Jose,Green,jose.green102@mailbank.com,673-612-1727x1551,1974-07-06,Female,Student,28000,829,Naperville,Illinois,2026-05-18,
103,Melissa,Joseph,melissa.joseph103@mailbank.com,(783)913-2370x589,2003-05-17,Female,Student,55000,787,Miami,Florida,2022-08-22,53
104,Linda,Arnold,linda.arnold104@mailbank.com,767-486-6912x5177,1984-06-13,Male,Sales Executive,55000,714,Worcester,Massachusetts,2016-11-23,
105,Natalie,Deleon,natalie.deleon105@mailbank.com,(468)701-8242,1986-02-14,Female,Retired,130000,843,Tampa,Florida,2017-11-23,
106,Sarah,Perez,sarah.perez106@mailbank.com,414-438-4249x8182,2004-08-01,Female,Doctor,105000,577,Spokane,Washington,2021-05-27,
107,Donna,Le,donna.le107@mailbank.com,001-800-210-9439,1984-01-16,Male,Doctor,32000,848,Springfield,Illinois,2024-10-09,93
108,Tyler,Burton,tyler.burton108@mailbank.com,736.447.1027x6773,1965-02-11,Female,Marketing Manager,165000,837,Buffalo,New York,2025-12-18,62
109,Larry,Higgins,larry.higgins109@mailbank.com,(425)388-1537x1473,1991-10-14,Male,Sales Executive,55000,669,Boulder,Colorado,2024-12-18,
110,Brent,Dougherty,brent.dougherty110@mailbank.com,(959)653-2787,1999-08-02,Male,Sales Executive,28000,355,Albany,New York,2020-05-09,69
111,Tyler,Davis,tyler.davis111@mailbank.com,939.650.0479,1971-04-30,Male,Electrician,105000,405,Tucson,Arizona,2020-10-05,
112,Amanda,Boone,amanda.boone112@mailbank.com,001-356-850-6098x358,1973-08-03,Female,Doctor,41000,352,San Diego,California,2025-03-10,
113,William,Duran,william.duran113@mailbank.com,+1-891-221-6558x5239,1964-07-08,Female,Retired,32000,354,Springfield,Illinois,2026-04-20,9
114,Brandon,Taylor,brandon.taylor114@mailbank.com,729.982.5952x694,1967-09-19,Female,Teacher,55000,421,Buffalo,New York,2020-12-07,
115,Jeanne,Evans,jeanne.evans115@mailbank.com,+1-916-494-0974x9930,1996-09-05,Male,Consultant,130000,689,Tucson,Arizona,2019-11-02,
116,Alexandria,Griffith,alexandria.griffith116@mailbank.com,+1-930-291-3075x6263,1994-03-18,Female,Sales Executive,165000,361,Worcester,Massachusetts,2019-12-17,
117,Janice,Stone,janice.stone117@mailbank.com,586.552.7858x5497,1981-05-21,Male,Electrician,55000,570,Aurora,Colorado,2026-05-24,98
118,Joshua,Evans,joshua.evans118@mailbank.com,001-843-775-7584x419,2004-03-22,Male,Nurse,28000,718,Austin,Texas,2026-03-25,71
119,Stephanie,Ballard,stephanie.ballard119@mailbank.com,001-415-374-7338x484,1965-02-28,Female,Software Engineer,55000,595,Cambridge,Massachusetts,2018-12-30,
120,Christina,Matthews,christina.matthews120@mailbank.com,933.901.6571x20826,1962-04-13,Male,Electrician,55000,570,Naperville,Illinois,2022-12-23,
121,Debra,Avila,debra.avila121@mailbank.com,2198380262,1964-12-19,Male,Business Owner,32000,530,Aurora,Colorado,2018-12-21,
122,Kristin,Lopez,kristin.lopez122@mailbank.com,400-949-9154x7887,1992-09-03,Male,Software Engineer,41000,614,Albany,New York,2025-01-31,
123,Joshua,Lamb,joshua.lamb123@mailbank.com,+1-742-305-4932x9668,1967-07-29,Female,Retired,32000,779,Aurora,Colorado,2023-08-13,
124,Richard,Davis,richard.davis124@mailbank.com,204.663.7454,2006-08-20,Female,Student,130000,805,Naperville,Illinois,2020-12-21,
125,Desiree,Schwartz,desiree.schwartz125@mailbank.com,426-984-1459x3327,1951-06-18,Female,Marketing Manager,75000,556,Boston,Massachusetts,2017-03-25,
126,Julie,Obrien,julie.obrien126@mailbank.com,283.539.1878x5191,1972-09-07,Male,Consultant,210000,575,Los Angeles,California,2021-09-20,87
127,Ashley,Hernandez,ashley.hernandez127@mailbank.com,439-871-8707,1967-06-03,Male,Retired,130000,752,Denver,Colorado,2021-06-02,
128,Stephen,Brown,stephen.brown128@mailbank.com,001-206-340-3910x651,1975-06-24,Female,Electrician,105000,393,Chicago,Illinois,2024-05-27,
129,Valerie,Kennedy,valerie.kennedy129@mailbank.com,(465)767-6618,1964-12-16,Female,Electrician,32000,464,Worcester,Massachusetts,2017-11-15,
130,David,Haney,david.haney130@mailbank.com,500.547.8686,1971-04-26,Female,Electrician,89000,337,Spokane,Washington,2017-04-29,
131,Steven,Moore,steven.moore131@mailbank.com,001-210-569-0331x190,1959-01-16,Female,Teacher,89000,826,Boston,Massachusetts,2025-02-11,
132,Joy,Morales,joy.morales132@mailbank.com,001-502-884-3959x953,1961-10-17,Male,Student,75000,810,Sacramento,California,2018-04-06,
133,Kevin,Brown,kevin.brown133@mailbank.com,(868)870-5685,2004-08-23,Female,Retired,105000,424,Boston,Massachusetts,2025-02-28,34
134,Edward,Bennett,edward.bennett134@mailbank.com,442.870.8668,1992-12-31,Female,Student,28000,717,San Francisco,California,2020-12-06,
135,John,Harris,john.harris135@mailbank.com,(518)930-4699x013,1986-07-15,Male,Retired,32000,457,Austin,Texas,2025-08-09,
136,Jason,Meadows,jason.meadows136@mailbank.com,731.673.9363,1965-12-04,Female,Business Owner,105000,783,Cambridge,Massachusetts,2025-06-19,
137,Oscar,Ferguson,oscar.ferguson137@mailbank.com,277.617.5355x60932,1969-04-16,Female,Accountant,165000,820,Jacksonville,Florida,2018-09-21,
138,Angela,Silva,angela.silva138@mailbank.com,653.969.3785,1990-12-08,Female,Chef,130000,573,New York City,New York,2019-01-27,107
139,Tammy,May,tammy.may139@mailbank.com,(222)887-2808x010,1977-03-03,Female,Driver,41000,757,San Diego,California,2017-10-01,
140,Derrick,Mccoy,derrick.mccoy140@mailbank.com,287.250.9977,1951-10-24,Female,Retired,75000,493,Tucson,Arizona,2017-07-28,
141,Amanda,Jenkins,amanda.jenkins141@mailbank.com,+1-440-586-2118,1948-09-26,Male,Doctor,105000,690,Jacksonville,Florida,2023-07-10,106
142,James,Fox,james.fox142@mailbank.com,(815)867-9334x1016,1996-08-24,Male,Retired,28000,429,Augusta,Georgia,2018-10-13,
143,Angela,Brown,angela.brown143@mailbank.com,365.691.8033x9740,1948-04-20,Male,Driver,105000,402,Mesa,Arizona,2017-10-13,
144,Rachel,Elliott,rachel.elliott144@mailbank.com,703-892-6142x93968,1949-09-16,Female,Driver,210000,458,Tucson,Arizona,2025-09-03,37
145,Karla,Taylor,karla.taylor145@mailbank.com,650.916.3159x99650,2007-01-16,Female,Doctor,165000,707,San Antonio,Texas,2023-07-17,
146,Tracy,Kelly,tracy.kelly146@mailbank.com,+1-796-719-4311x4262,2004-03-15,Female,Doctor,210000,799,Dallas,Texas,2020-06-30,
147,Daniel,Smith,daniel.smith147@mailbank.com,212-312-6788x861,1966-03-25,Male,Electrician,210000,594,Phoenix,Arizona,2019-10-01,
148,Michael,Davis,michael.davis148@mailbank.com,(404)666-1839x8262,1983-08-14,Male,Consultant,210000,402,Miami,Florida,2019-05-19,
149,Kevin,Snyder,kevin.snyder149@mailbank.com,(647)215-4379x93712,1951-07-13,Male,Software Engineer,75000,357,Boston,Massachusetts,2020-07-11,
150,Stacy,Cook,stacy.cook150@mailbank.com,775-669-2459x37526,1984-12-11,Male,Accountant,130000,721,Springfield,Illinois,2024-05-16,
151,Jessica,Chen,jessica.chen151@mailbank.com,564-965-1939x82807,2005-10-19,Male,Nurse,32000,691,Aurora,Colorado,2024-02-22,
152,Lauren,Guerra,lauren.guerra152@mailbank.com,(872)843-4266x17979,1951-11-19,Male,Accountant,105000,560,Aurora,Colorado,2024-10-29,150
153,Amy,Gibbs,amy.gibbs153@mailbank.com,+1-891-713-5290,1969-04-22,Female,Chef,62000,461,Worcester,Massachusetts,2025-04-29,
154,Tammy,Jordan,tammy.jordan154@mailbank.com,288.999.3756x79825,1948-05-14,Female,Electrician,89000,556,San Antonio,Texas,2018-09-11,
155,Dan,Perry,dan.perry155@mailbank.com,001-925-745-7387x571,2005-06-09,Female,Teacher,55000,690,Worcester,Massachusetts,2017-03-17,99
156,Carlos,Williams,carlos.williams156@mailbank.com,412-438-2825x86736,1990-05-19,Female,Software Engineer,210000,705,Boulder,Colorado,2016-03-26,
157,Danielle,Reynolds,danielle.reynolds157@mailbank.com,379.366.0334,1949-06-26,Male,Chef,165000,808,Chicago,Illinois,2022-05-25,
158,Lauren,Herrera,lauren.herrera158@mailbank.com,347-785-9696,1969-09-06,Female,Accountant,210000,494,Chicago,Illinois,2018-01-19,
159,Michael,Ellis,michael.ellis159@mailbank.com,899-812-5134x1252,1958-01-31,Male,Electrician,32000,340,Boulder,Colorado,2023-01-06,
160,Candace,Andrews,candace.andrews160@mailbank.com,+1-928-227-4225,1973-02-11,Male,Teacher,62000,634,Springfield,Illinois,2021-01-25,94
161,Michelle,Crane,michelle.crane161@mailbank.com,(588)676-7677x2190,1976-10-23,Female,Student,130000,579,Atlanta,Georgia,2018-01-12,139
162,Antonio,Walker,antonio.walker162@mailbank.com,001-778-281-9148,1965-01-20,Female,Consultant,62000,646,Albany,New York,2024-02-17,
163,Kathleen,Alexander,kathleen.alexander163@mailbank.com,001-734-807-4517x133,1960-11-05,Male,Consultant,55000,706,San Antonio,Texas,2020-06-05,
164,Gabriel,Taylor,gabriel.taylor164@mailbank.com,6956849825,1960-02-18,Male,Sales Executive,130000,426,Tucson,Arizona,2018-02-26,102
165,Ashley,Farley,ashley.farley165@mailbank.com,726-504-2232,1978-08-07,Female,Civil Servant,89000,680,Worcester,Massachusetts,2025-05-17,
166,Kathleen,Lowe,kathleen.lowe166@mailbank.com,766-271-1684x577,1977-02-06,Female,Chef,165000,526,Austin,Texas,2022-01-05,
167,Misty,Boone,misty.boone167@mailbank.com,+1-451-986-3637x4545,1953-04-28,Female,Electrician,89000,419,San Antonio,Texas,2026-02-15,
168,Kristina,Shannon,kristina.shannon168@mailbank.com,+1-670-312-7706x3242,1993-06-20,Female,Retired,32000,399,New York City,New York,2016-06-23,
169,Diamond,Wright,diamond.wright169@mailbank.com,(506)943-6110,1970-01-16,Female,Electrician,130000,729,Orlando,Florida,2025-05-31,
170,Christian,Wheeler,christian.wheeler170@mailbank.com,3513627136,1978-11-25,Female,Electrician,32000,801,Aurora,Colorado,2020-08-20,
171,Dakota,Richardson,dakota.richardson171@mailbank.com,001-922-518-9092x753,1965-09-09,Female,Software Engineer,75000,522,Boulder,Colorado,2019-12-26,
172,Christopher,Garcia,christopher.garcia172@mailbank.com,(656)252-3413x8999,1992-11-17,Female,Teacher,210000,676,Worcester,Massachusetts,2022-02-20,
173,Melanie,Barrett,melanie.barrett173@mailbank.com,236.740.3761x37918,1965-10-31,Female,Sales Executive,55000,425,Mesa,Arizona,2021-05-23,
174,Sarah,Anderson,sarah.anderson174@mailbank.com,(282)871-0910x430,1999-05-20,Male,Software Engineer,75000,549,Boston,Massachusetts,2021-12-02,
175,William,Fuller,william.fuller175@mailbank.com,001-561-488-9241x418,1977-10-18,Male,Civil Servant,55000,538,Buffalo,New York,2020-04-29,142
176,Amanda,Myers,amanda.myers176@mailbank.com,+1-614-463-0316x1799,1985-10-16,Male,Sales Executive,41000,433,Seattle,Washington,2024-09-09,
177,David,Zimmerman,david.zimmerman177@mailbank.com,(688)342-5241x056,1989-10-28,Male,Electrician,28000,434,Tucson,Arizona,2017-09-15,
178,Jose,Proctor,jose.proctor178@mailbank.com,250.279.2524x19138,1985-05-21,Male,Civil Servant,75000,316,San Diego,California,2021-03-02,
179,Michele,Smith,michele.smith179@mailbank.com,(720)686-3536,1950-06-29,Male,Marketing Manager,32000,787,Albany,New York,2019-10-16,108
180,Margaret,Duncan,margaret.duncan180@mailbank.com,6237806174,1954-11-24,Male,Retired,130000,526,Worcester,Massachusetts,2023-01-05,
181,Christopher,Bryant,christopher.bryant181@mailbank.com,293-575-9738x3206,1969-11-13,Female,Retired,210000,331,Denver,Colorado,2019-01-14,
182,Amber,Fields,amber.fields182@mailbank.com,206-541-3836x70241,1989-05-05,Female,Electrician,32000,802,Sacramento,California,2016-02-06,
183,Phyllis,Meyer,phyllis.meyer183@mailbank.com,001-519-618-2619x906,1989-10-14,Female,Civil Servant,41000,367,Boston,Massachusetts,2019-11-17,
184,Jose,Edwards,jose.edwards184@mailbank.com,001-455-974-3132x912,1995-10-13,Female,Business Owner,165000,843,Albany,New York,2023-04-19,
185,Steven,Russell,steven.russell185@mailbank.com,274.574.1124,1979-11-21,Female,Teacher,32000,520,Springfield,Illinois,2026-01-17,
186,Mary,Murphy,mary.murphy186@mailbank.com,(568)304-4206x788,1953-03-16,Female,Doctor,105000,708,Savannah,Georgia,2018-08-02,
187,Steven,Lara,steven.lara187@mailbank.com,001-932-436-5199x410,1956-02-14,Female,Electrician,62000,683,Augusta,Georgia,2016-02-15,110
188,Christopher,Boone,christopher.boone188@mailbank.com,502.496.6706x625,1996-04-07,Male,Business Owner,32000,681,Rochester,New York,2017-04-11,22
189,Joshua,Griffin,joshua.griffin189@mailbank.com,+1-834-576-8701x462,1956-08-26,Female,Electrician,32000,720,New York City,New York,2022-05-25,
190,Dawn,Robles,dawn.robles190@mailbank.com,+1-706-857-8759,1962-09-07,Female,Driver,28000,594,Tacoma,Washington,2026-05-09,
191,Joseph,Johnson,joseph.johnson191@mailbank.com,001-240-578-5932x133,1983-07-24,Male,Nurse,210000,793,Boulder,Colorado,2016-04-21,
192,Barbara,Mcgrath,barbara.mcgrath192@mailbank.com,(423)595-5905,1971-01-15,Female,Teacher,62000,531,Miami,Florida,2025-09-27,
193,Mary,Cochran,mary.cochran193@mailbank.com,(970)210-3930,2005-12-16,Male,Civil Servant,210000,573,Augusta,Georgia,2021-08-24,
194,Martin,Mendez,martin.mendez194@mailbank.com,(750)302-9218,1996-02-14,Female,Doctor,28000,485,San Francisco,California,2019-07-20,80
195,Nathaniel,Mcmahon,nathaniel.mcmahon195@mailbank.com,452-826-7528x9539,1971-06-21,Male,Teacher,130000,520,Rochester,New York,2017-01-19,190
196,Kurt,Barker,kurt.barker196@mailbank.com,001-996-490-2959x391,1955-05-17,Male,Doctor,62000,632,Savannah,Georgia,2023-08-04,
197,Mark,Miller,mark.miller197@mailbank.com,+1-215-870-4331x5410,1968-07-17,Male,Nurse,165000,350,Aurora,Colorado,2019-04-30,14
198,Samuel,Barnes,samuel.barnes198@mailbank.com,(258)761-7932x7104,1957-09-18,Female,Retired,165000,752,Dallas,Texas,2020-04-23,
199,Jose,Garcia,jose.garcia199@mailbank.com,(818)415-9970,1968-03-29,Male,Doctor,89000,413,Savannah,Georgia,2025-03-31,132
200,Catherine,Hamilton,catherine.hamilton200@mailbank.com,268.884.4431,1950-12-12,Female,Student,210000,615,Naperville,Illinois,2019-06-13,
201,Ashley,Larsen,ashley.larsen201@mailbank.com,(614)897-3103x24171,1956-12-12,Male,Software Engineer,55000,608,San Francisco,California,2019-10-04,
202,Thomas,Jacobson,thomas.jacobson202@mailbank.com,(625)265-2704x7743,1963-08-20,Female,Doctor,32000,307,Orlando,Florida,2022-09-07,
203,Edward,Horton,edward.horton203@mailbank.com,+1-969-538-0686,1953-07-15,Male,Business Owner,130000,535,Cambridge,Massachusetts,2022-12-16,
204,Thomas,Miller,thomas.miller204@mailbank.com,898.399.2172x23320,2001-11-25,Female,Teacher,89000,343,Mesa,Arizona,2023-06-10,
205,Vanessa,Graham,vanessa.graham205@mailbank.com,+1-945-211-6868x548,2007-07-28,Male,Driver,75000,739,Atlanta,Georgia,2022-07-13,
206,Kristin,Dean,kristin.dean206@mailbank.com,(622)899-9119x14856,1979-02-01,Female,Sales Executive,32000,714,Boulder,Colorado,2020-05-15,
207,Diana,Armstrong,diana.armstrong207@mailbank.com,(229)796-0653x0745,1976-02-12,Female,Driver,75000,390,San Diego,California,2017-10-17,159
208,Lisa,Turner,lisa.turner208@mailbank.com,001-913-524-7546x913,1964-07-21,Female,Student,32000,705,Atlanta,Georgia,2021-02-13,151
209,Robin,Russell,robin.russell209@mailbank.com,(408)521-4862x890,1976-10-19,Female,Consultant,41000,378,Naperville,Illinois,2021-05-18,
210,Nancy,Gonzalez,nancy.gonzalez210@mailbank.com,2535457861,1951-03-11,Male,Chef,75000,659,Mesa,Arizona,2016-05-05,131
211,Nathan,Wheeler,nathan.wheeler211@mailbank.com,001-885-252-4140,1958-05-22,Male,Nurse,165000,456,Buffalo,New York,2025-01-24,66
212,Frank,Armstrong,frank.armstrong212@mailbank.com,+1-533-646-8007x2290,2005-08-18,Female,Retired,165000,759,Austin,Texas,2024-12-04,
213,Charlene,Hahn,charlene.hahn213@mailbank.com,366-257-4374x896,1990-07-01,Female,Driver,210000,623,Aurora,Colorado,2023-05-22,
214,William,Bates,william.bates214@mailbank.com,+1-699-544-1715x4544,1998-05-01,Female,Consultant,62000,357,Rochester,New York,2019-11-24,114
215,Edward,Cannon,edward.cannon215@mailbank.com,+1-565-720-7446x660,2001-09-18,Female,Software Engineer,28000,677,Tacoma,Washington,2024-05-21,119
216,Jessica,Walker,jessica.walker216@mailbank.com,+1-758-342-8241x7248,1979-10-24,Male,Civil Servant,165000,819,Chicago,Illinois,2024-03-04,
217,Jeffrey,Walker,jeffrey.walker217@mailbank.com,554-394-7170x99917,2000-01-08,Male,Retired,165000,492,Savannah,Georgia,2020-05-18,
218,Mikayla,James,mikayla.james218@mailbank.com,(423)356-9725,1965-08-20,Male,Software Engineer,105000,405,Tacoma,Washington,2016-07-24,
219,Tony,Welch,tony.welch219@mailbank.com,4748329271,1958-05-06,Male,Software Engineer,55000,748,Tacoma,Washington,2022-08-10,166
220,Cynthia,Powell,cynthia.powell220@mailbank.com,2835505830,2005-08-27,Male,Doctor,75000,589,Cambridge,Massachusetts,2019-12-29,
221,Jeremy,Wiley,jeremy.wiley221@mailbank.com,494.721.0447x89856,1966-06-17,Male,Consultant,210000,642,Savannah,Georgia,2017-01-25,
222,Wendy,Henry,wendy.henry222@mailbank.com,(803)632-3098x2150,1992-09-27,Female,Sales Executive,62000,453,Dallas,Texas,2017-09-19,174
223,Kelsey,Dean,kelsey.dean223@mailbank.com,600-916-7618,1983-05-15,Male,Chef,75000,617,Seattle,Washington,2016-07-01,
224,Jacqueline,Harris,jacqueline.harris224@mailbank.com,(318)949-9261x89141,1988-11-16,Male,Sales Executive,130000,685,Atlanta,Georgia,2016-02-05,
225,James,Gonzalez,james.gonzalez225@mailbank.com,956.742.0873,1963-07-07,Male,Electrician,210000,733,Seattle,Washington,2021-06-13,
226,Jimmy,Smith,jimmy.smith226@mailbank.com,001-972-618-1143,1953-01-27,Male,Accountant,75000,797,Tucson,Arizona,2017-02-24,80
227,Joseph,Williams,joseph.williams227@mailbank.com,655-361-1002x2557,1996-07-10,Male,Teacher,62000,403,Orlando,Florida,2025-02-07,
228,Nathan,Cooper,nathan.cooper228@mailbank.com,946.976.2120x216,1954-07-25,Male,Electrician,75000,434,Mesa,Arizona,2020-03-02,
229,Howard,James,howard.james229@mailbank.com,+1-527-771-6701x4508,1969-04-01,Male,Marketing Manager,105000,344,Boulder,Colorado,2016-04-19,47
230,April,Watts,april.watts230@mailbank.com,001-937-456-2890x028,1984-10-29,Male,Retired,165000,591,Savannah,Georgia,2020-07-04,
231,Charles,Vasquez,charles.vasquez231@mailbank.com,9839866317,1962-03-10,Female,Consultant,105000,498,Boston,Massachusetts,2026-02-07,
232,Christopher,Jimenez,christopher.jimenez232@mailbank.com,001-501-966-0880x199,1966-09-12,Female,Retired,62000,691,Tacoma,Washington,2026-03-19,
233,Stephanie,Cox,stephanie.cox233@mailbank.com,758.799.7571x130,1950-12-28,Male,Driver,55000,441,Mesa,Arizona,2018-04-27,
234,Maria,Brandt,maria.brandt234@mailbank.com,001-310-827-2614x933,1965-04-02,Female,Student,32000,828,Chicago,Illinois,2021-06-08,
235,Jason,Summers,jason.summers235@mailbank.com,001-860-991-7798x270,1959-03-03,Female,Retired,130000,450,Dallas,Texas,2019-07-09,42
236,Sandra,Norman,sandra.norman236@mailbank.com,(821)569-9586,2002-05-06,Male,Driver,105000,657,Atlanta,Georgia,2023-03-16,
237,Joshua,Stuart,joshua.stuart237@mailbank.com,(526)598-4858,2005-12-18,Female,Accountant,89000,383,Sacramento,California,2020-09-18,129
238,Jason,Klein,jason.klein238@mailbank.com,(828)685-1587,1988-12-06,Female,Consultant,41000,440,Seattle,Washington,2025-08-05,26
239,Natalie,Henderson,natalie.henderson239@mailbank.com,(220)703-4244x2043,1948-07-01,Female,Marketing Manager,41000,780,San Diego,California,2017-02-09,
240,Lisa,Garcia,lisa.garcia240@mailbank.com,886.738.4066,1999-10-25,Male,Sales Executive,55000,453,Cambridge,Massachusetts,2023-09-14,21
241,Tammy,Brown,tammy.brown241@mailbank.com,001-473-359-8933x472,1992-05-09,Female,Teacher,62000,543,Mesa,Arizona,2018-02-11,
242,Nicholas,Patterson,nicholas.patterson242@mailbank.com,001-240-657-2025,1981-02-16,Female,Teacher,32000,811,Chicago,Illinois,2017-05-09,108
243,Tracy,Armstrong,tracy.armstrong243@mailbank.com,583-528-1826x88615,1969-03-21,Male,Marketing Manager,41000,598,Aurora,Colorado,2024-03-01,132
244,Elizabeth,Rivera,elizabeth.rivera244@mailbank.com,+1-287-780-1573x993,1965-05-07,Male,Civil Servant,89000,491,Atlanta,Georgia,2025-11-23,
245,Patrick,Hogan,patrick.hogan245@mailbank.com,001-340-385-8877x043,1954-07-15,Male,Business Owner,105000,344,Dallas,Texas,2018-09-03,135
246,Gary,Huber,gary.huber246@mailbank.com,433-261-3861,1980-01-05,Female,Consultant,32000,653,Savannah,Georgia,2016-01-28,5
247,Stephen,Rivera,stephen.rivera247@mailbank.com,281-893-4667x665,1952-12-26,Female,Nurse,28000,660,Miami,Florida,2016-07-25,
248,Emily,Nichols,emily.nichols248@mailbank.com,001-890-215-8144x914,1986-03-21,Male,Driver,210000,775,Tucson,Arizona,2022-06-10,
249,Thomas,Ferguson,thomas.ferguson249@mailbank.com,+1-342-245-0882,1955-12-01,Male,Marketing Manager,105000,337,Cambridge,Massachusetts,2020-01-27,35
250,Adam,Carlson,adam.carlson250@mailbank.com,335-436-8222x3943,1979-12-18,Male,Doctor,62000,827,Chicago,Illinois,2025-11-11,52
251,Emily,Bradley,emily.bradley251@mailbank.com,+1-978-714-1413,1950-12-30,Male,Consultant,210000,495,Augusta,Georgia,2023-10-27,
252,Michael,Lambert,michael.lambert252@mailbank.com,435-777-5949,1961-10-21,Male,Driver,210000,639,Springfield,Illinois,2018-12-20,
253,Lindsey,Benjamin,lindsey.benjamin253@mailbank.com,764.652.5777,1957-11-07,Female,Chef,89000,750,Chicago,Illinois,2019-04-06,
254,Tony,Rodriguez,tony.rodriguez254@mailbank.com,828-534-1108x099,1986-06-20,Female,Marketing Manager,105000,676,Savannah,Georgia,2016-11-07,
255,Rebecca,Arnold,rebecca.arnold255@mailbank.com,725.263.9427x8816,1980-05-05,Female,Teacher,89000,484,Tucson,Arizona,2026-05-27,
256,Elaine,Charles,elaine.charles256@mailbank.com,(982)772-2992,1996-02-16,Male,Doctor,210000,602,Tucson,Arizona,2022-05-24,
257,Billy,Juarez,billy.juarez257@mailbank.com,203.785.6770,1961-08-21,Female,Nurse,105000,659,Springfield,Illinois,2018-10-02,
258,Dakota,Schmitt,dakota.schmitt258@mailbank.com,001-849-589-2665x918,1985-09-30,Female,Civil Servant,89000,581,Boston,Massachusetts,2018-11-06,
259,Zachary,Gomez,zachary.gomez259@mailbank.com,490.482.7231x8432,1999-10-19,Female,Doctor,130000,463,Los Angeles,California,2021-01-26,
260,Michael,Love,michael.love260@mailbank.com,417-477-3926x03029,1954-11-01,Female,Software Engineer,41000,368,San Francisco,California,2018-05-26,
261,Crystal,Williams,crystal.williams261@mailbank.com,928-969-9041x379,1982-01-26,Male,Civil Servant,41000,760,Tampa,Florida,2016-07-31,
262,George,Greer,george.greer262@mailbank.com,001-429-384-2579x913,1983-10-14,Male,Civil Servant,41000,842,Spokane,Washington,2024-04-10,
263,Allen,Mills,allen.mills263@mailbank.com,(391)327-9908,2002-04-18,Female,Accountant,32000,326,Spokane,Washington,2023-02-16,
264,Timothy,Anderson,timothy.anderson264@mailbank.com,001-368-865-0863x765,1983-12-11,Male,Sales Executive,62000,756,Rochester,New York,2024-08-13,
265,Dennis,Woods,dennis.woods265@mailbank.com,898-564-3009x8180,1961-09-07,Female,Accountant,32000,438,Tampa,Florida,2024-12-11,
266,Gwendolyn,Stewart,gwendolyn.stewart266@mailbank.com,+1-994-448-6959x4636,1969-06-21,Male,Consultant,210000,627,San Antonio,Texas,2017-08-11,228
267,Mitchell,Peters,mitchell.peters267@mailbank.com,(262)413-7213x865,1962-12-17,Female,Driver,41000,478,Tacoma,Washington,2019-03-12,149
268,Paul,Fields,paul.fields268@mailbank.com,696.211.4351x9066,1995-12-30,Male,Accountant,105000,326,Tacoma,Washington,2024-07-28,103
269,Sonya,Wilkins,sonya.wilkins269@mailbank.com,484.230.9883,1986-02-24,Female,Consultant,130000,432,Tacoma,Washington,2020-07-27,
270,Michael,Pena,michael.pena270@mailbank.com,665-766-9380x118,2006-04-10,Female,Student,89000,719,Denver,Colorado,2016-11-26,204
271,Michael,Ochoa,michael.ochoa271@mailbank.com,669.704.2681x818,1961-04-24,Male,Retired,105000,829,Denver,Colorado,2026-01-11,163
272,Stacey,Pratt,stacey.pratt272@mailbank.com,001-947-269-7357,2005-02-19,Male,Consultant,41000,743,Seattle,Washington,2025-02-14,
273,Timothy,Scott,timothy.scott273@mailbank.com,535.665.8804,1970-09-11,Male,Sales Executive,41000,465,Phoenix,Arizona,2024-03-19,
274,Christopher,Nunez,christopher.nunez274@mailbank.com,(975)553-9423,1996-12-30,Female,Driver,32000,556,Tacoma,Washington,2016-10-16,266
275,Jimmy,Allen,jimmy.allen275@mailbank.com,295.221.1179,1963-08-29,Male,Student,210000,472,Tampa,Florida,2018-05-21,156
276,Melanie,Watson,melanie.watson276@mailbank.com,001-447-228-4639,1966-08-29,Male,Driver,28000,383,Aurora,Colorado,2025-05-09,173
277,Alicia,Henderson,alicia.henderson277@mailbank.com,(362)771-8750x036,2004-02-11,Female,Civil Servant,210000,331,San Diego,California,2016-05-03,
278,Michael,Hensley,michael.hensley278@mailbank.com,879-655-2763x655,1958-12-18,Female,Retired,55000,715,Cambridge,Massachusetts,2018-09-26,
279,Shannon,Duncan,shannon.duncan279@mailbank.com,943-286-6322,2006-06-28,Male,Retired,89000,795,Springfield,Illinois,2023-02-22,31
280,Gregory,Porter,gregory.porter280@mailbank.com,685.974.4890x61203,2007-06-20,Male,Doctor,75000,653,Boston,Massachusetts,2024-11-05,
281,Mary,Davis,mary.davis281@mailbank.com,(488)645-0615x939,1992-05-29,Male,Doctor,55000,777,Atlanta,Georgia,2018-09-15,
282,Michael,Nunez,michael.nunez282@mailbank.com,869-347-2256,1976-12-25,Male,Teacher,28000,597,Dallas,Texas,2023-09-02,
283,Christian,Cooper,christian.cooper283@mailbank.com,001-449-264-7598x762,1966-07-17,Male,Driver,75000,620,Augusta,Georgia,2022-10-20,
284,David,Young,david.young284@mailbank.com,001-313-326-1117x800,1962-10-31,Female,Retired,62000,809,Orlando,Florida,2023-09-30,
285,Jose,Moore,jose.moore285@mailbank.com,933-947-2282x0055,1987-01-09,Female,Accountant,55000,661,Los Angeles,California,2025-03-22,
286,Theresa,Fernandez,theresa.fernandez286@mailbank.com,001-982-599-7968x845,1964-01-29,Female,Sales Executive,130000,308,Los Angeles,California,2020-08-19,
287,Linda,Ramos,linda.ramos287@mailbank.com,200-882-5478x0774,1969-09-06,Female,Consultant,89000,674,San Antonio,Texas,2018-09-15,136
288,Lauren,Harper,lauren.harper288@mailbank.com,568.666.3266,1995-07-17,Female,Student,62000,375,Sacramento,California,2021-09-16,100
289,Christian,Garrett,christian.garrett289@mailbank.com,+1-944-984-6312x241,1978-09-24,Female,Driver,165000,421,Augusta,Georgia,2024-05-01,
290,Joseph,Dean,joseph.dean290@mailbank.com,2805214427,1959-01-01,Female,Student,75000,447,New York City,New York,2016-03-14,
291,Christopher,Smith,christopher.smith291@mailbank.com,457.505.1204x6187,1960-10-06,Male,Software Engineer,41000,641,Jacksonville,Florida,2020-05-17,
292,Paula,Wright,paula.wright292@mailbank.com,001-736-473-0371x837,1970-08-18,Male,Doctor,165000,626,Cambridge,Massachusetts,2016-02-17,
293,Crystal,Williams,crystal.williams293@mailbank.com,474-635-0313x650,2003-12-24,Female,Civil Servant,75000,819,Rochester,New York,2021-06-04,
294,Brenda,Foster,brenda.foster294@mailbank.com,001-379-725-1327,1962-04-27,Female,Retired,28000,677,Mesa,Arizona,2026-02-02,
295,Sarah,Shea,sarah.shea295@mailbank.com,+1-828-712-7358x5730,1985-03-29,Female,Consultant,210000,327,Tacoma,Washington,2016-08-15,214
296,Jennifer,King,jennifer.king296@mailbank.com,+1-748-973-9285,1950-02-07,Male,Civil Servant,105000,474,Boulder,Colorado,2023-05-12,117
297,Joshua,Guerra,joshua.guerra297@mailbank.com,282-874-4857,2002-08-08,Female,Nurse,210000,548,Mesa,Arizona,2021-10-10,
298,Jessica,Andrade,jessica.andrade298@mailbank.com,+1-635-718-6387x829,1984-12-01,Female,Business Owner,41000,722,Los Angeles,California,2019-10-16,226
299,Robert,Morris,robert.morris299@mailbank.com,2228031731,1953-07-05,Female,Driver,28000,441,Jacksonville,Florida,2022-11-11,
300,Diane,Fox,diane.fox300@mailbank.com,(839)710-3717x058,1989-10-24,Female,Student,89000,621,Phoenix,Arizona,2018-08-31,
301,Laura,Brown,laura.brown301@mailbank.com,001-514-413-8113x863,1984-10-01,Female,Student,75000,570,Rochester,New York,2021-07-05,
302,Angela,Grant,angela.grant302@mailbank.com,001-757-461-2286,1992-07-01,Female,Student,62000,530,Boulder,Colorado,2023-12-24,127
303,Amanda,Greene,amanda.greene303@mailbank.com,+1-555-866-5939,2003-09-30,Female,Doctor,105000,657,Springfield,Illinois,2025-05-26,
304,Katie,Howe,katie.howe304@mailbank.com,560.504.9082x404,1962-12-24,Female,Chef,89000,653,Mesa,Arizona,2026-01-06,63
305,Melissa,Smith,melissa.smith305@mailbank.com,488-689-9210x752,1997-01-18,Female,Chef,105000,562,Albany,New York,2023-03-08,41
306,Michael,Perkins,michael.perkins306@mailbank.com,996-393-1572,1961-09-18,Female,Chef,130000,578,Boston,Massachusetts,2024-06-12,276
307,Caitlin,Evans,caitlin.evans307@mailbank.com,205-856-6139,1991-08-01,Male,Accountant,28000,843,New York City,New York,2022-01-01,
308,Brian,Warren,brian.warren308@mailbank.com,883-420-6799x81364,1966-11-22,Female,Marketing Manager,105000,402,Orlando,Florida,2021-11-18,212
309,David,Miller,david.miller309@mailbank.com,(541)568-6227x8376,1982-01-08,Male,Business Owner,210000,787,New York City,New York,2016-07-06,
310,John,Adams,john.adams310@mailbank.com,001-711-266-5535,1973-07-15,Female,Sales Executive,210000,360,Cambridge,Massachusetts,2023-02-17,148
311,Kayla,Jackson,kayla.jackson311@mailbank.com,592.470.3352x110,1968-09-19,Male,Chef,41000,727,Austin,Texas,2024-07-22,
312,Misty,Wilkins,misty.wilkins312@mailbank.com,547-670-5383,1948-07-22,Female,Consultant,105000,490,New York City,New York,2023-03-24,
313,Ana,Dean,ana.dean313@mailbank.com,+1-906-298-0420x4394,2007-04-10,Male,Chef,75000,591,Chicago,Illinois,2023-03-29,291
314,Carl,Guerrero,carl.guerrero314@mailbank.com,(310)446-3681x579,1987-07-07,Female,Chef,41000,816,Cambridge,Massachusetts,2025-07-04,
315,James,Rasmussen,james.rasmussen315@mailbank.com,7387457620,1981-05-17,Female,Nurse,105000,563,Worcester,Massachusetts,2023-06-03,58
316,Michael,Turner,michael.turner316@mailbank.com,304-860-8432x562,2007-06-30,Female,Civil Servant,210000,497,New York City,New York,2026-03-11,
317,Abigail,Gregory,abigail.gregory317@mailbank.com,(539)426-4957x82329,2000-02-05,Female,Teacher,89000,397,Rochester,New York,2023-02-24,
318,Kyle,Thornton,kyle.thornton318@mailbank.com,001-829-825-1881x252,1979-03-01,Male,Software Engineer,62000,692,Buffalo,New York,2017-05-29,
319,Kevin,Reese,kevin.reese319@mailbank.com,001-542-531-2209x949,1997-01-13,Female,Sales Executive,165000,311,Jacksonville,Florida,2022-08-19,
320,Jerry,Johnson,jerry.johnson320@mailbank.com,(489)475-2677,1952-07-02,Male,Software Engineer,210000,421,Naperville,Illinois,2024-02-14,
321,James,Johnson,james.johnson321@mailbank.com,563-833-1279x757,1993-08-09,Female,Marketing Manager,32000,602,Worcester,Massachusetts,2016-02-27,258
322,Richard,Williams,richard.williams322@mailbank.com,869-299-8808x17703,1991-11-08,Female,Nurse,105000,682,Tacoma,Washington,2019-12-17,69
323,Angela,Black,angela.black323@mailbank.com,976-944-7264x9082,1985-07-28,Female,Consultant,130000,523,Augusta,Georgia,2016-07-06,
324,Christopher,Mason,christopher.mason324@mailbank.com,001-982-366-5702x793,1958-07-09,Female,Teacher,165000,414,Miami,Florida,2022-02-05,
325,John,Holt,john.holt325@mailbank.com,001-811-817-5186x892,2002-03-01,Male,Nurse,75000,832,San Francisco,California,2024-04-17,
326,Bradley,Jackson,bradley.jackson326@mailbank.com,(622)420-6447,1967-11-05,Female,Teacher,130000,756,Boston,Massachusetts,2025-01-27,
327,David,Anderson,david.anderson327@mailbank.com,907-977-8097x339,1959-11-27,Female,Civil Servant,28000,773,Sacramento,California,2022-06-26,213
328,Robert,Miller,robert.miller328@mailbank.com,+1-749-283-0220,1983-09-28,Male,Marketing Manager,55000,374,Naperville,Illinois,2018-07-19,131
329,Dustin,Johnson,dustin.johnson329@mailbank.com,710-216-2249x99827,1982-06-02,Male,Student,28000,370,Sacramento,California,2022-04-13,
330,Christopher,Evans,christopher.evans330@mailbank.com,768-814-7214,1969-11-06,Male,Consultant,41000,730,Boston,Massachusetts,2019-12-12,
331,Alicia,Dominguez,alicia.dominguez331@mailbank.com,001-781-479-4695x489,1984-06-16,Female,Business Owner,32000,436,Spokane,Washington,2017-02-19,
332,Christina,Crawford,christina.crawford332@mailbank.com,(393)543-0107,1991-06-27,Female,Student,41000,528,Seattle,Washington,2021-03-08,276
333,Lauren,Duarte,lauren.duarte333@mailbank.com,+1-730-234-4144,1972-07-29,Female,Electrician,130000,734,Los Angeles,California,2019-06-23,
334,Daniel,Cook,daniel.cook334@mailbank.com,9234557702,1971-07-01,Male,Retired,75000,458,Tucson,Arizona,2021-12-04,
335,Courtney,Mcclain,courtney.mcclain335@mailbank.com,(408)649-5880x39551,1979-12-14,Male,Software Engineer,210000,729,Chicago,Illinois,2019-06-28,
336,Mary,Morgan,mary.morgan336@mailbank.com,(299)662-9145,1970-04-01,Male,Civil Servant,28000,757,Denver,Colorado,2021-07-25,35
337,Robert,Crawford,robert.crawford337@mailbank.com,938-442-1503x1780,1961-12-28,Male,Accountant,28000,711,Aurora,Colorado,2020-09-15,
338,James,Mclean,james.mclean338@mailbank.com,001-252-318-2307x681,1991-09-06,Male,Nurse,130000,596,Boston,Massachusetts,2021-06-14,
339,Mathew,Small,mathew.small339@mailbank.com,001-940-394-3533x448,1953-12-02,Female,Accountant,62000,446,Tampa,Florida,2023-12-24,
340,Joseph,Moore,joseph.moore340@mailbank.com,+1-481-638-5854,1954-08-08,Female,Software Engineer,130000,479,Phoenix,Arizona,2025-12-24,
341,Audrey,Jackson,audrey.jackson341@mailbank.com,+1-270-320-7016,1966-06-01,Female,Electrician,210000,690,Augusta,Georgia,2025-04-17,
342,Ronald,White,ronald.white342@mailbank.com,001-379-954-5381x792,1983-07-02,Female,Nurse,62000,685,Tucson,Arizona,2022-03-04,
343,Colton,Collins,colton.collins343@mailbank.com,233.329.4562x5577,1986-05-26,Female,Driver,41000,774,Rochester,New York,2023-12-25,116
344,Thomas,Bell,thomas.bell344@mailbank.com,001-959-892-8161x581,1975-05-30,Male,Business Owner,55000,561,Sacramento,California,2017-10-11,
345,Brittany,Allen,brittany.allen345@mailbank.com,361.953.9669x5832,1962-05-10,Female,Driver,75000,394,Tampa,Florida,2017-08-27,
346,Danny,Carlson,danny.carlson346@mailbank.com,324.561.9196x570,1967-04-04,Male,Sales Executive,89000,340,Mesa,Arizona,2017-01-06,
347,Lisa,Clay,lisa.clay347@mailbank.com,9225784699,2001-12-05,Male,Retired,55000,640,Austin,Texas,2022-08-16,
348,Jamie,Rich,jamie.rich348@mailbank.com,+1-246-251-9098x6240,1965-09-19,Male,Marketing Manager,105000,548,Chicago,Illinois,2024-04-09,98
349,Jacqueline,Hoover,jacqueline.hoover349@mailbank.com,8365965666,1969-04-15,Female,Consultant,62000,689,Aurora,Colorado,2024-12-20,123
350,Elaine,Wells,elaine.wells350@mailbank.com,(462)342-2010x276,1959-01-10,Female,Sales Executive,75000,825,Cambridge,Massachusetts,2020-01-02,
351,Derrick,Shaffer,derrick.shaffer351@mailbank.com,001-596-492-7868x765,1999-05-06,Female,Chef,55000,679,Worcester,Massachusetts,2025-04-22,241
352,Roger,Smith,roger.smith352@mailbank.com,001-384-968-9500x975,1977-08-16,Male,Software Engineer,62000,727,Spokane,Washington,2023-08-12,114
353,Suzanne,Miller,suzanne.miller353@mailbank.com,001-247-781-8913x718,1991-07-19,Female,Civil Servant,55000,811,Chicago,Illinois,2021-06-25,118
354,Amanda,Smith,amanda.smith354@mailbank.com,001-656-654-4209,1974-12-23,Female,Sales Executive,105000,802,Mesa,Arizona,2025-06-08,
355,Bryan,Kennedy,bryan.kennedy355@mailbank.com,690-647-1281x4429,1957-11-17,Female,Nurse,41000,800,Boston,Massachusetts,2016-07-15,
356,Michaela,Smith,michaela.smith356@mailbank.com,001-227-752-4372,1954-06-05,Male,Driver,210000,349,New York City,New York,2017-10-26,
357,Tracey,Coffey,tracey.coffey357@mailbank.com,466.937.2395x0410,1983-06-20,Male,Teacher,41000,309,Sacramento,California,2024-07-22,323
358,Raymond,Turner,raymond.turner358@mailbank.com,+1-236-667-4286,1992-07-02,Female,Electrician,105000,316,Jacksonville,Florida,2023-11-02,
359,Sara,Cole,sara.cole359@mailbank.com,+1-801-985-6945x4414,1988-06-11,Female,Student,62000,317,Sacramento,California,2026-01-06,272
360,Kendra,Curry,kendra.curry360@mailbank.com,285.825.8001,1991-10-17,Male,Teacher,32000,836,Mesa,Arizona,2022-02-17,
361,Connor,Garcia,connor.garcia361@mailbank.com,343-400-9109x3911,1974-06-28,Female,Driver,75000,573,Buffalo,New York,2018-04-14,270
362,Nicholas,Gallagher,nicholas.gallagher362@mailbank.com,(812)744-7174,1986-08-10,Female,Retired,165000,549,Atlanta,Georgia,2024-05-13,
363,Jonathan,Norman,jonathan.norman363@mailbank.com,(950)344-2717x3962,1964-05-15,Male,Electrician,210000,332,Tampa,Florida,2016-08-25,
364,Douglas,Mack,douglas.mack364@mailbank.com,241.201.1947x072,1960-11-01,Female,Software Engineer,210000,309,San Antonio,Texas,2022-09-13,
365,Elizabeth,Adams,elizabeth.adams365@mailbank.com,001-508-277-6618,1989-09-26,Female,Electrician,75000,397,New York City,New York,2025-06-03,
366,Patrick,Norris,patrick.norris366@mailbank.com,+1-755-346-0158,1994-07-10,Female,Sales Executive,28000,376,Phoenix,Arizona,2017-04-06,355
367,Maureen,Hodges,maureen.hodges367@mailbank.com,+1-306-934-6157,1965-02-17,Male,Nurse,75000,316,Naperville,Illinois,2018-02-11,
368,Jill,Taylor,jill.taylor368@mailbank.com,001-937-261-8478,1959-04-27,Female,Chef,32000,606,Orlando,Florida,2023-06-30,
369,Benjamin,Brown,benjamin.brown369@mailbank.com,238-478-2931,1995-01-01,Female,Electrician,130000,639,Buffalo,New York,2016-06-11,
370,Tracy,Smith,tracy.smith370@mailbank.com,420.320.4179,2002-03-01,Male,Student,75000,354,Augusta,Georgia,2022-06-10,353
371,Lisa,Rodriguez,lisa.rodriguez371@mailbank.com,413.765.6519,1977-07-24,Female,Civil Servant,165000,706,San Antonio,Texas,2024-04-28,39
372,Mary,Mcguire,mary.mcguire372@mailbank.com,411-342-6258x27390,1993-08-03,Female,Retired,55000,664,Seattle,Washington,2022-03-06,
373,Kylie,Chen,kylie.chen373@mailbank.com,610.902.1946x7232,1970-04-20,Female,Teacher,165000,602,Tucson,Arizona,2017-08-23,
374,Robert,Hurley,robert.hurley374@mailbank.com,(579)514-5608,1984-05-13,Female,Marketing Manager,210000,457,Miami,Florida,2016-05-23,79
375,David,Moreno,david.moreno375@mailbank.com,001-488-237-3403x127,1953-06-22,Male,Software Engineer,62000,755,Savannah,Georgia,2019-10-08,
376,Brian,Diaz,brian.diaz376@mailbank.com,+1-370-510-8220x781,1960-04-23,Male,Business Owner,105000,824,Spokane,Washington,2018-08-14,45
377,Jennifer,Watkins,jennifer.watkins377@mailbank.com,+1-953-215-3136x3631,1967-04-17,Male,Civil Servant,165000,632,Atlanta,Georgia,2018-01-26,182
378,Pamela,Thomas,pamela.thomas378@mailbank.com,(652)473-5435x2090,2003-05-29,Female,Consultant,32000,548,Atlanta,Georgia,2020-09-26,
379,Daniel,Owens,daniel.owens379@mailbank.com,349.829.2983,1972-10-29,Male,Nurse,62000,608,Aurora,Colorado,2023-12-02,195
380,Melody,Burns,melody.burns380@mailbank.com,240.863.3569x392,2007-06-22,Female,Sales Executive,89000,606,Springfield,Illinois,2022-02-28,86
381,Tina,Williams,tina.williams381@mailbank.com,3682671773,1975-12-22,Male,Marketing Manager,210000,807,Boston,Massachusetts,2024-01-02,
382,Heather,Russell,heather.russell382@mailbank.com,210.974.2799,1960-10-24,Male,Sales Executive,28000,705,Aurora,Colorado,2019-09-25,55
383,Steven,Taylor,steven.taylor383@mailbank.com,(570)316-5804x649,1989-12-03,Female,Retired,75000,740,Tacoma,Washington,2017-12-04,
384,Christine,Rogers,christine.rogers384@mailbank.com,+1-550-416-5790x5528,2003-09-02,Male,Retired,75000,481,Denver,Colorado,2021-05-12,
385,Tina,Allen,tina.allen385@mailbank.com,001-993-935-5486x401,1954-07-19,Female,Civil Servant,55000,633,Savannah,Georgia,2020-12-25,
386,Walter,Gallegos,walter.gallegos386@mailbank.com,+1-347-895-1371,1975-12-11,Female,Doctor,32000,504,Savannah,Georgia,2021-07-16,
387,Rachael,Roberts,rachael.roberts387@mailbank.com,912-772-3804x682,2005-02-17,Male,Marketing Manager,105000,514,Aurora,Colorado,2017-02-20,282
388,Robert,Rojas,robert.rojas388@mailbank.com,9389569557,1949-01-08,Male,Driver,89000,811,Worcester,Massachusetts,2017-12-20,
389,Kevin,Anderson,kevin.anderson389@mailbank.com,437-654-0254x729,1995-02-04,Male,Marketing Manager,89000,686,Albany,New York,2017-10-15,338
390,Ian,Thompson,ian.thompson390@mailbank.com,(623)710-5927,1990-03-22,Female,Civil Servant,89000,847,San Antonio,Texas,2025-06-03,
391,Jack,Hart,jack.hart391@mailbank.com,(425)978-2841x067,1949-10-25,Male,Consultant,75000,849,Mesa,Arizona,2019-04-20,
392,Sarah,Moore,sarah.moore392@mailbank.com,354.674.9297x51702,2005-12-10,Male,Consultant,55000,663,Aurora,Colorado,2021-09-08,
393,Angel,Williamson,angel.williamson393@mailbank.com,809-539-8343x01871,1960-12-15,Female,Consultant,75000,740,New York City,New York,2019-09-21,
394,Tracy,Morrison,tracy.morrison394@mailbank.com,+1-356-526-5650x4554,1978-06-05,Male,Retired,75000,700,Houston,Texas,2016-08-01,114
395,Jessica,Wallace,jessica.wallace395@mailbank.com,726-362-9912x3478,2007-04-16,Male,Doctor,28000,794,Cambridge,Massachusetts,2024-05-15,
396,Sarah,Garza,sarah.garza396@mailbank.com,+1-946-228-7923x2648,1970-04-13,Male,Teacher,41000,656,Dallas,Texas,2016-01-26,
397,Mackenzie,Turner,mackenzie.turner397@mailbank.com,001-973-500-2447x146,1982-11-05,Male,Student,105000,656,Springfield,Illinois,2021-02-22,
398,Anthony,Hubbard,anthony.hubbard398@mailbank.com,+1-259-679-6471x589,1977-04-26,Female,Doctor,32000,607,Boston,Massachusetts,2026-02-09,
399,Francisco,Brown,francisco.brown399@mailbank.com,(652)604-5650,1966-11-30,Male,Electrician,41000,549,Los Angeles,California,2025-02-23,176
400,Alyssa,Mayer,alyssa.mayer400@mailbank.com,(719)328-5544,1978-07-26,Female,Student,89000,773,Phoenix,Arizona,2023-12-25,
401,Amanda,Bell,amanda.bell401@mailbank.com,357-865-2132x8338,1956-05-10,Male,Electrician,210000,742,Jacksonville,Florida,2017-06-04,
402,Steven,Jones,steven.jones402@mailbank.com,554.452.7985x2401,1996-11-11,Male,Retired,165000,739,Atlanta,Georgia,2025-08-13,
403,Melissa,Thomas,melissa.thomas403@mailbank.com,(516)311-0760,1961-04-30,Male,Sales Executive,32000,404,Atlanta,Georgia,2017-04-21,
404,Antonio,Keller,antonio.keller404@mailbank.com,701-240-1193x932,1983-04-29,Male,Retired,32000,568,Phoenix,Arizona,2020-11-19,
405,Christopher,Singleton,christopher.singleton405@mailbank.com,(552)589-3891x190,2004-03-30,Female,Civil Servant,89000,701,Cambridge,Massachusetts,2025-11-18,
406,Tamara,Jackson,tamara.jackson406@mailbank.com,001-813-587-5927x125,1992-12-22,Female,Civil Servant,41000,604,Denver,Colorado,2016-01-17,
407,Willie,Russell,willie.russell407@mailbank.com,318.827.5480x157,1993-06-02,Female,Teacher,55000,612,Aurora,Colorado,2019-04-10,69
408,Justin,Burke,justin.burke408@mailbank.com,938.364.6317x520,1966-06-15,Male,Student,89000,728,Austin,Texas,2026-03-02,
409,Randy,Mills,randy.mills409@mailbank.com,(569)812-1535x3961,1988-04-28,Female,Nurse,105000,850,Denver,Colorado,2017-03-29,
410,Jessica,Ramirez,jessica.ramirez410@mailbank.com,365-679-6784x271,1990-07-18,Male,Nurse,75000,761,Buffalo,New York,2022-01-22,
411,Tracy,Hall,tracy.hall411@mailbank.com,001-301-370-2695x249,2004-04-11,Male,Retired,41000,499,Denver,Colorado,2016-04-23,
412,Donna,Meyer,donna.meyer412@mailbank.com,877-984-8588x0061,1977-04-07,Female,Business Owner,210000,803,Augusta,Georgia,2020-11-07,
413,Leonard,Bennett,leonard.bennett413@mailbank.com,+1-342-976-2467,1975-04-25,Female,Nurse,32000,331,Augusta,Georgia,2016-05-04,
414,Donna,Jennings,donna.jennings414@mailbank.com,(780)664-7969,1982-01-24,Female,Nurse,105000,807,Tampa,Florida,2020-12-15,116
415,Luke,Johnson,luke.johnson415@mailbank.com,(590)556-1655x650,1950-06-10,Female,Consultant,130000,675,Mesa,Arizona,2024-09-18,59
416,Jimmy,Collins,jimmy.collins416@mailbank.com,615-220-8507x6986,1952-10-30,Female,Student,55000,735,Phoenix,Arizona,2023-03-02,
417,Heather,Chapman,heather.chapman417@mailbank.com,(659)717-1357x8529,2006-11-18,Male,Retired,62000,656,Austin,Texas,2019-12-07,
418,Tara,Harris,tara.harris418@mailbank.com,583-344-0496,1985-11-10,Male,Consultant,55000,514,San Antonio,Texas,2026-02-22,
419,Jennifer,Lane,jennifer.lane419@mailbank.com,001-687-863-5148,1983-03-31,Female,Nurse,165000,442,Aurora,Colorado,2018-11-05,
420,Elizabeth,Edwards,elizabeth.edwards420@mailbank.com,878.220.8297x37489,1972-08-04,Female,Student,62000,472,Orlando,Florida,2018-08-13,
421,Alexa,Diaz,alexa.diaz421@mailbank.com,+1-846-565-1364x4249,1956-08-06,Female,Driver,130000,397,Tacoma,Washington,2017-07-26,
422,Daniel,Lee,daniel.lee422@mailbank.com,678.466.0324x204,1962-06-21,Female,Driver,210000,429,Rochester,New York,2024-08-12,
423,Dawn,Williams,dawn.williams423@mailbank.com,8154941651,1991-01-31,Male,Consultant,210000,702,Buffalo,New York,2024-02-23,165
424,Joel,Duncan,joel.duncan424@mailbank.com,+1-898-547-1391x5596,1977-09-30,Female,Electrician,89000,684,Boston,Massachusetts,2017-04-03,
425,Drew,Thompson,drew.thompson425@mailbank.com,690-478-5158x673,2005-12-05,Male,Business Owner,130000,584,Boston,Massachusetts,2020-07-29,
426,Michael,Baldwin,michael.baldwin426@mailbank.com,+1-900-834-8645x183,1997-01-06,Female,Civil Servant,28000,395,Spokane,Washington,2016-03-21,
427,Alan,Yu,alan.yu427@mailbank.com,913-843-2756x0417,2003-05-21,Female,Driver,32000,847,Cambridge,Massachusetts,2025-07-23,
428,Sara,Cook,sara.cook428@mailbank.com,724-981-5698,1973-01-28,Male,Retired,62000,630,Atlanta,Georgia,2025-07-26,
429,Heather,Gill,heather.gill429@mailbank.com,420.863.4591x123,1986-03-20,Male,Civil Servant,105000,651,Springfield,Illinois,2017-11-29,
430,Laura,Flores,laura.flores430@mailbank.com,529-254-3165x266,1976-06-08,Female,Software Engineer,32000,461,Los Angeles,California,2023-08-28,402
431,Stacy,Leblanc,stacy.leblanc431@mailbank.com,673-442-0696,1986-07-24,Male,Marketing Manager,41000,609,Worcester,Massachusetts,2022-07-11,220
432,Christopher,Richardson,christopher.richardson432@mailbank.com,001-886-477-1333x447,2004-07-26,Female,Teacher,75000,469,Albany,New York,2017-03-22,185
433,Ryan,Clark,ryan.clark433@mailbank.com,001-736-926-2044x397,1960-09-01,Male,Business Owner,210000,393,Sacramento,California,2024-07-31,
434,Christopher,Harrison,christopher.harrison434@mailbank.com,(936)769-4118x0053,2000-01-08,Male,Civil Servant,55000,831,Houston,Texas,2026-02-23,40
435,Wendy,Crosby,wendy.crosby435@mailbank.com,001-400-648-9646x528,2005-10-07,Male,Driver,89000,435,Boston,Massachusetts,2022-03-25,176
436,Geoffrey,Vasquez,geoffrey.vasquez436@mailbank.com,458-962-4150,1968-02-01,Male,Teacher,75000,676,Boston,Massachusetts,2020-11-15,46
437,Monica,Davenport,monica.davenport437@mailbank.com,249-548-5625x7287,1992-08-08,Male,Electrician,210000,446,Chicago,Illinois,2025-08-24,
438,Edgar,Hall,edgar.hall438@mailbank.com,001-376-417-0758x777,1949-11-19,Male,Retired,75000,518,Houston,Texas,2018-09-16,
439,David,Davis,david.davis439@mailbank.com,(484)899-3908,1999-10-29,Female,Driver,55000,388,Rochester,New York,2017-11-18,
440,Samantha,Sanchez,samantha.sanchez440@mailbank.com,904-616-5915x20177,1977-08-15,Female,Doctor,89000,622,Austin,Texas,2016-12-24,
441,Brooke,Smith,brooke.smith441@mailbank.com,859.323.0450x189,2005-12-02,Male,Student,165000,591,Buffalo,New York,2022-11-01,44
442,Raymond,Thompson,raymond.thompson442@mailbank.com,603-926-6421,2005-08-21,Male,Marketing Manager,89000,602,San Diego,California,2025-01-05,311
443,Laurie,Fitzgerald,laurie.fitzgerald443@mailbank.com,+1-825-315-8377x674,2003-01-14,Male,Accountant,105000,372,San Francisco,California,2025-05-30,
444,Katherine,Shepherd,katherine.shepherd444@mailbank.com,(810)385-7327x88147,1984-07-25,Female,Nurse,89000,730,Phoenix,Arizona,2020-07-09,
445,Rebecca,Woods,rebecca.woods445@mailbank.com,838-864-9081x0818,1956-08-25,Female,Consultant,32000,317,Tacoma,Washington,2017-05-01,
446,Cody,Guerrero,cody.guerrero446@mailbank.com,891-680-1722x601,1981-11-04,Male,Chef,28000,707,Denver,Colorado,2018-08-21,111
447,Lee,Ramsey,lee.ramsey447@mailbank.com,252-832-1941x680,1993-03-05,Female,Business Owner,89000,384,Tucson,Arizona,2020-09-07,
448,Darryl,Jackson,darryl.jackson448@mailbank.com,+1-397-249-9564x1220,1976-05-12,Female,Teacher,62000,380,Mesa,Arizona,2023-03-16,
449,Heather,Lopez,heather.lopez449@mailbank.com,(936)883-1472,1949-05-05,Male,Student,75000,700,Phoenix,Arizona,2021-01-04,
450,Andrew,Martin,andrew.martin450@mailbank.com,370.879.3349x6050,1956-11-17,Male,Sales Executive,89000,544,Aurora,Colorado,2023-04-26,
451,Tiffany,Allison,tiffany.allison451@mailbank.com,+1-940-576-7899,1991-12-17,Male,Retired,165000,356,San Francisco,California,2022-03-16,223
452,Jennifer,Rice,jennifer.rice452@mailbank.com,846-271-7957,1973-01-20,Male,Teacher,28000,440,Naperville,Illinois,2019-04-16,
453,Evan,Barber,evan.barber453@mailbank.com,539.659.7246x65729,1975-11-21,Female,Student,130000,565,San Francisco,California,2020-07-24,
454,Hannah,Miller,hannah.miller454@mailbank.com,(297)216-7433,1976-09-15,Female,Marketing Manager,32000,330,Albany,New York,2017-10-21,400
455,Michael,Green,michael.green455@mailbank.com,701.256.1931x83745,1988-05-07,Female,Marketing Manager,165000,378,Spokane,Washington,2017-10-26,33
456,Kayla,Hawkins,kayla.hawkins456@mailbank.com,391.407.7119x91808,2001-07-06,Male,Retired,165000,470,Worcester,Massachusetts,2024-11-20,
457,Crystal,Pitts,crystal.pitts457@mailbank.com,278-571-2552x1376,2002-05-24,Male,Accountant,130000,302,Seattle,Washington,2017-08-20,53
458,Mary,Wells,mary.wells458@mailbank.com,856-953-2863x266,1964-12-09,Female,Business Owner,41000,483,Los Angeles,California,2017-10-13,242
459,Stephanie,Black,stephanie.black459@mailbank.com,820.281.1556x260,1988-08-31,Female,Chef,75000,577,Sacramento,California,2025-10-29,128
460,Donna,May,donna.may460@mailbank.com,+1-484-866-8455x0489,2001-11-19,Male,Nurse,55000,828,Dallas,Texas,2016-08-07,345
461,Sean,Harris,sean.harris461@mailbank.com,+1-675-563-4108x5628,1980-05-26,Female,Consultant,62000,635,Sacramento,California,2024-03-17,239
462,Christopher,Arnold,christopher.arnold462@mailbank.com,(300)289-4346,1979-01-06,Female,Civil Servant,62000,548,San Antonio,Texas,2023-11-19,103
463,Mckenzie,Green,mckenzie.green463@mailbank.com,001-717-649-0753x998,1978-03-08,Female,Consultant,55000,551,Worcester,Massachusetts,2017-04-15,
464,Justin,Glover,justin.glover464@mailbank.com,001-468-831-5893x571,1990-08-17,Male,Accountant,130000,654,New York City,New York,2023-01-01,
465,Maria,Miller,maria.miller465@mailbank.com,937.815.8698x8649,1951-06-19,Female,Driver,62000,406,San Diego,California,2025-04-02,337
466,Wendy,Barker,wendy.barker466@mailbank.com,(222)482-7728x81377,2004-08-08,Male,Nurse,62000,395,Orlando,Florida,2023-08-15,
467,Sherry,Wood,sherry.wood467@mailbank.com,(611)959-4082x15454,2004-11-04,Female,Marketing Manager,75000,769,San Francisco,California,2022-04-07,
468,Anthony,Thomas,anthony.thomas468@mailbank.com,643-927-0185x1067,1994-10-05,Female,Teacher,165000,363,Houston,Texas,2020-05-23,
469,Rachel,Harrington,rachel.harrington469@mailbank.com,+1-822-887-7725x199,1976-03-31,Male,Sales Executive,62000,622,Augusta,Georgia,2023-07-02,
470,Jesse,Foster,jesse.foster470@mailbank.com,241.520.9481x813,1980-03-11,Female,Doctor,105000,578,Augusta,Georgia,2025-12-23,
471,Karen,Shaw,karen.shaw471@mailbank.com,+1-720-843-3971,1948-11-08,Male,Consultant,165000,411,Miami,Florida,2022-11-08,
472,Brianna,Henry,brianna.henry472@mailbank.com,(360)485-6411,2003-10-07,Female,Business Owner,32000,848,New York City,New York,2019-07-17,239
473,Justin,White,justin.white473@mailbank.com,(720)695-2004x61526,1993-10-31,Female,Sales Executive,32000,392,Seattle,Washington,2017-08-09,
474,Nicholas,Carey,nicholas.carey474@mailbank.com,001-899-337-8861x405,1954-12-28,Male,Accountant,75000,451,Albany,New York,2018-02-09,
475,Timothy,Russell,timothy.russell475@mailbank.com,589-413-8249x671,1961-10-04,Female,Student,28000,606,Austin,Texas,2025-03-24,
476,Nathaniel,Galloway,nathaniel.galloway476@mailbank.com,(687)800-7942x00749,1994-08-28,Female,Student,130000,555,Chicago,Illinois,2021-08-06,208
477,Yvette,Kirby,yvette.kirby477@mailbank.com,802-589-1416x1284,1960-07-01,Male,Teacher,28000,363,San Antonio,Texas,2024-10-02,407
478,Cheryl,Bernard,cheryl.bernard478@mailbank.com,947-243-5537x95020,1966-10-31,Female,Electrician,210000,386,Orlando,Florida,2023-02-07,206
479,Rachel,Chambers,rachel.chambers479@mailbank.com,001-776-881-1807x156,1972-07-10,Male,Software Engineer,32000,502,Aurora,Colorado,2025-04-28,417
480,Gregory,Tate,gregory.tate480@mailbank.com,653.570.3045x319,1989-07-22,Female,Teacher,28000,772,Boston,Massachusetts,2016-02-02,434
481,Jim,Snyder,jim.snyder481@mailbank.com,001-593-403-6149x872,1969-07-07,Female,Driver,89000,808,San Francisco,California,2018-12-03,
482,Cameron,Anderson,cameron.anderson482@mailbank.com,001-938-243-0894,1951-08-21,Male,Doctor,55000,491,Sacramento,California,2018-09-14,
483,Sharon,Davidson,sharon.davidson483@mailbank.com,866-941-8775x80304,2004-04-26,Male,Software Engineer,165000,551,Springfield,Illinois,2016-07-16,
484,Leslie,Myers,leslie.myers484@mailbank.com,3363133254,1967-10-26,Female,Software Engineer,32000,586,Springfield,Illinois,2025-03-01,
485,Anthony,Reynolds,anthony.reynolds485@mailbank.com,943-317-3505x83199,1949-03-05,Male,Electrician,130000,319,Atlanta,Georgia,2024-04-20,
486,Colleen,Riley,colleen.riley486@mailbank.com,8653120704,1952-11-12,Female,Doctor,165000,814,Augusta,Georgia,2016-08-18,
487,Curtis,Brown,curtis.brown487@mailbank.com,(319)763-9907x6769,1950-11-13,Female,Civil Servant,55000,330,Spokane,Washington,2024-11-07,14
488,Debra,Lowe,debra.lowe488@mailbank.com,001-431-610-9193,1949-04-17,Female,Student,75000,538,Chicago,Illinois,2021-05-21,
489,Michael,Olson,michael.olson489@mailbank.com,(600)424-9685,1984-12-25,Female,Student,28000,524,New York City,New York,2017-12-08,124
490,Dylan,Parker,dylan.parker490@mailbank.com,8897203880,1968-04-22,Male,Nurse,55000,625,Boulder,Colorado,2019-11-04,
491,James,Gonzalez,james.gonzalez491@mailbank.com,337-979-5995x94652,2002-03-30,Female,Civil Servant,165000,445,Tacoma,Washington,2024-03-06,359
492,Nancy,Lozano,nancy.lozano492@mailbank.com,+1-233-779-3375x6362,1977-06-28,Female,Student,62000,479,Denver,Colorado,2025-07-31,
493,Alejandro,Howard,alejandro.howard493@mailbank.com,439.750.0334x234,1981-01-06,Male,Software Engineer,130000,789,Boston,Massachusetts,2017-06-25,120
494,Melanie,Sanchez,melanie.sanchez494@mailbank.com,710-426-1534x735,1959-06-30,Male,Consultant,41000,648,San Diego,California,2017-10-31,
495,Shelley,Rowland,shelley.rowland495@mailbank.com,001-811-522-3386x559,2007-08-06,Male,Consultant,32000,838,Albany,New York,2025-03-07,76
496,Samantha,Hines,samantha.hines496@mailbank.com,325-430-4289x7317,1982-12-22,Female,Civil Servant,32000,644,Seattle,Washington,2024-11-24,
497,William,Potter,william.potter497@mailbank.com,287.525.5877x7496,1986-06-09,Female,Consultant,210000,798,Springfield,Illinois,2021-04-20,81
498,Jeffrey,Harris,jeffrey.harris498@mailbank.com,766-592-5481x2147,1999-07-11,Female,Accountant,210000,479,Seattle,Washington,2020-02-15,
499,Brandy,Marshall,brandy.marshall499@mailbank.com,666.357.5460x273,1984-12-31,Female,Nurse,41000,301,Savannah,Georgia,2020-06-08,
500,Michael,Miller,michael.miller500@mailbank.com,+1-714-631-1150x8353,1998-04-16,Male,Nurse,165000,625,Boulder,Colorado,2021-05-04,
501,Kevin,Ochoa,kevin.ochoa501@mailbank.com,001-292-984-0445x669,1988-09-29,Male,Chef,105000,444,Denver,Colorado,2018-11-10,
502,Destiny,Hays,destiny.hays502@mailbank.com,933.773.8987,2004-10-27,Female,Nurse,210000,390,Tacoma,Washington,2025-01-05,178
503,Latoya,Edwards,latoya.edwards503@mailbank.com,001-263-977-8052x924,1959-01-02,Male,Marketing Manager,32000,658,Spokane,Washington,2024-01-08,108
504,Lisa,Flowers,lisa.flowers504@mailbank.com,+1-868-845-9090x2259,1968-02-15,Male,Business Owner,105000,729,Chicago,Illinois,2020-05-13,
505,James,Myers,james.myers505@mailbank.com,459-274-1218,1979-10-21,Female,Doctor,130000,684,Rochester,New York,2017-12-17,
506,Margaret,Morrison,margaret.morrison506@mailbank.com,(743)834-8170x5802,1949-05-06,Male,Nurse,105000,375,San Antonio,Texas,2018-01-26,
507,Peter,Mayo,peter.mayo507@mailbank.com,001-516-932-3467x299,1955-06-26,Male,Teacher,75000,474,San Diego,California,2020-05-10,134
508,Joshua,Smith,joshua.smith508@mailbank.com,(993)785-9777x9014,1956-04-18,Male,Doctor,165000,794,Atlanta,Georgia,2016-08-31,
509,Isabella,Dawson,isabella.dawson509@mailbank.com,(363)829-6762,1965-07-31,Male,Civil Servant,89000,460,Sacramento,California,2022-05-20,
510,Holly,Williams,holly.williams510@mailbank.com,+1-784-813-7681x5118,2000-11-12,Male,Business Owner,130000,571,Los Angeles,California,2017-08-23,
511,Shannon,King,shannon.king511@mailbank.com,676-356-3600,1978-02-05,Female,Civil Servant,130000,802,Springfield,Illinois,2020-10-24,26
512,Jenna,Taylor,jenna.taylor512@mailbank.com,311.483.7274x220,1987-12-14,Female,Teacher,62000,791,New York City,New York,2020-10-31,
513,Kelly,Nichols,kelly.nichols513@mailbank.com,001-304-827-5230x837,1971-03-09,Female,Teacher,105000,418,Miami,Florida,2016-10-22,175
514,Hannah,Wallace,hannah.wallace514@mailbank.com,(333)553-3106x0053,1983-08-17,Female,Teacher,210000,696,Springfield,Illinois,2016-07-04,
515,Susan,Davis,susan.davis515@mailbank.com,001-820-868-1558x393,1997-11-09,Female,Nurse,105000,345,Albany,New York,2022-12-01,
516,David,Lewis,david.lewis516@mailbank.com,(550)863-7314x9501,1969-02-16,Male,Driver,62000,363,Springfield,Illinois,2017-10-22,
517,Kevin,George,kevin.george517@mailbank.com,+1-792-441-9562,2006-09-20,Female,Consultant,165000,532,New York City,New York,2017-01-22,353
518,Cynthia,Henson,cynthia.henson518@mailbank.com,515.209.9768x3890,1966-10-24,Female,Student,210000,786,Phoenix,Arizona,2024-11-13,
519,Christina,Mosley,christina.mosley519@mailbank.com,001-539-910-2574x326,1966-04-07,Male,Business Owner,28000,814,Denver,Colorado,2023-09-08,
520,Jocelyn,Murphy,jocelyn.murphy520@mailbank.com,001-508-864-0355x338,1964-06-03,Male,Teacher,105000,477,Aurora,Colorado,2022-09-14,
521,Adrienne,White,adrienne.white521@mailbank.com,313.802.3212x9833,1985-07-09,Male,Software Engineer,89000,380,Buffalo,New York,2016-09-02,
522,Jessica,Collins,jessica.collins522@mailbank.com,(993)344-9734,1991-01-13,Male,Driver,165000,564,Atlanta,Georgia,2018-07-20,
523,Stephanie,Ward,stephanie.ward523@mailbank.com,(489)662-7066x14982,1970-05-25,Male,Teacher,89000,706,Tacoma,Washington,2020-11-25,
524,Oscar,Torres,oscar.torres524@mailbank.com,815.827.3230x0857,1964-09-22,Female,Chef,28000,835,Tucson,Arizona,2021-11-08,
525,Shelby,Waller,shelby.waller525@mailbank.com,+1-991-760-1692x3645,1970-02-14,Male,Civil Servant,165000,402,Atlanta,Georgia,2021-02-05,
526,Heather,Curtis,heather.curtis526@mailbank.com,470.650.2497,2003-04-29,Female,Chef,89000,570,Houston,Texas,2023-08-30,
527,John,Lane,john.lane527@mailbank.com,416-869-1836,1987-06-28,Female,Software Engineer,41000,582,Augusta,Georgia,2017-09-06,
528,Johnny,Turner,johnny.turner528@mailbank.com,(294)461-1952x4364,2005-10-17,Female,Software Engineer,89000,639,Atlanta,Georgia,2022-11-09,
529,Lisa,Smith,lisa.smith529@mailbank.com,964.562.2522x37281,1951-12-04,Female,Chef,75000,320,Miami,Florida,2023-04-02,
530,Jacob,Brown,jacob.brown530@mailbank.com,367-791-2141x614,1958-09-12,Female,Driver,210000,400,Spokane,Washington,2023-11-27,
531,Anthony,Young,anthony.young531@mailbank.com,2048090138,1976-11-05,Female,Consultant,75000,575,Orlando,Florida,2023-12-03,
532,Carrie,Hatfield,carrie.hatfield532@mailbank.com,259.765.5553x5669,1993-06-01,Male,Retired,55000,716,Augusta,Georgia,2025-09-15,
533,Morgan,Drake,morgan.drake533@mailbank.com,(820)591-8435x7978,1947-12-02,Male,Student,41000,367,Cambridge,Massachusetts,2025-01-24,
534,Aaron,Little,aaron.little534@mailbank.com,+1-950-357-3976x9156,2004-04-01,Male,Consultant,130000,329,Naperville,Illinois,2019-05-10,
535,Jessica,Carter,jessica.carter535@mailbank.com,598.502.7148x72717,1959-06-10,Male,Driver,28000,555,Buffalo,New York,2017-06-28,
536,Jason,Mullins,jason.mullins536@mailbank.com,(702)556-4347x12871,1987-04-27,Male,Sales Executive,75000,775,Sacramento,California,2016-12-06,370
537,Sarah,Miranda,sarah.miranda537@mailbank.com,(568)363-3414x1115,1983-10-10,Male,Electrician,28000,547,Tucson,Arizona,2022-09-15,
538,Ashley,Anderson,ashley.anderson538@mailbank.com,001-504-309-8366x552,1966-07-15,Male,Driver,105000,658,Spokane,Washington,2019-12-17,
539,Randall,Medina,randall.medina539@mailbank.com,337-672-9420x9548,1975-05-16,Female,Marketing Manager,32000,591,Seattle,Washington,2017-07-04,
540,Wendy,Mccarthy,wendy.mccarthy540@mailbank.com,446.205.2330x2764,1976-06-06,Male,Electrician,55000,511,Sacramento,California,2024-08-18,220
541,Amy,Rogers,amy.rogers541@mailbank.com,001-266-618-4438x612,1988-05-29,Male,Driver,210000,309,Naperville,Illinois,2026-04-25,
542,Stephen,Martin,stephen.martin542@mailbank.com,223-333-0591x2662,1955-12-27,Male,Accountant,62000,612,Boston,Massachusetts,2023-04-01,
543,Michael,Wells,michael.wells543@mailbank.com,459.862.6301x36749,2004-06-09,Female,Retired,62000,523,Springfield,Illinois,2017-03-22,
544,Kimberly,Esparza,kimberly.esparza544@mailbank.com,564.275.0111x178,1987-12-24,Female,Civil Servant,32000,307,Worcester,Massachusetts,2016-12-06,
545,Brenda,Archer,brenda.archer545@mailbank.com,392-767-6492,1976-07-03,Female,Student,210000,589,Mesa,Arizona,2023-03-23,
546,Bryan,Stout,bryan.stout546@mailbank.com,001-506-388-8718x981,1995-06-13,Female,Sales Executive,210000,632,Naperville,Illinois,2017-12-04,66
547,Henry,George,henry.george547@mailbank.com,610-729-3218x40118,1958-07-13,Female,Accountant,41000,829,Springfield,Illinois,2021-10-11,
548,Tammy,Jackson,tammy.jackson548@mailbank.com,940.784.8729,2006-05-12,Female,Electrician,75000,443,Miami,Florida,2022-11-08,
549,Alexandra,Andersen,alexandra.andersen549@mailbank.com,410.530.3243,1968-11-10,Female,Chef,89000,714,Sacramento,California,2021-08-09,
550,Brittany,Ramirez,brittany.ramirez550@mailbank.com,+1-844-462-6714,1991-06-25,Female,Marketing Manager,55000,847,Augusta,Georgia,2020-05-24,195
551,Amanda,Jones,amanda.jones551@mailbank.com,001-235-598-9262x566,1991-09-11,Female,Driver,41000,485,Cambridge,Massachusetts,2026-05-14,
552,Chris,Martinez,chris.martinez552@mailbank.com,251-355-4234,1954-05-02,Female,Marketing Manager,130000,487,Chicago,Illinois,2021-09-16,
553,Nicholas,Novak,nicholas.novak553@mailbank.com,628-649-7185,1970-06-14,Male,Marketing Manager,62000,730,Tacoma,Washington,2017-02-03,364
554,Catherine,Mosley,catherine.mosley554@mailbank.com,(425)488-9679x2408,1957-12-23,Female,Driver,32000,781,Spokane,Washington,2025-11-09,302
555,Douglas,Bradley,douglas.bradley555@mailbank.com,+1-853-596-7275x7844,1963-10-11,Male,Student,32000,690,Los Angeles,California,2025-07-25,
556,Kevin,Hodge,kevin.hodge556@mailbank.com,811-413-1290x14870,2004-07-31,Male,Nurse,55000,650,Tucson,Arizona,2020-03-26,
557,Timothy,Robertson,timothy.robertson557@mailbank.com,001-216-909-3068x538,2007-08-12,Female,Nurse,75000,484,Augusta,Georgia,2025-04-01,
558,Tami,Craig,tami.craig558@mailbank.com,921.852.8506,2000-08-25,Male,Doctor,210000,359,San Antonio,Texas,2021-06-14,
559,George,Booker,george.booker559@mailbank.com,+1-814-547-4430,1968-01-05,Male,Retired,32000,432,Sacramento,California,2023-01-27,173
560,Sandra,Hickman,sandra.hickman560@mailbank.com,7796705097,2005-04-13,Female,Business Owner,105000,692,Boulder,Colorado,2021-05-15,
561,Michael,Smith,michael.smith561@mailbank.com,(901)267-3188x261,2001-02-22,Female,Software Engineer,75000,843,Los Angeles,California,2017-12-09,
562,Eric,Douglas,eric.douglas562@mailbank.com,256-728-4177x2256,1961-04-19,Male,Accountant,75000,619,Miami,Florida,2020-02-12,
563,Nicole,Fletcher,nicole.fletcher563@mailbank.com,(366)850-2374,1954-05-17,Female,Nurse,32000,346,New York City,New York,2018-12-19,
564,Tracy,Simpson,tracy.simpson564@mailbank.com,001-268-762-1102x258,1988-08-21,Female,Business Owner,210000,437,Springfield,Illinois,2017-04-29,
565,Russell,Harper,russell.harper565@mailbank.com,571-863-9282x3414,1948-03-19,Male,Nurse,89000,319,Spokane,Washington,2020-12-31,
566,James,Mccarthy,james.mccarthy566@mailbank.com,892.239.2312x60432,1996-05-01,Male,Accountant,28000,816,Orlando,Florida,2023-04-21,
567,Christina,Davis,christina.davis567@mailbank.com,733-656-7086x0414,1950-10-16,Male,Business Owner,210000,561,New York City,New York,2020-03-29,
568,Sherry,Dawson,sherry.dawson568@mailbank.com,(300)805-3474,1962-07-21,Male,Electrician,28000,349,Mesa,Arizona,2025-04-27,50
569,Jack,Vaughan,jack.vaughan569@mailbank.com,708-525-5598,1969-07-19,Male,Student,62000,785,San Antonio,Texas,2019-03-03,
570,Debra,Clark,debra.clark570@mailbank.com,(391)709-3371,1970-10-11,Male,Sales Executive,89000,403,Buffalo,New York,2025-03-28,
571,Kevin,Wells,kevin.wells571@mailbank.com,(702)936-8485,1993-05-24,Male,Business Owner,32000,823,Tucson,Arizona,2021-07-22,
572,Crystal,Wilson,crystal.wilson572@mailbank.com,380.429.4240x90367,1973-11-25,Male,Retired,55000,504,Denver,Colorado,2021-01-10,
573,Samuel,Hicks,samuel.hicks573@mailbank.com,+1-643-620-2939x087,1981-06-26,Female,Marketing Manager,89000,602,Naperville,Illinois,2020-01-24,
574,Melissa,Phillips,melissa.phillips574@mailbank.com,608.234.0242,1963-11-05,Male,Marketing Manager,105000,638,New York City,New York,2017-03-29,
575,Dawn,Wright,dawn.wright575@mailbank.com,8596551842,1997-02-20,Male,Driver,165000,805,Miami,Florida,2021-07-26,92
576,Mark,Brown,mark.brown576@mailbank.com,642.540.8916,1996-09-08,Male,Marketing Manager,32000,562,New York City,New York,2024-07-31,
577,Lisa,Walker,lisa.walker577@mailbank.com,001-462-573-6527x172,1963-11-11,Female,Sales Executive,105000,351,Jacksonville,Florida,2022-01-21,
578,Ashley,Harding,ashley.harding578@mailbank.com,322-469-3121x6376,1958-07-23,Female,Doctor,210000,620,Austin,Texas,2018-12-08,
579,Jessica,Morton,jessica.morton579@mailbank.com,2102023142,1983-12-07,Male,Driver,41000,474,Augusta,Georgia,2019-12-08,47
580,Susan,Rodriguez,susan.rodriguez580@mailbank.com,001-513-227-9724x572,1991-11-26,Female,Chef,32000,681,Spokane,Washington,2019-07-11,
581,Amy,Adams,amy.adams581@mailbank.com,5182418620,1980-05-08,Female,Sales Executive,89000,789,Seattle,Washington,2016-03-21,410
582,Jeremy,Cruz,jeremy.cruz582@mailbank.com,+1-761-372-1314x5195,1968-12-06,Male,Teacher,41000,360,Augusta,Georgia,2018-12-27,
583,Paula,Munoz,paula.munoz583@mailbank.com,+1-626-324-9451x475,1958-06-02,Female,Consultant,165000,748,New York City,New York,2021-07-10,
584,Kristina,Hensley,kristina.hensley584@mailbank.com,(852)667-7119,2006-06-01,Male,Driver,210000,433,Rochester,New York,2024-02-06,
585,Duane,Morris,duane.morris585@mailbank.com,(957)967-6952x366,1955-05-21,Female,Software Engineer,32000,567,Worcester,Massachusetts,2023-12-29,422
586,Amanda,Underwood,amanda.underwood586@mailbank.com,(389)231-3503x05872,1970-10-24,Male,Electrician,75000,831,Seattle,Washington,2022-01-18,
587,Rhonda,Ward,rhonda.ward587@mailbank.com,(247)428-6333,1998-09-11,Male,Business Owner,210000,554,Mesa,Arizona,2024-02-09,
588,David,Dominguez,david.dominguez588@mailbank.com,001-765-401-9179x202,1956-04-26,Female,Nurse,130000,355,Worcester,Massachusetts,2023-08-20,
589,Christian,Jones,christian.jones589@mailbank.com,(927)228-4765,1981-11-19,Female,Driver,105000,469,San Francisco,California,2024-06-22,
590,Justin,Moore,justin.moore590@mailbank.com,001-828-420-6678x498,2000-08-08,Female,Sales Executive,28000,819,San Antonio,Texas,2016-05-02,
591,Joseph,Davis,joseph.davis591@mailbank.com,001-736-890-3628x917,1970-05-22,Male,Teacher,105000,754,Jacksonville,Florida,2025-11-26,
592,Margaret,Martin,margaret.martin592@mailbank.com,541.611.5950,1995-12-08,Female,Doctor,32000,809,Boulder,Colorado,2022-09-25,511
593,Francisco,Rodriguez,francisco.rodriguez593@mailbank.com,238-230-3419x9097,1960-06-13,Male,Student,130000,300,Los Angeles,California,2016-02-11,
594,Leonard,Harding,leonard.harding594@mailbank.com,468-235-6521x5681,1948-03-29,Male,Electrician,210000,767,Dallas,Texas,2019-09-18,
595,Brenda,Reyes,brenda.reyes595@mailbank.com,722-971-1332x2889,1982-12-01,Male,Driver,105000,639,Spokane,Washington,2024-11-15,
596,Kristen,Morgan,kristen.morgan596@mailbank.com,(606)333-9912x97102,1969-05-09,Female,Marketing Manager,105000,416,Mesa,Arizona,2024-11-30,
597,Victor,Gibson,victor.gibson597@mailbank.com,649-955-1127,1957-12-01,Female,Student,130000,682,Austin,Texas,2019-01-29,364
598,Tiffany,Hines,tiffany.hines598@mailbank.com,497-905-4669,1974-04-04,Female,Nurse,89000,409,Houston,Texas,2025-08-16,
599,Michael,Kirk,michael.kirk599@mailbank.com,+1-868-474-0903x8021,2004-11-09,Female,Accountant,105000,495,Naperville,Illinois,2019-11-22,124
600,Ashley,Nash,ashley.nash600@mailbank.com,+1-815-777-8711x2166,1961-02-12,Male,Chef,210000,426,Seattle,Washington,2025-02-07,
601,Caleb,Peterson,caleb.peterson601@mailbank.com,001-271-847-0827x235,1983-12-30,Male,Retired,28000,843,Worcester,Massachusetts,2018-03-19,
602,Bryan,Stokes,bryan.stokes602@mailbank.com,403.306.4421,1995-02-09,Female,Chef,130000,481,Sacramento,California,2026-03-11,
603,Joshua,Miller,joshua.miller603@mailbank.com,(983)942-0165x42356,2000-02-28,Male,Teacher,89000,629,Denver,Colorado,2020-09-13,
604,Amanda,Bowers,amanda.bowers604@mailbank.com,001-796-208-9319x925,2005-09-01,Male,Sales Executive,89000,651,Tucson,Arizona,2020-07-19,
605,Edward,Ellis,edward.ellis605@mailbank.com,364-280-7279,1956-08-01,Male,Business Owner,165000,824,Springfield,Illinois,2024-12-31,
606,Jeffery,Werner,jeffery.werner606@mailbank.com,(796)735-3390,1972-12-11,Female,Marketing Manager,130000,522,Naperville,Illinois,2021-09-08,
607,Allen,Mosley,allen.mosley607@mailbank.com,001-477-966-5586x851,1977-11-10,Female,Electrician,75000,435,Orlando,Florida,2025-01-13,
608,Ross,Thompson,ross.thompson608@mailbank.com,(946)349-1111x0961,1983-06-06,Female,Student,105000,727,Albany,New York,2021-08-26,
609,Cynthia,Gordon,cynthia.gordon609@mailbank.com,(233)778-6137x15766,1996-02-01,Female,Consultant,28000,835,Tucson,Arizona,2022-12-14,
610,Kimberly,Romero,kimberly.romero610@mailbank.com,763-406-0002x5895,1963-10-16,Male,Electrician,28000,504,Houston,Texas,2022-11-10,
611,Susan,Haney,susan.haney611@mailbank.com,896.709.6262,1962-03-30,Female,Nurse,28000,602,Chicago,Illinois,2026-02-20,
612,Zachary,Kim,zachary.kim612@mailbank.com,419.264.8253x11060,1953-09-16,Female,Teacher,165000,529,Miami,Florida,2024-05-05,
613,Christine,Stephens,christine.stephens613@mailbank.com,5278523343,2006-01-29,Male,Chef,89000,696,Tucson,Arizona,2021-12-15,295
614,Kaylee,Hopkins,kaylee.hopkins614@mailbank.com,+1-309-311-7911x2442,1964-03-25,Male,Software Engineer,62000,507,Augusta,Georgia,2025-09-26,
615,Troy,Ward,troy.ward615@mailbank.com,606.217.1366x5722,1998-01-12,Female,Consultant,165000,501,Boulder,Colorado,2020-01-26,
616,Rebecca,Keller,rebecca.keller616@mailbank.com,655-379-9802,1985-08-10,Male,Nurse,41000,826,Tampa,Florida,2024-11-25,
617,James,Johnson,james.johnson617@mailbank.com,(335)413-0523,1949-02-11,Female,Nurse,41000,561,San Antonio,Texas,2021-04-30,286
618,Joseph,Olson,joseph.olson618@mailbank.com,+1-447-576-8634,2004-12-05,Male,Software Engineer,41000,630,San Diego,California,2019-08-18,
619,Gloria,Clay,gloria.clay619@mailbank.com,001-694-723-7676,1964-08-06,Female,Retired,165000,666,Denver,Colorado,2020-02-03,
620,Cindy,Lawson,cindy.lawson620@mailbank.com,(717)820-8496x498,1973-06-29,Male,Student,32000,817,Dallas,Texas,2021-11-27,
621,Anthony,White,anthony.white621@mailbank.com,(731)535-5251x050,1967-02-04,Female,Teacher,75000,526,Rochester,New York,2024-03-27,
622,Steven,Pope,steven.pope622@mailbank.com,(849)738-3184x9196,2001-08-28,Female,Accountant,165000,843,Tampa,Florida,2021-11-06,
623,Lisa,Gonzalez,lisa.gonzalez623@mailbank.com,8465117295,1950-09-18,Male,Teacher,210000,654,Cambridge,Massachusetts,2021-02-21,
624,Barbara,Mitchell,barbara.mitchell624@mailbank.com,7742260880,1986-05-09,Male,Software Engineer,210000,628,Boston,Massachusetts,2024-11-30,
625,Chad,Davis,chad.davis625@mailbank.com,955-961-8579x064,1995-11-20,Female,Software Engineer,130000,683,Atlanta,Georgia,2023-07-14,
626,Melinda,Coffey,melinda.coffey626@mailbank.com,+1-310-530-0215x632,1955-01-07,Male,Sales Executive,210000,497,Mesa,Arizona,2019-11-23,
627,Jennifer,Burnett,jennifer.burnett627@mailbank.com,7048010414,1996-09-13,Male,Consultant,130000,846,Tacoma,Washington,2021-08-06,99
628,Joseph,Jackson,joseph.jackson628@mailbank.com,(552)996-7188,1956-01-01,Female,Driver,32000,510,Los Angeles,California,2020-10-18,219
629,Donna,Bray,donna.bray629@mailbank.com,314.341.5833,1967-01-18,Female,Electrician,32000,457,Mesa,Arizona,2023-08-12,
630,Teresa,Brown,teresa.brown630@mailbank.com,(337)415-3988x5472,1948-07-09,Male,Teacher,32000,355,Sacramento,California,2018-04-02,
631,Jeffery,Cox,jeffery.cox631@mailbank.com,336.531.4624x91271,2006-03-28,Male,Chef,62000,717,Albany,New York,2025-01-14,
632,Allen,Murray,allen.murray632@mailbank.com,775.241.8156x32686,1963-09-27,Female,Doctor,28000,698,Savannah,Georgia,2020-12-16,
633,Scott,Wood,scott.wood633@mailbank.com,(234)536-2948x97861,1950-09-06,Male,Consultant,165000,346,Houston,Texas,2019-12-26,
634,Susan,Robinson,susan.robinson634@mailbank.com,531-681-4396x661,1950-12-03,Male,Sales Executive,210000,608,Dallas,Texas,2016-05-15,
635,Tyler,Jackson,tyler.jackson635@mailbank.com,001-794-301-2897x432,1959-12-13,Female,Business Owner,89000,331,Denver,Colorado,2022-08-19,
636,Garrett,Cook,garrett.cook636@mailbank.com,+1-276-950-2412x0957,1975-01-18,Male,Marketing Manager,89000,602,Boston,Massachusetts,2026-01-08,
637,Morgan,Kennedy,morgan.kennedy637@mailbank.com,+1-643-988-2211x4577,1950-06-12,Female,Software Engineer,130000,444,Albany,New York,2016-03-07,
638,Jon,Ellis,jon.ellis638@mailbank.com,289-571-4802x63257,1997-05-26,Female,Student,130000,387,Houston,Texas,2019-02-19,611
639,Becky,Dominguez,becky.dominguez639@mailbank.com,636-714-8782,1973-07-30,Female,Accountant,89000,824,Chicago,Illinois,2018-02-23,
640,Pamela,Myers,pamela.myers640@mailbank.com,330-298-5916x7954,1972-10-09,Female,Accountant,32000,485,Buffalo,New York,2026-05-08,632
641,Victor,Jennings,victor.jennings641@mailbank.com,698-324-7414x0703,1975-09-18,Female,Electrician,130000,374,Denver,Colorado,2017-07-25,
642,Brian,Torres,brian.torres642@mailbank.com,3046254882,1973-07-21,Male,Marketing Manager,165000,798,Naperville,Illinois,2022-11-16,101
643,Douglas,Quinn,douglas.quinn643@mailbank.com,630-475-3666x1449,1973-08-28,Male,Sales Executive,165000,371,Spokane,Washington,2025-07-25,241
644,Anne,Shelton,anne.shelton644@mailbank.com,+1-434-826-8344x1497,1967-01-31,Female,Civil Servant,210000,613,Tampa,Florida,2022-01-08,
645,Kimberly,Bass,kimberly.bass645@mailbank.com,001-258-857-5676x670,1953-06-30,Female,Consultant,75000,738,Denver,Colorado,2021-06-26,
646,Christopher,Taylor,christopher.taylor646@mailbank.com,001-885-429-8940,2002-02-22,Male,Marketing Manager,210000,746,New York City,New York,2024-03-11,
647,Richard,Smith,richard.smith647@mailbank.com,701.204.1591x497,1996-03-07,Female,Retired,105000,667,Springfield,Illinois,2025-02-10,340
648,David,Richards,david.richards648@mailbank.com,001-938-528-7232x440,1978-05-20,Male,Electrician,165000,383,Springfield,Illinois,2023-06-20,
649,Danny,Smith,danny.smith649@mailbank.com,233-317-0876,1983-12-18,Male,Sales Executive,210000,378,Chicago,Illinois,2017-04-05,
650,Kevin,Webb,kevin.webb650@mailbank.com,+1-449-479-1620,1958-10-11,Male,Driver,165000,714,Houston,Texas,2018-06-12,
651,Lori,Sandoval,lori.sandoval651@mailbank.com,+1-737-674-4197,1957-12-24,Female,Student,130000,783,Denver,Colorado,2023-09-22,
652,Peter,Wolfe,peter.wolfe652@mailbank.com,(220)747-1960x94097,1954-03-05,Female,Nurse,105000,813,Albany,New York,2020-05-04,
653,Sydney,Mcdonald,sydney.mcdonald653@mailbank.com,(358)483-5868,1991-02-12,Male,Electrician,55000,469,Phoenix,Arizona,2018-11-19,
654,Diana,Bell,diana.bell654@mailbank.com,001-624-446-1767x929,1990-11-20,Male,Civil Servant,165000,449,Phoenix,Arizona,2019-07-14,
655,Heidi,Chapman,heidi.chapman655@mailbank.com,(310)402-3117x7533,1982-07-30,Male,Teacher,62000,678,Worcester,Massachusetts,2022-02-01,500
656,Jessica,Cruz,jessica.cruz656@mailbank.com,2944101759,2006-02-18,Female,Business Owner,105000,765,Miami,Florida,2025-08-09,
657,Manuel,Hale,manuel.hale657@mailbank.com,001-583-434-7743,1970-05-23,Female,Teacher,130000,580,Los Angeles,California,2026-04-19,
658,Ryan,Rice,ryan.rice658@mailbank.com,3137020569,1995-02-18,Male,Business Owner,210000,687,Naperville,Illinois,2016-11-23,
659,Jacob,Blair,jacob.blair659@mailbank.com,833.897.8559x8217,2002-05-24,Male,Student,62000,685,Tacoma,Washington,2022-09-09,
660,Morgan,Carroll,morgan.carroll660@mailbank.com,517-630-9850,1955-05-14,Female,Retired,105000,306,Jacksonville,Florida,2021-05-21,
661,Sandra,King,sandra.king661@mailbank.com,(641)889-3898,1989-12-06,Male,Teacher,130000,587,Phoenix,Arizona,2016-09-15,
662,Christine,Gardner,christine.gardner662@mailbank.com,700-256-4350x238,2001-03-29,Male,Electrician,55000,724,Orlando,Florida,2022-01-25,371
663,Joe,Jones,joe.jones663@mailbank.com,001-205-316-9918x724,2004-08-12,Female,Accountant,165000,465,Tacoma,Washington,2025-06-02,491
664,Austin,Romero,austin.romero664@mailbank.com,830-800-3896x0870,1986-10-03,Male,Nurse,210000,824,Atlanta,Georgia,2020-06-29,131
665,Heather,Jordan,heather.jordan665@mailbank.com,219.555.3560x331,1973-05-06,Male,Student,89000,319,San Francisco,California,2017-06-08,265
666,Robert,Goodwin,robert.goodwin666@mailbank.com,6032010272,1996-03-13,Female,Driver,105000,474,Chicago,Illinois,2021-08-01,622
667,Lee,Morrison,lee.morrison667@mailbank.com,(596)971-1148,2001-02-27,Male,Civil Servant,210000,823,Jacksonville,Florida,2026-05-24,
668,Janet,Li,janet.li668@mailbank.com,245.784.3845x881,2001-08-04,Female,Chef,105000,370,Chicago,Illinois,2024-12-10,
669,Rachel,Thornton,rachel.thornton669@mailbank.com,428.234.8315,1985-01-17,Male,Software Engineer,55000,835,Jacksonville,Florida,2018-11-30,
670,Tiffany,Hale,tiffany.hale670@mailbank.com,307-204-4964,1986-09-23,Male,Civil Servant,32000,481,Mesa,Arizona,2020-09-22,
671,Joshua,Lynch,joshua.lynch671@mailbank.com,(770)233-6268x0408,1977-06-15,Male,Teacher,105000,433,Cambridge,Massachusetts,2024-12-25,
672,Renee,Webster,renee.webster672@mailbank.com,693-905-9660x186,1967-11-28,Female,Student,89000,679,Aurora,Colorado,2024-08-16,
673,Rodney,Ball,rodney.ball673@mailbank.com,(873)220-4413x8459,1993-11-15,Female,Doctor,165000,400,Sacramento,California,2018-09-16,494
674,Christina,Ward,christina.ward674@mailbank.com,001-990-214-9542x770,1987-04-16,Male,Sales Executive,165000,718,Atlanta,Georgia,2024-02-24,239
675,Tammy,Castillo,tammy.castillo675@mailbank.com,4916498517,1998-05-24,Male,Student,28000,684,Chicago,Illinois,2018-04-08,8
676,Katie,Hill,katie.hill676@mailbank.com,+1-222-590-3102x8795,1999-11-17,Male,Nurse,89000,559,Tampa,Florida,2017-04-28,
677,Bruce,Klein,bruce.klein677@mailbank.com,+1-558-509-3511x8718,1963-04-12,Female,Civil Servant,62000,706,Naperville,Illinois,2018-09-06,
678,Mark,Watson,mark.watson678@mailbank.com,+1-264-420-5955x6574,1997-02-04,Female,Nurse,75000,795,Jacksonville,Florida,2020-05-01,
679,Micheal,Carter,micheal.carter679@mailbank.com,893-258-8953,1956-09-26,Female,Marketing Manager,41000,421,Springfield,Illinois,2022-02-27,
680,Diane,Hernandez,diane.hernandez680@mailbank.com,239-989-8681,1993-06-28,Male,Teacher,55000,820,Jacksonville,Florida,2022-10-05,
681,Donna,Meyer,donna.meyer681@mailbank.com,001-343-553-5375,1966-10-01,Male,Nurse,89000,305,Savannah,Georgia,2018-01-11,
682,Sean,Rosario,sean.rosario682@mailbank.com,+1-581-457-9376,1972-04-30,Female,Teacher,32000,569,Austin,Texas,2016-10-30,
683,Sara,Sanchez,sara.sanchez683@mailbank.com,+1-929-544-5511x6682,2002-04-16,Female,Chef,89000,833,Tampa,Florida,2023-01-08,39
684,Rachel,Walter,rachel.walter684@mailbank.com,887-812-0602x128,1948-08-30,Male,Consultant,41000,806,Naperville,Illinois,2017-04-04,
685,Michael,Morales,michael.morales685@mailbank.com,755-999-9101,1981-02-24,Female,Accountant,28000,822,Boston,Massachusetts,2023-06-01,673
686,Renee,Mccoy,renee.mccoy686@mailbank.com,001-772-929-8120x995,1992-03-05,Male,Doctor,55000,300,Mesa,Arizona,2020-07-15,174
687,Gregory,Sharp,gregory.sharp687@mailbank.com,847.650.9889,1964-06-28,Female,Doctor,210000,704,New York City,New York,2024-01-19,
688,Marcus,Flores,marcus.flores688@mailbank.com,001-636-684-9951x542,1958-06-09,Male,Chef,32000,591,Augusta,Georgia,2017-06-28,16
689,Tommy,Walker,tommy.walker689@mailbank.com,291-534-2138x820,1957-11-22,Female,Accountant,165000,499,Mesa,Arizona,2025-10-12,
690,Adam,Wall,adam.wall690@mailbank.com,001-967-882-7411,1949-04-12,Female,Nurse,89000,818,Worcester,Massachusetts,2018-02-11,
691,Trevor,Miller,trevor.miller691@mailbank.com,+1-715-213-1528x5478,1955-12-11,Female,Teacher,130000,563,Houston,Texas,2018-11-25,
692,Ryan,Randolph,ryan.randolph692@mailbank.com,+1-600-932-9633,1995-05-21,Female,Civil Servant,105000,549,Mesa,Arizona,2019-04-22,454
693,Edward,Cervantes,edward.cervantes693@mailbank.com,518.430.6178,1991-09-30,Male,Retired,32000,564,Spokane,Washington,2018-12-11,
694,Benjamin,Watts,benjamin.watts694@mailbank.com,957.882.4347,1984-07-15,Male,Electrician,55000,623,San Antonio,Texas,2022-07-28,
695,Carla,Daniels,carla.daniels695@mailbank.com,001-446-975-3612x751,1965-06-17,Male,Marketing Manager,62000,554,Savannah,Georgia,2018-04-12,
696,Mary,Shields,mary.shields696@mailbank.com,6447836085,1983-10-19,Female,Teacher,130000,482,Chicago,Illinois,2023-02-27,
697,Robert,Lamb,robert.lamb697@mailbank.com,5474350476,1973-03-31,Female,Nurse,210000,494,Worcester,Massachusetts,2018-09-18,
698,Amanda,Chan,amanda.chan698@mailbank.com,+1-352-298-0061x558,1954-05-09,Female,Accountant,55000,507,Cambridge,Massachusetts,2026-01-31,248
699,April,Cox,april.cox699@mailbank.com,+1-563-242-5563,1959-08-22,Male,Chef,32000,804,Tampa,Florida,2017-08-20,110
700,Barry,Smith,barry.smith700@mailbank.com,(870)424-4033x0416,2004-02-26,Male,Driver,105000,680,Denver,Colorado,2017-01-24,
701,Loretta,Mcdowell,loretta.mcdowell701@mailbank.com,860.208.9219x63945,1999-06-15,Female,Retired,41000,823,Boulder,Colorado,2016-10-18,
702,Kevin,Stevens,kevin.stevens702@mailbank.com,001-676-946-1368,1953-09-18,Male,Software Engineer,130000,733,Springfield,Illinois,2026-02-04,591
703,Justin,Warner,justin.warner703@mailbank.com,965.381.7390x6375,1978-02-16,Female,Driver,210000,478,Cambridge,Massachusetts,2019-12-25,356
704,Dawn,Cook,dawn.cook704@mailbank.com,882-937-9312,1996-04-25,Female,Doctor,28000,312,Boston,Massachusetts,2026-03-01,
705,Alexandra,Franco,alexandra.franco705@mailbank.com,546.945.2059x9604,1993-05-15,Female,Doctor,165000,565,Jacksonville,Florida,2016-08-12,
706,Amy,Edwards,amy.edwards706@mailbank.com,001-378-481-1616x202,1986-11-08,Female,Doctor,41000,810,Albany,New York,2019-05-09,483
707,James,Kane,james.kane707@mailbank.com,628.772.8660x4164,1954-07-21,Female,Doctor,89000,586,Atlanta,Georgia,2025-03-22,
708,Christina,Watson,christina.watson708@mailbank.com,939.258.9477x35228,1986-09-30,Male,Driver,32000,576,Boston,Massachusetts,2017-06-22,
709,Louis,White,louis.white709@mailbank.com,2439318751,1975-12-18,Male,Nurse,41000,784,Jacksonville,Florida,2026-05-06,
710,Brooke,Jones,brooke.jones710@mailbank.com,(503)344-6945x964,1985-11-30,Male,Chef,210000,829,San Francisco,California,2025-03-14,
711,Brittany,Garcia,brittany.garcia711@mailbank.com,001-612-989-6599,1960-09-20,Female,Sales Executive,62000,348,Mesa,Arizona,2017-11-09,
712,Jason,Smith,jason.smith712@mailbank.com,+1-822-927-0510x287,1961-08-23,Male,Accountant,62000,787,Atlanta,Georgia,2018-04-03,
713,Mark,Mason,mark.mason713@mailbank.com,(467)854-8581x9324,1954-10-09,Female,Doctor,75000,563,San Antonio,Texas,2021-10-31,
714,Ann,Henry,ann.henry714@mailbank.com,+1-565-520-5756,1995-01-27,Female,Driver,210000,503,Seattle,Washington,2023-02-20,
715,Patrick,White,patrick.white715@mailbank.com,258.630.9451x548,1992-08-04,Male,Consultant,62000,663,Aurora,Colorado,2016-02-10,
716,Arthur,Hill,arthur.hill716@mailbank.com,001-344-209-0797x727,1976-06-16,Female,Chef,32000,690,Tacoma,Washington,2016-06-16,
717,Mike,Salazar,mike.salazar717@mailbank.com,(321)661-0705,1990-07-14,Male,Driver,41000,645,Boulder,Colorado,2023-05-08,
718,Tonya,Lee,tonya.lee718@mailbank.com,+1-652-395-8066x0138,1984-07-28,Female,Driver,32000,381,Augusta,Georgia,2016-03-04,
719,Gerald,Williams,gerald.williams719@mailbank.com,(320)344-8515x79197,1984-03-30,Female,Marketing Manager,62000,704,Albany,New York,2023-03-04,325
720,Samantha,White,samantha.white720@mailbank.com,+1-202-803-5713x4324,1952-12-01,Female,Marketing Manager,165000,833,Springfield,Illinois,2019-04-22,
721,Janice,Thompson,janice.thompson721@mailbank.com,334.932.4474,1956-02-28,Male,Marketing Manager,55000,557,Worcester,Massachusetts,2019-04-15,24
722,Michael,Cox,michael.cox722@mailbank.com,+1-720-696-2893x6543,1994-01-28,Male,Teacher,105000,355,Austin,Texas,2021-06-12,106
723,Christopher,Ayala,christopher.ayala723@mailbank.com,7188272795,1963-03-24,Male,Teacher,62000,459,Sacramento,California,2020-11-14,
724,Dominique,Valenzuela,dominique.valenzuela724@mailbank.com,(902)467-5512x542,1967-01-28,Male,Marketing Manager,62000,753,San Antonio,Texas,2017-02-01,
725,Karen,Gonzales,karen.gonzales725@mailbank.com,001-266-573-4595x764,1984-09-24,Male,Software Engineer,28000,665,Buffalo,New York,2022-03-07,
726,Kathryn,Santana,kathryn.santana726@mailbank.com,001-449-469-0282x498,1978-02-25,Female,Student,105000,438,Spokane,Washington,2020-05-20,
727,Elizabeth,Kramer,elizabeth.kramer727@mailbank.com,001-425-576-2702x324,1950-12-18,Female,Electrician,210000,745,Phoenix,Arizona,2016-12-09,
728,Michaela,Kim,michaela.kim728@mailbank.com,+1-850-572-5178,1991-03-08,Female,Chef,75000,793,Mesa,Arizona,2017-08-09,
729,Roberta,Barnett,roberta.barnett729@mailbank.com,001-716-925-2654x696,1997-08-12,Female,Sales Executive,75000,722,Phoenix,Arizona,2023-05-10,
730,Elizabeth,Cordova,elizabeth.cordova730@mailbank.com,(835)355-8099,1949-05-07,Male,Student,41000,652,Chicago,Illinois,2025-03-22,
731,Debbie,Taylor,debbie.taylor731@mailbank.com,(415)462-6244x67046,1959-01-05,Female,Consultant,105000,606,Springfield,Illinois,2018-03-14,
732,Raymond,Holmes,raymond.holmes732@mailbank.com,(916)802-5298x670,1954-02-13,Male,Consultant,28000,682,Sacramento,California,2024-05-24,
733,Roberto,Brown,roberto.brown733@mailbank.com,397-485-7585,1973-03-26,Female,Business Owner,55000,467,Jacksonville,Florida,2023-09-23,
734,Tina,Schmidt,tina.schmidt734@mailbank.com,(805)294-3897,1970-09-28,Female,Electrician,55000,829,Savannah,Georgia,2023-01-10,82
735,Steven,Williams,steven.williams735@mailbank.com,6954465408,1999-10-22,Female,Electrician,130000,575,Aurora,Colorado,2020-10-16,
736,Kelly,Butler,kelly.butler736@mailbank.com,3913508632,1974-07-16,Male,Nurse,62000,413,Atlanta,Georgia,2019-02-06,
737,David,Thomas,david.thomas737@mailbank.com,(479)338-9701x550,1977-05-04,Female,Accountant,75000,319,Cambridge,Massachusetts,2025-04-18,
738,Patrick,Baird,patrick.baird738@mailbank.com,001-646-560-2416x139,1952-06-17,Male,Nurse,32000,588,New York City,New York,2025-08-28,
739,Heather,Williams,heather.williams739@mailbank.com,(242)848-0962x44063,1982-02-18,Male,Accountant,32000,454,Chicago,Illinois,2018-03-29,
740,Diane,Hill,diane.hill740@mailbank.com,+1-851-733-0531x9497,1975-06-25,Female,Consultant,105000,680,Sacramento,California,2024-03-25,431
741,Amber,Alvarez,amber.alvarez741@mailbank.com,357-927-7382x64609,1981-03-12,Female,Teacher,41000,357,Cambridge,Massachusetts,2019-07-28,
742,Anna,Reed,anna.reed742@mailbank.com,(744)857-7029x929,1960-03-09,Male,Accountant,62000,690,Springfield,Illinois,2026-04-04,482
743,Robert,Hubbard,robert.hubbard743@mailbank.com,001-373-668-2691x163,1992-10-25,Male,Business Owner,105000,553,Los Angeles,California,2018-12-15,
744,Gregory,Moore,gregory.moore744@mailbank.com,(886)553-6945x5158,1994-05-21,Male,Student,210000,513,San Francisco,California,2023-08-25,
745,Michele,Simpson,michele.simpson745@mailbank.com,822.864.0857x216,1975-07-27,Female,Chef,75000,462,Worcester,Massachusetts,2024-08-08,
746,Robert,Fields,robert.fields746@mailbank.com,+1-981-399-6059x329,1984-11-12,Female,Accountant,75000,353,Los Angeles,California,2017-06-11,654
747,Stephanie,Johnson,stephanie.johnson747@mailbank.com,(688)332-7532x7352,1983-10-25,Female,Software Engineer,41000,582,Miami,Florida,2024-03-23,445
748,Patricia,Clark,patricia.clark748@mailbank.com,+1-373-227-8195x237,1975-05-28,Male,Software Engineer,28000,786,Denver,Colorado,2018-07-21,
749,Kaitlyn,Fleming,kaitlyn.fleming749@mailbank.com,661.864.8198x0770,1972-02-12,Male,Accountant,41000,811,Denver,Colorado,2021-05-31,
750,Maria,Hardy,maria.hardy750@mailbank.com,576.911.2491x25652,1950-02-16,Male,Software Engineer,75000,457,Dallas,Texas,2020-02-28,
751,Jason,Davis,jason.davis751@mailbank.com,001-273-445-4757x494,1986-04-04,Female,Student,210000,655,Phoenix,Arizona,2016-10-08,239
752,Earl,Roberts,earl.roberts752@mailbank.com,(644)829-4774x222,1960-12-29,Female,Doctor,41000,556,Cambridge,Massachusetts,2019-11-11,706
753,Jonathan,Perez,jonathan.perez753@mailbank.com,(490)745-8867,1998-10-15,Female,Student,105000,494,Sacramento,California,2022-01-27,
754,Dawn,Matthews,dawn.matthews754@mailbank.com,(572)587-2760x1534,1977-10-19,Female,Marketing Manager,105000,581,Denver,Colorado,2021-06-13,
755,Edward,Franklin,edward.franklin755@mailbank.com,757.279.0833,1991-06-17,Male,Retired,62000,569,Aurora,Colorado,2017-03-30,544
756,Raymond,Garcia,raymond.garcia756@mailbank.com,+1-588-610-7983,1967-07-04,Female,Marketing Manager,41000,319,Tucson,Arizona,2016-09-12,
757,Laura,White,laura.white757@mailbank.com,572.309.4841,2003-11-30,Male,Doctor,32000,696,Boulder,Colorado,2024-12-06,
758,Rebecca,Anderson,rebecca.anderson758@mailbank.com,399.577.1805,1965-11-25,Male,Civil Servant,62000,630,Jacksonville,Florida,2018-03-01,
759,Timothy,Ramos,timothy.ramos759@mailbank.com,001-339-974-9096,1976-04-18,Male,Student,210000,368,Augusta,Georgia,2017-01-14,
760,Kimberly,Lee,kimberly.lee760@mailbank.com,604.669.4725x878,1996-01-30,Male,Teacher,105000,496,San Francisco,California,2022-05-26,33
761,Joseph,Patel,joseph.patel761@mailbank.com,847.612.7058x77221,1968-03-15,Female,Electrician,105000,838,Houston,Texas,2023-01-22,
762,Cody,Atkins,cody.atkins762@mailbank.com,(931)333-4845,1968-04-12,Male,Doctor,55000,372,Aurora,Colorado,2023-02-26,
763,Gail,Pennington,gail.pennington763@mailbank.com,523-662-2925x87964,1960-05-08,Male,Retired,210000,362,San Francisco,California,2022-12-30,
764,Thomas,Chase,thomas.chase764@mailbank.com,455-974-6966x06065,1965-12-13,Female,Driver,75000,359,Tacoma,Washington,2017-07-05,
765,Katie,Smith,katie.smith765@mailbank.com,001-544-950-5665x883,1989-12-29,Male,Driver,62000,379,Boulder,Colorado,2018-03-04,
766,Melissa,Rodriguez,melissa.rodriguez766@mailbank.com,297.706.7349x9601,1962-04-28,Female,Accountant,55000,838,Miami,Florida,2019-05-23,237
767,Joshua,Wood,joshua.wood767@mailbank.com,(515)362-2949,2003-02-24,Female,Marketing Manager,32000,666,Orlando,Florida,2017-02-26,
768,Samuel,Murphy,samuel.murphy768@mailbank.com,+1-584-402-1557,1980-07-12,Male,Nurse,41000,711,Cambridge,Massachusetts,2022-11-18,
769,Manuel,Perez,manuel.perez769@mailbank.com,001-244-790-2166x670,1969-06-19,Female,Chef,75000,622,Tucson,Arizona,2018-01-26,
770,Allen,Kim,allen.kim770@mailbank.com,387-949-5119x18182,1949-08-29,Female,Consultant,210000,740,Tucson,Arizona,2021-04-02,
771,Chelsea,Kaiser,chelsea.kaiser771@mailbank.com,(847)672-5129x57860,1992-11-06,Male,Business Owner,130000,560,Tacoma,Washington,2023-12-28,559
772,Adam,Clayton,adam.clayton772@mailbank.com,(424)539-5873x95923,1948-11-12,Female,Software Engineer,28000,591,Spokane,Washington,2018-05-06,
773,Kyle,Garcia,kyle.garcia773@mailbank.com,5286515533,1979-09-27,Female,Software Engineer,62000,527,Denver,Colorado,2025-11-01,
774,Frank,Ritter,frank.ritter774@mailbank.com,001-850-527-1607x360,1961-09-17,Female,Chef,130000,823,Tampa,Florida,2025-07-31,707
775,Jamie,James,jamie.james775@mailbank.com,(789)781-2317,1996-08-08,Male,Teacher,28000,771,Mesa,Arizona,2016-12-19,
776,Robert,Clark,robert.clark776@mailbank.com,648.317.0066x6155,1953-03-07,Male,Accountant,62000,607,Seattle,Washington,2021-04-12,376
777,Ryan,Abbott,ryan.abbott777@mailbank.com,467-204-5023,1965-10-10,Male,Marketing Manager,32000,632,San Antonio,Texas,2026-05-30,
778,David,Moore,david.moore778@mailbank.com,4934459626,1989-06-09,Male,Civil Servant,210000,607,Boston,Massachusetts,2023-12-09,
779,Sharon,Sanford,sharon.sanford779@mailbank.com,(751)620-7346,1992-04-02,Female,Doctor,89000,726,Sacramento,California,2024-06-09,58
780,Christy,Johnson,christy.johnson780@mailbank.com,702.560.8698x2210,1949-04-14,Male,Electrician,210000,691,Austin,Texas,2016-04-18,
781,Christopher,Mcneil,christopher.mcneil781@mailbank.com,(387)929-0477x42585,1954-06-24,Female,Student,165000,453,San Diego,California,2020-12-14,
782,Trevor,Guerra,trevor.guerra782@mailbank.com,622.731.1649x13342,1982-01-03,Male,Software Engineer,210000,702,Tacoma,Washington,2017-04-23,
783,Jennifer,Murray,jennifer.murray783@mailbank.com,225-465-2906x032,1983-03-08,Male,Accountant,89000,596,Cambridge,Massachusetts,2021-05-20,
784,Cynthia,Conley,cynthia.conley784@mailbank.com,5979753967,1962-01-02,Female,Civil Servant,28000,708,Atlanta,Georgia,2020-02-18,85
785,Christine,Gardner,christine.gardner785@mailbank.com,001-385-752-4578x715,1954-10-21,Female,Consultant,41000,438,Chicago,Illinois,2018-11-28,
786,Ronald,Johnson,ronald.johnson786@mailbank.com,411.884.2547x681,1980-05-01,Male,Student,165000,836,Cambridge,Massachusetts,2016-12-25,405
787,Lori,Blackwell,lori.blackwell787@mailbank.com,+1-530-435-8929x8808,1978-05-22,Female,Electrician,165000,391,Orlando,Florida,2017-06-23,441
788,Nicholas,Garcia,nicholas.garcia788@mailbank.com,+1-832-989-6340x646,1957-09-02,Female,Accountant,75000,652,San Antonio,Texas,2022-08-09,
789,Taylor,Taylor,taylor.taylor789@mailbank.com,484-539-9106x227,2004-01-09,Male,Doctor,165000,752,Aurora,Colorado,2016-01-02,313
790,Peter,Moore,peter.moore790@mailbank.com,451.534.2619,1972-11-15,Male,Accountant,210000,682,Denver,Colorado,2022-02-27,
791,Scott,Chambers,scott.chambers791@mailbank.com,684-381-9737,1993-05-15,Male,Civil Servant,41000,594,New York City,New York,2016-02-10,56
792,Amber,Bishop,amber.bishop792@mailbank.com,001-354-306-4176x927,1956-12-14,Male,Sales Executive,105000,782,San Diego,California,2025-03-02,
793,Whitney,Morrison,whitney.morrison793@mailbank.com,+1-376-260-1444x8564,1983-09-05,Male,Accountant,130000,835,San Diego,California,2019-10-11,551
794,Craig,Shaffer,craig.shaffer794@mailbank.com,001-864-217-8996,1962-04-19,Male,Marketing Manager,210000,318,Naperville,Illinois,2021-02-25,
795,Carolyn,Garza,carolyn.garza795@mailbank.com,001-211-735-9966,1995-05-08,Male,Sales Executive,41000,361,Augusta,Georgia,2025-12-08,
796,Deborah,Alexander,deborah.alexander796@mailbank.com,3666039205,1975-05-19,Female,Software Engineer,105000,308,Chicago,Illinois,2024-12-28,
797,Samantha,Pham,samantha.pham797@mailbank.com,555-753-4705x742,1991-06-24,Female,Driver,32000,319,San Antonio,Texas,2024-11-05,
798,Joy,Mullins,joy.mullins798@mailbank.com,915.459.8354x1165,1994-08-04,Female,Student,32000,623,Naperville,Illinois,2017-10-16,
799,Katherine,Harris,katherine.harris799@mailbank.com,475-822-5013x94884,1999-02-03,Male,Accountant,130000,768,Cambridge,Massachusetts,2021-01-20,
800,Christine,Jones,christine.jones800@mailbank.com,+1-364-725-8562x6149,1953-05-03,Female,Doctor,105000,702,Mesa,Arizona,2023-05-31,254
