transaction_id,account_id,transaction_date,transaction_type,amount,balance_after,channel,merchant_category,counterparty_account_id,status,description,is_international,city,currency,fee_charged
1,532,2025-10-20 20:41:55,Transfer In,7125.32,6381.54,Branch,,696,Failed,Transfer In via Mobile App,0,Phoenix,USD,0
2,265,2024-02-23 09:30:53,Transfer In,4408.2,183573.81,Online,,725,Completed,Transfer In via ATM,0,Houston,USD,0
3,20,2025-08-27 15:00:55,Interest Credit,2306.33,175515.07,Branch,,,Completed,Interest Credit via ATM,0,San Antonio,USD,0
4,569,2026-01-14 12:41:48,Withdrawal,7501.81,110242.96,Online,Travel,,Completed,Withdrawal via Online,0,Seattle,USD,0
5,454,2024-03-30 01:23:41,Interest Credit,2697.8,159227.89,Mobile App,,,Failed,Interest Credit via Online,0,Jacksonville,USD,2.5
6,1162,2024-04-22 11:37:11,Withdrawal,370.41,16513.36,ATM,Retail,,Failed,Withdrawal via POS,1,Los Angeles,USD,0
7,815,2025-02-05 21:22:53,Transfer Out,7543.52,13402.93,Online,,1122,Completed,Transfer Out via Mobile App,0,Jacksonville,USD,10
8,1026,2024-05-09 05:50:36,Withdrawal,5443.34,171499.64,Online,Travel,,Completed,Withdrawal via POS,0,Savannah,USD,0
9,43,2024-06-29 08:17:36,Deposit,3928.76,196795.85,Mobile App,Retail,,Completed,Deposit via ATM,0,Atlanta,USD,0
10,150,2024-04-30 17:09:25,Transfer In,7883.02,64837.21,Mobile App,,642,Completed,Transfer In via ATM,0,Chicago,USD,0
11,1193,2025-12-21 05:27:22,Deposit,1498.23,182043.59,ATM,,,Completed,Deposit via Online,0,Dallas,USD,0
12,32,2025-03-21 14:21:09,Bill Payment,260.43,166505.57,Mobile App,Groceries,,Completed,Bill Payment via ATM,0,Los Angeles,USD,5
13,1046,2025-12-22 13:16:50,Withdrawal,116.49,21157.2,Online,Utilities,,Completed,Withdrawal via Branch,0,Los Angeles,USD,1.5
14,686,2025-10-22 09:27:42,Interest Credit,7388.62,117613.1,Mobile App,,,Pending,Interest Credit via POS,0,Phoenix,USD,2.5
15,1159,2026-07-12 16:18:36,Fee,706.38,153475.8,Online,,,Completed,Fee via Branch,0,Tampa,USD,0
16,859,2026-01-28 10:22:12,Bill Payment,7059.03,229803.0,ATM,Groceries,,Completed,Bill Payment via POS,0,Chicago,USD,10
17,949,2026-07-19 12:54:09,Fee,5560.75,31033.57,Mobile App,,,Completed,Fee via Online,0,Tampa,USD,0
18,371,2024-07-16 13:19:49,Deposit,5604.89,23931.36,Mobile App,Dining,,Completed,Deposit via Branch,0,Aurora,USD,0
19,1070,2025-09-13 17:28:24,Transfer Out,3913.22,177835.61,Online,,9,Completed,Transfer Out via ATM,0,Orlando,USD,2.5
20,681,2025-12-29 05:19:03,Transfer Out,657.02,147071.46,Online,,641,Pending,Transfer Out via Branch,0,Dallas,USD,5
21,1139,2024-02-06 22:46:31,Transfer In,5672.09,238297.98,Online,,696,Completed,Transfer In via POS,0,Houston,USD,5
22,317,2025-07-24 17:45:42,Transfer In,4657.17,208570.93,Branch,,354,Failed,Transfer In via Online,0,Dallas,USD,0
23,345,2025-03-06 14:03:20,Bill Payment,3816.79,12141.28,Online,Groceries,,Completed,Bill Payment via POS,0,Tampa,USD,0
24,319,2024-12-02 15:19:31,Deposit,714.0,125665.97,Branch,Entertainment,,Completed,Deposit via Branch,1,Aurora,USD,0
25,136,2025-06-19 01:49:40,Transfer In,7628.12,149245.87,Mobile App,,738,Completed,Transfer In via Branch,0,Los Angeles,USD,0
26,74,2025-10-21 00:23:49,Transfer Out,7829.51,243521.41,Mobile App,,568,Completed,Transfer Out via Branch,0,Phoenix,USD,10
27,736,2025-03-30 10:22:53,Fee,1021.9,227462.36,Branch,,,Completed,Fee via ATM,0,New York City,USD,0
28,856,2026-05-25 02:51:01,Withdrawal,381.04,101718.7,ATM,Entertainment,,Pending,Withdrawal via ATM,0,Tampa,USD,10
29,936,2026-03-20 15:16:50,Transfer In,3186.08,23139.9,Online,,1198,Completed,Transfer In via ATM,0,Albany,USD,0
30,852,2026-02-14 02:17:27,Bill Payment,6504.57,121055.23,Online,Utilities,,Completed,Bill Payment via Branch,0,Aurora,USD,0
31,245,2024-04-13 10:08:07,Interest Credit,238.23,62960.67,POS,,,Completed,Interest Credit via Online,0,Augusta,USD,5
32,333,2026-02-01 19:57:09,Deposit,653.87,243988.13,Online,Travel,,Completed,Deposit via ATM,0,Savannah,USD,5
33,806,2024-10-08 11:32:29,Transfer In,6026.38,98389.15,Mobile App,,84,Completed,Transfer In via ATM,0,Boston,USD,2.5
34,741,2024-04-10 06:11:10,Deposit,4651.8,76731.81,ATM,Entertainment,,Failed,Deposit via Mobile App,1,Seattle,USD,0
35,461,2024-10-10 21:09:24,Transfer Out,2753.6,167572.49,Online,,620,Completed,Transfer Out via Branch,0,Augusta,USD,0
36,889,2026-02-27 06:10:32,Fee,944.18,75425.64,ATM,,,Completed,Fee via Mobile App,0,Tacoma,USD,2.5
37,546,2025-11-12 16:12:54,Bill Payment,815.79,220739.39,Online,Education,,Failed,Bill Payment via POS,0,Dallas,USD,5
38,303,2025-09-16 02:20:40,Transfer Out,5796.22,170399.93,Online,,174,Completed,Transfer Out via Branch,0,Tacoma,USD,0
39,275,2024-05-20 07:55:11,Bill Payment,7699.43,246175.49,POS,Entertainment,,Completed,Bill Payment via Online,0,Savannah,USD,0
40,461,2024-12-02 11:33:05,Withdrawal,7594.14,209936.2,Branch,Groceries,,Completed,Withdrawal via Online,0,Aurora,USD,10
41,831,2024-01-09 17:23:31,Deposit,7841.2,94886.27,Online,Entertainment,,Completed,Deposit via POS,0,Denver,USD,2.5
42,929,2025-10-25 14:14:50,Transfer In,5698.29,187097.37,Mobile App,,550,Completed,Transfer In via Online,1,Savannah,USD,0
43,895,2026-09-07 00:28:37,Withdrawal,3780.14,100973.2,Mobile App,Entertainment,,Completed,Withdrawal via POS,0,Houston,USD,5
44,428,2024-05-29 19:52:03,Fee,1016.15,44395.8,Branch,,,Completed,Fee via ATM,0,Seattle,USD,0
45,700,2024-10-13 03:20:55,Deposit,3195.81,82651.28,Mobile App,Dining,,Completed,Deposit via Mobile App,0,Phoenix,USD,0
46,232,2024-05-08 13:11:42,Fee,1920.04,116738.49,POS,,,Completed,Fee via Online,0,San Antonio,USD,1.5
47,372,2026-04-18 07:28:24,Withdrawal,7465.34,11791.45,Mobile App,Entertainment,,Completed,Withdrawal via POS,0,Jacksonville,USD,0
48,851,2025-08-13 05:14:30,Bill Payment,2411.47,230166.29,Branch,Healthcare,,Completed,Bill Payment via Mobile App,0,Tampa,USD,10
49,463,2025-11-30 05:23:11,Deposit,7260.15,5856.77,Online,Groceries,,Completed,Deposit via Mobile App,1,Atlanta,USD,0
50,291,2024-12-31 23:50:59,Interest Credit,639.81,189231.04,Online,,,Completed,Interest Credit via POS,0,Albany,USD,0
51,743,2026-08-23 17:47:01,Bill Payment,5265.24,111431.74,Mobile App,Dining,,Completed,Bill Payment via Online,0,Denver,USD,0
52,231,2025-12-21 03:08:43,Transfer In,5144.31,225859.73,Mobile App,,336,Completed,Transfer In via POS,0,Tacoma,USD,0
53,456,2026-04-17 23:12:08,Fee,3705.08,32598.9,Online,,,Completed,Fee via Mobile App,0,Tucson,USD,0
54,229,2024-03-06 21:15:10,Withdrawal,500.25,240350.1,Online,Groceries,,Completed,Withdrawal via Branch,0,Houston,USD,0
55,753,2026-01-10 15:04:04,Withdrawal,4155.56,7528.03,Mobile App,Groceries,,Completed,Withdrawal via Branch,0,Houston,USD,1.5
56,382,2025-10-15 20:18:20,Withdrawal,5302.23,29417.75,ATM,Travel,,Completed,Withdrawal via POS,0,San Antonio,USD,0
57,816,2026-03-14 18:02:03,Transfer Out,5022.23,127526.81,ATM,,178,Completed,Transfer Out via ATM,0,Atlanta,USD,2.5
58,316,2024-08-02 04:32:03,Transfer In,3129.17,155444.46,ATM,,55,Completed,Transfer In via Mobile App,0,Atlanta,USD,0
59,765,2025-10-27 14:47:59,Interest Credit,2821.23,232031.84,Mobile App,,,Completed,Interest Credit via Branch,0,Buffalo,USD,10
60,465,2025-08-18 00:14:53,Bill Payment,1524.88,156088.11,ATM,Education,,Completed,Bill Payment via Mobile App,0,Tampa,USD,2.5
61,462,2024-05-07 22:43:34,Deposit,3388.7,130906.29,POS,Utilities,,Completed,Deposit via ATM,0,Tucson,USD,0
62,1048,2025-11-24 04:06:54,Deposit,4859.04,198296.71,Mobile App,Utilities,,Completed,Deposit via Branch,0,Dallas,USD,0
63,1007,2025-05-10 13:33:31,Deposit,3174.42,166939.21,POS,Healthcare,,Pending,Deposit via Branch,0,Rochester,USD,0
64,1010,2024-01-18 01:18:16,Bill Payment,6735.31,239837.24,Mobile App,Retail,,Completed,Bill Payment via Online,0,Mesa,USD,0
65,665,2024-04-06 23:22:09,Transfer In,2104.93,52972.89,POS,,298,Completed,Transfer In via Branch,0,Albany,USD,0
66,218,2026-08-24 22:44:44,Bill Payment,2339.84,88679.8,POS,Dining,,Completed,Bill Payment via POS,0,Rochester,USD,0
67,725,2024-04-28 09:54:46,Transfer In,3019.33,53298.65,Mobile App,,692,Completed,Transfer In via Branch,0,Mesa,USD,0
68,137,2024-10-01 21:51:51,Fee,922.35,12520.53,Online,,,Completed,Fee via Online,0,Jacksonville,USD,0
69,995,2025-02-27 00:20:43,Bill Payment,1836.78,246841.81,Mobile App,Education,,Completed,Bill Payment via Online,0,Houston,USD,0
70,790,2024-12-24 07:09:10,Deposit,5290.48,203550.81,Mobile App,Education,,Completed,Deposit via Mobile App,0,Augusta,USD,0
71,643,2024-11-21 23:39:21,Bill Payment,6327.08,92721.42,Branch,Groceries,,Completed,Bill Payment via Branch,1,Houston,USD,2.5
72,178,2024-12-31 22:58:24,Transfer In,5764.44,18303.21,Mobile App,,148,Completed,Transfer In via Online,0,San Francisco,USD,0
73,1181,2024-11-02 07:57:01,Bill Payment,4741.44,152824.87,Online,Travel,,Completed,Bill Payment via Branch,0,Los Angeles,USD,0
74,38,2026-07-11 04:07:41,Withdrawal,3479.6,172665.84,ATM,Dining,,Completed,Withdrawal via Mobile App,0,Austin,USD,0
75,630,2024-07-30 14:07:33,Deposit,1618.27,194997.21,Online,Travel,,Failed,Deposit via Mobile App,0,Tucson,USD,5
76,75,2024-01-27 23:42:49,Transfer Out,4188.14,17438.66,Online,,442,Completed,Transfer Out via Branch,0,Rochester,USD,0
77,897,2026-07-28 15:06:40,Bill Payment,5401.23,118620.15,Branch,Groceries,,Completed,Bill Payment via POS,0,Mesa,USD,5
78,722,2026-06-05 07:49:34,Withdrawal,5101.03,244464.61,Mobile App,Travel,,Completed,Withdrawal via Online,0,Austin,USD,5
79,674,2026-02-15 23:08:11,Withdrawal,251.86,174093.73,Mobile App,Education,,Completed,Withdrawal via Branch,0,Buffalo,USD,0
80,325,2024-01-26 14:15:43,Deposit,558.68,200944.08,Online,Groceries,,Completed,Deposit via Online,0,Tucson,USD,1.5
81,983,2026-09-15 02:52:30,Deposit,404.28,108266.6,Online,Dining,,Completed,Deposit via Online,0,Cambridge,USD,10
82,822,2026-07-17 07:47:47,Withdrawal,3585.37,239919.6,Mobile App,Fuel,,Completed,Withdrawal via Branch,0,Atlanta,USD,5
83,70,2025-02-25 14:45:24,Withdrawal,2648.35,104556.98,Online,Groceries,,Completed,Withdrawal via Mobile App,0,Augusta,USD,1.5
84,1158,2024-12-27 02:22:27,Transfer In,1495.84,113641.41,ATM,,952,Completed,Transfer In via Online,0,Augusta,USD,0
85,658,2024-06-10 15:07:08,Withdrawal,5559.3,120079.33,ATM,,,Completed,Withdrawal via ATM,0,Albany,USD,10
86,847,2024-08-18 08:17:03,Bill Payment,3415.4,256711.41,Mobile App,Travel,,Completed,Bill Payment via POS,0,Tacoma,USD,5
87,715,2025-05-08 20:49:01,Interest Credit,3314.51,111871.63,Branch,,,Completed,Interest Credit via Online,0,Naperville,USD,0
88,630,2024-03-01 04:31:13,Bill Payment,6285.59,158340.52,Online,Entertainment,,Completed,Bill Payment via POS,0,Jacksonville,USD,1.5
89,565,2025-08-20 20:50:53,Transfer Out,2284.29,228800.39,Mobile App,,1178,Completed,Transfer Out via POS,0,Albany,USD,0
90,460,2024-03-02 09:29:33,Deposit,2628.86,31615.57,Mobile App,Retail,,Completed,Deposit via Branch,1,Aurora,USD,1.5
91,205,2025-12-18 09:40:45,Withdrawal,833.37,259399.07,Mobile App,Groceries,,Completed,Withdrawal via ATM,0,San Antonio,USD,10
92,89,2026-08-20 01:35:05,Transfer In,2414.36,89109.89,Branch,,1063,Completed,Transfer In via Mobile App,0,Mesa,USD,0
93,258,2025-03-06 08:37:36,Deposit,86.23,70872.07,Online,Entertainment,,Completed,Deposit via ATM,0,Tampa,USD,0
94,57,2026-05-10 05:46:07,Deposit,5899.69,25938.65,Mobile App,Healthcare,,Completed,Deposit via Mobile App,0,Boston,USD,2.5
95,1083,2024-01-23 08:03:18,Bill Payment,3135.89,150575.77,Online,Healthcare,,Completed,Bill Payment via ATM,0,Cambridge,USD,0
96,1175,2024-08-15 17:52:34,Transfer Out,7555.33,182923.86,Online,,535,Completed,Transfer Out via Online,0,Tampa,USD,0
97,149,2024-05-06 05:30:55,Withdrawal,4338.61,10591.18,Branch,Healthcare,,Completed,Withdrawal via Branch,0,Albany,USD,0
98,69,2024-10-07 20:03:49,Fee,1563.25,117870.06,ATM,,,Completed,Fee via ATM,0,Tampa,USD,10
99,1187,2025-10-10 19:03:28,Transfer In,5932.9,202734.91,Online,,812,Completed,Transfer In via POS,0,Spokane,USD,0
100,1166,2026-06-18 07:37:34,Fee,3054.53,150632.48,ATM,,,Completed,Fee via ATM,0,Denver,USD,10
101,586,2024-12-07 16:55:58,Deposit,2111.65,77149.7,Mobile App,Groceries,,Completed,Deposit via Branch,0,Savannah,USD,0
102,335,2024-09-17 12:57:12,Deposit,4474.88,108596.57,Branch,Entertainment,,Completed,Deposit via Online,0,Albany,USD,0
103,412,2026-05-12 07:50:58,Deposit,7952.16,205820.46,ATM,,,Completed,Deposit via Online,0,Dallas,USD,0
104,419,2026-04-06 02:41:25,Fee,1841.63,55498.41,Branch,,,Completed,Fee via ATM,0,San Antonio,USD,5
105,935,2025-11-14 01:54:54,Withdrawal,6527.2,222246.53,ATM,Fuel,,Completed,Withdrawal via POS,0,Spokane,USD,0
106,117,2025-10-02 18:09:56,Deposit,5135.83,12685.11,Mobile App,Travel,,Completed,Deposit via Branch,0,Chicago,USD,10
107,350,2024-08-09 09:26:15,Withdrawal,1738.19,10226.68,Online,Dining,,Completed,Withdrawal via POS,0,San Francisco,USD,0
108,931,2025-12-09 21:51:55,Bill Payment,7661.11,74680.61,Mobile App,Dining,,Completed,Bill Payment via Mobile App,0,Chicago,USD,10
109,209,2024-10-11 21:14:13,Bill Payment,3812.92,82132.11,Branch,Fuel,,Completed,Bill Payment via POS,1,Rochester,USD,1.5
110,103,2024-09-06 04:45:11,Withdrawal,5120.35,138647.61,Mobile App,Travel,,Completed,Withdrawal via Mobile App,0,Tacoma,USD,0
111,369,2024-05-04 10:41:13,Deposit,4792.38,202868.57,Branch,,,Completed,Deposit via POS,0,Chicago,USD,0
112,507,2025-09-06 21:43:05,Transfer In,5019.47,148231.7,Mobile App,,925,Completed,Transfer In via ATM,0,Austin,USD,0
113,245,2026-06-25 03:56:56,Transfer Out,7728.25,59755.02,Branch,,86,Completed,Transfer Out via Mobile App,0,Sacramento,USD,0
114,931,2025-02-08 17:29:39,Fee,6904.32,124999.59,Mobile App,,,Completed,Fee via Branch,0,Atlanta,USD,0
115,516,2025-05-10 09:27:43,Bill Payment,1429.73,190627.29,Mobile App,Healthcare,,Completed,Bill Payment via ATM,0,Buffalo,USD,10
116,795,2026-07-01 09:04:31,Bill Payment,2001.94,117053.72,ATM,Education,,Completed,Bill Payment via Online,0,San Antonio,USD,5
117,361,2025-09-30 13:24:58,Withdrawal,2567.42,152868.88,Online,Entertainment,,Completed,Withdrawal via Branch,0,Los Angeles,USD,0
118,415,2025-01-02 19:53:42,Interest Credit,2358.95,114018.48,Mobile App,,,Completed,Interest Credit via POS,0,Denver,USD,2.5
119,25,2026-06-10 06:09:17,Withdrawal,171.37,704.99,Online,Dining,,Completed,Withdrawal via POS,0,Houston,USD,2.5
120,389,2024-11-03 15:25:38,Bill Payment,3588.32,161465.48,Mobile App,Entertainment,,Completed,Bill Payment via Branch,0,Spokane,USD,5
121,478,2024-03-05 18:03:46,Withdrawal,3621.54,122231.31,Mobile App,Fuel,,Completed,Withdrawal via Online,0,San Francisco,USD,5
122,165,2025-03-17 22:14:22,Fee,2797.57,19933.32,Mobile App,,,Completed,Fee via Online,0,Albany,USD,0
123,586,2025-11-06 17:08:38,Deposit,2584.03,55211.97,ATM,Retail,,Completed,Deposit via POS,0,Cambridge,USD,0
124,949,2026-09-23 01:02:34,Bill Payment,6499.85,43158.44,Online,Retail,,Completed,Bill Payment via Branch,0,Augusta,USD,0
125,687,2025-01-06 05:25:14,Bill Payment,4989.9,167332.47,Online,Groceries,,Completed,Bill Payment via Branch,0,Tampa,USD,0
126,90,2025-02-28 07:40:27,Withdrawal,4277.79,182545.59,ATM,Travel,,Completed,Withdrawal via ATM,0,Buffalo,USD,0
127,355,2024-06-21 03:18:03,Bill Payment,2980.05,131976.79,Mobile App,Entertainment,,Completed,Bill Payment via Online,0,Cambridge,USD,5
128,1098,2024-09-02 14:31:41,Transfer In,3214.7,25243.07,Online,,18,Completed,Transfer In via Online,0,Sacramento,USD,5
129,634,2025-04-23 14:41:47,Interest Credit,6001.86,217338.98,Mobile App,,,Completed,Interest Credit via Mobile App,0,Boulder,USD,10
130,906,2024-04-16 05:05:31,Transfer Out,3846.13,134444.62,Mobile App,,643,Failed,Transfer Out via Mobile App,0,Boston,USD,1.5
131,244,2026-04-15 02:19:11,Transfer Out,5795.14,75602.91,ATM,,446,Completed,Transfer Out via Mobile App,0,Rochester,USD,0
132,396,2024-09-07 14:20:11,Deposit,2448.58,9913.7,ATM,Utilities,,Completed,Deposit via Branch,0,San Antonio,USD,1.5
133,995,2025-03-09 07:35:45,Interest Credit,7336.71,146908.21,Mobile App,,,Completed,Interest Credit via ATM,0,Phoenix,USD,0
134,833,2024-04-20 08:08:19,Transfer Out,4754.52,148746.24,Online,,569,Completed,Transfer Out via POS,0,San Antonio,USD,0
135,117,2025-07-07 19:57:23,Withdrawal,3458.77,3485.43,Mobile App,Retail,,Completed,Withdrawal via ATM,0,Atlanta,USD,0
136,331,2026-02-06 14:50:43,Transfer Out,1551.17,47400.64,ATM,,812,Completed,Transfer Out via ATM,0,Rochester,USD,1.5
137,501,2026-03-06 15:56:55,Fee,7193.66,142056.33,ATM,,,Completed,Fee via Branch,1,Albany,USD,0
138,123,2025-05-28 03:42:42,Transfer In,4274.19,40971.69,Online,,886,Completed,Transfer In via Branch,0,Rochester,USD,0
139,1028,2024-02-08 15:40:13,Transfer Out,3085.99,54196.42,Online,,418,Completed,Transfer Out via ATM,0,San Antonio,USD,5
140,363,2024-01-27 14:12:39,Withdrawal,842.52,142663.29,POS,Retail,,Completed,Withdrawal via ATM,0,Boulder,USD,0
141,412,2026-06-28 15:28:43,Fee,5736.59,37916.9,Mobile App,,,Completed,Fee via Branch,0,Rochester,USD,10
142,130,2026-03-01 22:40:36,Transfer Out,2606.31,104387.88,Mobile App,,41,Completed,Transfer Out via ATM,0,Cambridge,USD,2.5
143,1192,2025-07-06 17:39:21,Deposit,5080.26,134933.43,Mobile App,Education,,Completed,Deposit via Branch,0,New York City,USD,10
144,911,2024-04-10 04:14:04,Interest Credit,938.65,238573.87,Mobile App,,,Completed,Interest Credit via POS,0,Jacksonville,USD,1.5
145,717,2025-02-01 20:11:07,Bill Payment,1429.67,257557.05,Mobile App,Groceries,,Completed,Bill Payment via Mobile App,0,Boston,USD,5
146,350,2026-01-31 22:00:59,Transfer Out,2834.45,34251.84,Online,,193,Completed,Transfer Out via POS,0,Albany,USD,2.5
147,668,2024-03-30 19:13:02,Withdrawal,2186.27,162607.94,ATM,Retail,,Completed,Withdrawal via Online,0,San Francisco,USD,10
148,550,2024-06-10 13:12:52,Transfer Out,1146.04,108839.46,POS,,844,Completed,Transfer Out via Mobile App,0,Boston,USD,10
149,45,2025-05-30 05:56:11,Transfer Out,4428.2,78432.3,Mobile App,,937,Completed,Transfer Out via Online,0,Naperville,USD,5
150,565,2025-06-27 06:48:47,Deposit,4074.93,208119.46,Mobile App,,,Completed,Deposit via Mobile App,0,Tucson,USD,2.5
151,423,2025-05-30 19:38:14,Withdrawal,4654.29,25986.27,Online,Education,,Completed,Withdrawal via POS,0,Naperville,USD,2.5
152,21,2026-03-21 17:04:33,Bill Payment,1337.49,209225.33,Mobile App,Education,,Completed,Bill Payment via Branch,0,San Diego,USD,0
153,817,2025-10-30 20:29:52,Deposit,3672.15,102856.27,Online,Retail,,Completed,Deposit via ATM,0,Rochester,USD,1.5
154,1095,2025-03-22 20:46:35,Bill Payment,2871.76,199785.18,ATM,Utilities,,Completed,Bill Payment via POS,0,San Diego,USD,2.5
155,989,2024-05-27 20:03:39,Withdrawal,6519.35,60083.83,Online,Education,,Completed,Withdrawal via ATM,0,Worcester,USD,0
156,30,2024-01-31 10:06:22,Deposit,7681.25,237782.03,ATM,Healthcare,,Completed,Deposit via Online,0,Boston,USD,0
157,729,2025-12-19 08:28:21,Bill Payment,143.21,99499.47,ATM,Healthcare,,Completed,Bill Payment via POS,0,Phoenix,USD,1.5
158,885,2026-08-30 06:03:58,Transfer In,419.03,237462.92,Mobile App,,983,Completed,Transfer In via POS,0,Worcester,USD,0
159,64,2025-12-03 21:29:02,Deposit,6002.21,95558.64,Mobile App,Retail,,Completed,Deposit via Online,0,Seattle,USD,1.5
160,270,2025-04-07 12:40:55,Transfer Out,7505.45,124794.37,Mobile App,,806,Failed,Transfer Out via POS,0,Boston,USD,2.5
161,338,2024-07-14 02:16:29,Withdrawal,313.76,204298.13,ATM,Dining,,Completed,Withdrawal via Online,0,Cambridge,USD,10
162,281,2024-02-12 08:46:38,Withdrawal,3406.63,46270.04,Mobile App,Dining,,Completed,Withdrawal via ATM,0,Orlando,USD,1.5
163,901,2025-03-28 01:22:22,Bill Payment,2072.67,123864.88,Online,Entertainment,,Completed,Bill Payment via Online,0,Tampa,USD,5
164,669,2024-09-03 00:14:23,Deposit,6785.58,138006.92,Branch,Travel,,Completed,Deposit via ATM,1,Naperville,USD,2.5
165,713,2025-04-06 00:32:04,Withdrawal,1333.96,12765.43,Mobile App,,,Completed,Withdrawal via Branch,1,Houston,USD,10
166,486,2024-08-16 17:32:06,Interest Credit,5122.54,163926.52,Online,,,Completed,Interest Credit via Online,0,Jacksonville,USD,2.5
167,1139,2024-03-20 13:09:21,Withdrawal,5402.48,83077.69,ATM,Education,,Completed,Withdrawal via Branch,0,Atlanta,USD,0
168,641,2024-02-17 16:52:01,Deposit,929.67,83855.24,Online,Education,,Completed,Deposit via ATM,0,Sacramento,USD,0
169,744,2026-05-18 11:43:44,Withdrawal,746.51,116976.3,Branch,Fuel,,Completed,Withdrawal via Online,0,Atlanta,USD,0
170,610,2024-12-26 09:34:24,Transfer In,4233.75,27379.37,Mobile App,,606,Completed,Transfer In via Online,0,Tucson,USD,0
171,533,2025-06-13 15:11:09,Withdrawal,7210.91,7601.52,Branch,Travel,,Completed,Withdrawal via ATM,0,San Antonio,USD,0
172,863,2024-10-01 23:55:14,Deposit,6301.18,60787.23,Online,Travel,,Completed,Deposit via Branch,0,San Diego,USD,10
173,1037,2024-10-26 15:15:58,Transfer Out,1404.79,15899.15,Mobile App,,1141,Completed,Transfer Out via Mobile App,0,Naperville,USD,5
174,377,2026-03-10 10:11:24,Withdrawal,505.45,30023.51,Mobile App,Dining,,Completed,Withdrawal via Branch,1,Tampa,USD,10
175,1049,2024-06-23 15:08:09,Deposit,4097.51,91335.0,Mobile App,Utilities,,Completed,Deposit via Online,0,Denver,USD,0
176,982,2025-12-03 15:45:31,Transfer In,3034.3,153232.35,Online,,333,Failed,Transfer In via Online,0,Boston,USD,0
177,1179,2024-01-25 17:46:24,Withdrawal,3011.68,66642.2,Mobile App,Retail,,Completed,Withdrawal via POS,0,San Francisco,USD,0
178,230,2025-07-18 00:01:22,Deposit,4766.64,123678.93,Online,Healthcare,,Completed,Deposit via Branch,0,Tacoma,USD,0
179,195,2024-06-30 08:41:52,Bill Payment,4324.72,171855.63,Branch,Retail,,Completed,Bill Payment via Online,0,Boulder,USD,1.5
180,938,2025-06-14 15:04:45,Transfer Out,3507.13,236639.73,Online,,1150,Completed,Transfer Out via Mobile App,0,Atlanta,USD,0
181,1062,2025-06-11 01:35:09,Bill Payment,6741.48,44937.33,ATM,Groceries,,Completed,Bill Payment via Mobile App,0,Houston,USD,0
182,613,2024-12-20 14:56:54,Transfer Out,1504.31,233462.99,Online,,926,Completed,Transfer Out via POS,0,Chicago,USD,2.5
183,203,2025-03-01 01:21:28,Bill Payment,6359.47,109468.96,Mobile App,Travel,,Completed,Bill Payment via Mobile App,1,Dallas,USD,0
184,374,2025-03-04 15:01:21,Bill Payment,5107.37,136378.74,Branch,Travel,,Completed,Bill Payment via POS,0,Austin,USD,0
185,1007,2024-09-10 06:04:30,Bill Payment,642.89,149026.69,Mobile App,Healthcare,,Completed,Bill Payment via POS,0,Albany,USD,0
186,912,2024-01-30 14:59:32,Transfer In,380.72,36725.42,Mobile App,,647,Completed,Transfer In via POS,0,Savannah,USD,0
187,642,2024-04-30 06:07:44,Bill Payment,4310.0,195690.57,Online,Groceries,,Completed,Bill Payment via Online,0,Boston,USD,0
188,249,2024-01-06 10:56:16,Deposit,1932.84,18912.9,Branch,,,Completed,Deposit via Branch,0,Mesa,USD,1.5
189,276,2024-07-17 13:36:17,Bill Payment,2524.62,61757.52,Online,Utilities,,Completed,Bill Payment via POS,0,Dallas,USD,0
190,88,2025-10-31 17:00:29,Withdrawal,492.67,76426.26,Mobile App,Dining,,Completed,Withdrawal via ATM,0,Aurora,USD,10
191,422,2026-05-20 10:10:13,Withdrawal,3219.45,18662.86,Mobile App,Fuel,,Completed,Withdrawal via POS,0,Jacksonville,USD,0
192,724,2024-07-18 23:09:25,Withdrawal,4951.36,162177.41,Online,Groceries,,Pending,Withdrawal via Mobile App,0,Naperville,USD,10
193,505,2025-02-05 18:35:33,Deposit,2677.83,212947.78,Branch,Retail,,Completed,Deposit via Branch,0,San Antonio,USD,0
194,778,2026-03-31 22:33:59,Withdrawal,3146.13,9157.88,ATM,,,Completed,Withdrawal via Branch,0,Rochester,USD,10
195,58,2026-07-06 14:48:54,Fee,4359.89,108517.94,Mobile App,,,Completed,Fee via ATM,0,Jacksonville,USD,1.5
196,363,2025-03-14 14:20:05,Transfer Out,3024.8,65183.28,Mobile App,,523,Completed,Transfer Out via ATM,0,Dallas,USD,10
197,663,2024-09-10 17:06:16,Transfer Out,1641.88,226514.41,Online,,1097,Completed,Transfer Out via Online,0,Savannah,USD,0
198,77,2025-03-12 14:23:53,Deposit,4483.93,33466.66,POS,Groceries,,Completed,Deposit via Branch,0,Orlando,USD,5
199,276,2025-01-27 20:05:01,Interest Credit,4075.34,24841.53,Online,,,Completed,Interest Credit via Mobile App,0,Tampa,USD,2.5
200,433,2026-04-01 13:07:13,Interest Credit,4604.88,148684.77,ATM,,,Completed,Interest Credit via Online,0,Los Angeles,USD,0
201,355,2024-03-19 18:36:47,Transfer In,6109.43,243882.93,Online,,570,Completed,Transfer In via Online,0,Atlanta,USD,0
202,486,2025-08-06 23:26:43,Bill Payment,6136.52,194137.55,Online,Education,,Completed,Bill Payment via ATM,0,Miami,USD,0
203,871,2025-06-07 13:36:01,Bill Payment,7679.05,204675.08,Mobile App,Utilities,,Completed,Bill Payment via Online,0,San Diego,USD,0
204,625,2026-04-09 00:45:34,Interest Credit,4727.23,197121.75,Mobile App,,,Completed,Interest Credit via Branch,0,Phoenix,USD,2.5
205,1049,2025-11-29 01:52:45,Withdrawal,1876.12,72398.75,Online,Retail,,Completed,Withdrawal via Online,0,Los Angeles,USD,0
206,231,2025-04-19 01:16:52,Interest Credit,2796.11,132314.58,Online,,,Completed,Interest Credit via ATM,0,New York City,USD,5
207,273,2024-02-02 00:29:27,Withdrawal,6301.26,240043.38,ATM,Groceries,,Completed,Withdrawal via Branch,0,San Diego,USD,2.5
208,923,2026-09-04 20:42:57,Transfer In,63.55,15366.61,ATM,,573,Completed,Transfer In via POS,0,Springfield,USD,0
209,1158,2025-02-06 04:16:51,Withdrawal,2169.43,218129.44,Online,Travel,,Completed,Withdrawal via Mobile App,0,Seattle,USD,0
210,296,2025-02-28 17:05:52,Deposit,2220.0,5378.25,Mobile App,Fuel,,Completed,Deposit via Branch,0,Chicago,USD,5
211,420,2024-11-05 23:31:19,Deposit,2988.69,218599.26,Mobile App,Fuel,,Completed,Deposit via ATM,0,Orlando,USD,0
212,859,2024-11-25 16:06:21,Deposit,4270.89,11523.84,ATM,,,Completed,Deposit via Mobile App,0,Augusta,USD,0
213,103,2025-08-11 03:15:12,Transfer In,1198.73,115546.51,Mobile App,,818,Completed,Transfer In via Branch,0,San Diego,USD,2.5
214,485,2026-01-23 14:03:38,Withdrawal,6421.69,16360.55,Online,Dining,,Completed,Withdrawal via POS,0,Los Angeles,USD,2.5
215,953,2026-03-04 12:18:59,Transfer In,2507.34,23094.28,Branch,,123,Completed,Transfer In via POS,1,San Francisco,USD,10
216,443,2024-02-20 11:26:00,Transfer Out,720.35,169439.31,ATM,,71,Completed,Transfer Out via Branch,0,Augusta,USD,0
217,1044,2025-08-10 08:05:39,Transfer In,609.19,127850.94,ATM,,799,Completed,Transfer In via Online,0,Springfield,USD,5
218,230,2025-10-27 04:52:58,Interest Credit,892.12,41802.17,Mobile App,,,Failed,Interest Credit via Mobile App,0,Tucson,USD,1.5
219,628,2024-05-04 01:47:40,Withdrawal,435.08,214163.77,Mobile App,Dining,,Completed,Withdrawal via Branch,0,Buffalo,USD,0
220,814,2024-09-08 19:29:16,Deposit,2741.86,236778.81,Branch,Travel,,Completed,Deposit via ATM,0,Seattle,USD,10
221,972,2024-01-20 14:36:19,Fee,3009.74,3922.23,Mobile App,,,Completed,Fee via Online,0,Tampa,USD,0
222,964,2025-10-15 19:01:54,Transfer In,5214.11,186692.43,ATM,,615,Pending,Transfer In via Branch,0,Atlanta,USD,2.5
223,1197,2025-08-07 09:26:35,Transfer Out,900.01,32430.27,ATM,,76,Completed,Transfer Out via Online,1,Austin,USD,0
224,881,2025-06-26 18:57:55,Transfer Out,3239.8,189916.79,Mobile App,,585,Completed,Transfer Out via Online,0,Cambridge,USD,5
225,260,2026-07-28 14:14:51,Withdrawal,3038.06,235857.91,Online,Groceries,,Completed,Withdrawal via Mobile App,0,Boulder,USD,0
226,898,2024-03-08 19:24:41,Bill Payment,4462.13,253900.82,ATM,Utilities,,Completed,Bill Payment via Online,0,New York City,USD,0
227,896,2025-12-14 11:21:03,Withdrawal,407.56,191087.99,Mobile App,,,Failed,Withdrawal via Branch,0,New York City,USD,0
228,668,2026-01-25 18:32:37,Interest Credit,2232.43,68482.07,Online,,,Completed,Interest Credit via ATM,0,San Antonio,USD,0
229,1176,2026-05-06 04:54:26,Interest Credit,3284.7,69872.12,ATM,,,Completed,Interest Credit via ATM,0,Albany,USD,0
230,1007,2025-09-21 19:29:53,Bill Payment,5941.64,92131.26,Branch,Groceries,,Completed,Bill Payment via Branch,0,San Francisco,USD,0
231,1124,2024-09-26 00:24:41,Transfer In,1993.09,192869.5,POS,,598,Completed,Transfer In via POS,0,Los Angeles,USD,0
232,1058,2024-01-04 00:30:00,Transfer Out,6146.1,259809.35,ATM,,1164,Completed,Transfer Out via ATM,0,Austin,USD,5
233,1163,2024-09-05 19:00:23,Bill Payment,5024.07,34382.29,Online,Travel,,Failed,Bill Payment via POS,0,Tucson,USD,0
234,796,2026-09-22 11:45:38,Deposit,6362.28,76652.81,POS,Healthcare,,Failed,Deposit via POS,0,Chicago,USD,5
235,502,2024-03-06 15:32:03,Deposit,189.35,211775.14,POS,,,Completed,Deposit via Branch,0,San Antonio,USD,0
236,501,2026-02-21 21:19:50,Interest Credit,664.44,23183.78,Mobile App,,,Completed,Interest Credit via POS,0,Savannah,USD,1.5
237,676,2024-02-12 05:05:45,Transfer In,6075.04,37321.28,ATM,,633,Completed,Transfer In via ATM,0,Orlando,USD,2.5
238,490,2025-09-01 08:05:41,Withdrawal,3291.87,82272.73,Mobile App,Fuel,,Completed,Withdrawal via Online,0,Springfield,USD,5
239,885,2025-05-15 19:58:35,Transfer In,5730.33,13342.77,ATM,,196,Completed,Transfer In via ATM,0,Austin,USD,0
240,283,2026-03-17 05:11:26,Bill Payment,4109.14,239679.93,Branch,,,Completed,Bill Payment via Mobile App,0,Aurora,USD,2.5
241,1026,2024-10-24 00:48:23,Fee,3977.56,178472.72,Mobile App,,,Completed,Fee via Online,0,Miami,USD,5
242,639,2026-04-08 11:17:47,Deposit,7444.76,258885.39,ATM,Healthcare,,Completed,Deposit via Branch,0,New York City,USD,2.5
243,220,2026-03-31 01:38:15,Transfer Out,5494.52,162625.55,Mobile App,,143,Pending,Transfer Out via Online,0,Naperville,USD,5
244,235,2026-07-16 09:39:36,Fee,491.35,155623.14,Branch,,,Completed,Fee via Mobile App,0,Austin,USD,0
245,1151,2025-01-29 05:02:42,Withdrawal,1150.88,5761.68,Mobile App,Utilities,,Completed,Withdrawal via Branch,0,New York City,USD,5
246,141,2025-08-27 21:31:31,Withdrawal,1005.12,245984.02,Mobile App,Entertainment,,Completed,Withdrawal via Mobile App,0,Spokane,USD,0
247,530,2026-09-14 17:14:38,Withdrawal,5804.62,169633.99,Mobile App,Entertainment,,Pending,Withdrawal via Mobile App,1,Seattle,USD,5
248,52,2025-09-29 14:29:31,Deposit,709.46,-206.98,Online,Travel,,Completed,Deposit via Branch,1,Seattle,USD,10
249,305,2025-10-08 17:32:26,Withdrawal,2801.03,19765.43,POS,Retail,,Completed,Withdrawal via Branch,1,Dallas,USD,0
250,940,2024-07-17 06:23:41,Bill Payment,1470.27,256558.8,Online,Fuel,,Completed,Bill Payment via Mobile App,1,Boston,USD,0
251,267,2025-08-12 03:16:35,Withdrawal,617.32,228382.12,Mobile App,,,Completed,Withdrawal via POS,0,Springfield,USD,1.5
252,970,2025-11-14 18:50:58,Transfer In,648.75,149483.45,Online,,327,Completed,Transfer In via ATM,0,Dallas,USD,1.5
253,1026,2026-03-23 00:54:40,Transfer Out,7947.41,30895.17,Branch,,299,Completed,Transfer Out via Branch,0,Seattle,USD,5
254,775,2025-01-16 10:57:48,Transfer Out,7580.06,20762.73,Mobile App,,309,Completed,Transfer Out via Online,0,Atlanta,USD,0
255,731,2025-07-09 10:17:39,Withdrawal,6286.31,252112.9,Mobile App,Groceries,,Completed,Withdrawal via Online,0,Austin,USD,0
256,208,2024-10-19 00:44:19,Bill Payment,4901.61,141235.92,ATM,Travel,,Completed,Bill Payment via Branch,0,Cambridge,USD,0
257,629,2025-02-14 01:34:13,Withdrawal,5418.96,129116.01,Mobile App,Entertainment,,Completed,Withdrawal via ATM,0,Springfield,USD,5
258,1100,2025-01-16 05:45:37,Deposit,3244.19,224936.89,ATM,Entertainment,,Completed,Deposit via ATM,1,Rochester,USD,0
259,330,2024-04-09 09:03:45,Bill Payment,2971.7,170006.02,Branch,Travel,,Completed,Bill Payment via Branch,0,San Francisco,USD,0
260,823,2024-08-03 20:25:28,Deposit,4892.35,109057.59,Mobile App,Education,,Completed,Deposit via Branch,0,Boulder,USD,5
261,109,2024-10-13 01:57:40,Interest Credit,1625.07,14370.28,Mobile App,,,Completed,Interest Credit via Mobile App,0,Sacramento,USD,0
262,184,2024-02-19 00:08:35,Bill Payment,264.31,52982.43,Mobile App,Groceries,,Completed,Bill Payment via ATM,0,Denver,USD,0
263,956,2025-04-23 22:22:12,Bill Payment,4440.43,202536.66,ATM,Groceries,,Completed,Bill Payment via Mobile App,0,Buffalo,USD,2.5
264,105,2024-09-22 15:24:09,Bill Payment,2070.67,167779.71,Mobile App,,,Completed,Bill Payment via POS,0,Savannah,USD,0
265,247,2024-08-20 19:58:29,Deposit,7665.84,56545.7,Online,Healthcare,,Completed,Deposit via ATM,0,Albany,USD,10
266,1071,2024-06-22 20:19:43,Bill Payment,3776.03,154871.01,ATM,Fuel,,Completed,Bill Payment via ATM,1,Dallas,USD,5
267,57,2024-11-17 16:11:51,Transfer Out,4098.33,253698.37,ATM,,963,Completed,Transfer Out via POS,0,Augusta,USD,1.5
268,986,2024-07-01 15:34:59,Transfer In,969.31,125113.14,Mobile App,,406,Completed,Transfer In via Mobile App,0,Dallas,USD,0
269,373,2026-01-05 11:51:23,Bill Payment,4378.5,93980.14,Online,Education,,Completed,Bill Payment via POS,0,Albany,USD,1.5
270,601,2026-08-23 02:33:46,Deposit,6145.42,227600.81,POS,Travel,,Completed,Deposit via ATM,0,San Diego,USD,5
271,784,2025-10-30 09:24:32,Transfer Out,6776.09,102383.63,Online,,532,Completed,Transfer Out via Mobile App,0,Atlanta,USD,0
272,895,2025-08-16 22:20:46,Transfer Out,951.56,220622.57,Mobile App,,1184,Completed,Transfer Out via Branch,0,Sacramento,USD,0
273,833,2025-08-04 16:45:25,Fee,6588.49,99759.54,ATM,,,Completed,Fee via Branch,0,San Diego,USD,1.5
274,321,2026-06-29 03:29:47,Withdrawal,1698.99,160440.73,Mobile App,Utilities,,Completed,Withdrawal via Online,0,Naperville,USD,0
275,452,2026-09-20 16:18:05,Deposit,2414.92,191510.63,Online,Utilities,,Completed,Deposit via ATM,0,Tampa,USD,0
276,302,2025-03-21 04:13:12,Deposit,7293.18,122783.05,Online,Retail,,Completed,Deposit via POS,1,Naperville,USD,5
277,502,2024-01-15 15:08:51,Withdrawal,6942.55,223975.46,Branch,,,Completed,Withdrawal via ATM,0,San Francisco,USD,0
278,566,2025-12-11 01:32:02,Fee,3367.79,199401.34,ATM,,,Completed,Fee via POS,0,San Antonio,USD,2.5
279,968,2026-06-28 05:58:07,Withdrawal,2699.0,33845.72,Mobile App,Utilities,,Completed,Withdrawal via Mobile App,0,Dallas,USD,0
280,480,2024-06-13 19:29:55,Transfer Out,6121.79,130752.69,Branch,,1020,Completed,Transfer Out via Mobile App,0,San Diego,USD,10
281,330,2025-03-05 22:12:37,Withdrawal,3069.9,75456.58,Branch,Dining,,Completed,Withdrawal via Online,0,Cambridge,USD,10
282,960,2026-09-13 01:39:26,Deposit,2868.03,24657.35,Online,Fuel,,Completed,Deposit via POS,0,Savannah,USD,5
283,540,2025-10-21 00:02:22,Bill Payment,3848.07,124062.46,Mobile App,Travel,,Completed,Bill Payment via Mobile App,0,Tampa,USD,0
284,381,2024-01-27 06:06:14,Fee,2375.57,17098.74,Branch,,,Completed,Fee via Mobile App,0,Augusta,USD,0
285,332,2025-04-11 08:00:52,Transfer Out,2661.98,177535.81,Online,,808,Completed,Transfer Out via Mobile App,0,Aurora,USD,1.5
286,94,2025-05-29 12:57:45,Transfer In,3431.74,694.83,Mobile App,,279,Completed,Transfer In via Branch,0,Houston,USD,0
287,693,2026-03-29 04:10:42,Withdrawal,4390.18,122682.65,Mobile App,Retail,,Completed,Withdrawal via Branch,0,Aurora,USD,5
288,1033,2025-06-23 11:15:41,Bill Payment,4861.01,232731.26,Mobile App,Retail,,Completed,Bill Payment via POS,0,Aurora,USD,5
289,479,2024-06-20 04:26:35,Deposit,5552.9,201684.24,Branch,Healthcare,,Completed,Deposit via ATM,0,Buffalo,USD,10
290,410,2024-03-29 20:16:28,Transfer Out,5938.92,154199.47,Online,,671,Failed,Transfer Out via ATM,0,Spokane,USD,5
291,923,2024-02-24 19:30:10,Deposit,3792.15,229041.0,Online,,,Completed,Deposit via Online,0,Houston,USD,0
292,495,2024-06-07 01:00:07,Bill Payment,4218.12,219410.49,Online,Dining,,Completed,Bill Payment via Branch,0,Orlando,USD,0
293,123,2025-10-26 00:39:15,Bill Payment,1407.65,124322.08,ATM,Dining,,Completed,Bill Payment via Mobile App,0,Denver,USD,5
294,248,2024-01-28 08:59:20,Interest Credit,857.33,41068.0,Mobile App,,,Completed,Interest Credit via POS,0,Naperville,USD,1.5
295,1132,2026-03-12 15:25:55,Transfer In,4429.9,96196.79,Mobile App,,67,Completed,Transfer In via POS,0,Rochester,USD,0
296,61,2025-09-18 12:20:55,Fee,5976.28,258664.27,POS,,,Completed,Fee via ATM,0,Springfield,USD,0
297,815,2024-04-04 21:18:34,Withdrawal,6631.46,108643.36,ATM,Groceries,,Completed,Withdrawal via Mobile App,0,San Francisco,USD,0
298,165,2026-07-18 00:38:58,Transfer In,1556.18,230701.13,Mobile App,,81,Failed,Transfer In via Online,0,Orlando,USD,0
299,847,2026-07-23 15:21:10,Bill Payment,1472.4,96704.6,Branch,Entertainment,,Completed,Bill Payment via Mobile App,0,Springfield,USD,10
300,888,2026-07-30 19:50:29,Interest Credit,7327.46,-603.7,Branch,,,Completed,Interest Credit via Mobile App,0,Spokane,USD,1.5
301,125,2026-03-08 14:05:56,Deposit,2801.6,212217.4,Online,,,Completed,Deposit via POS,0,Tampa,USD,0
302,947,2024-08-22 17:46:03,Bill Payment,7930.5,45207.78,Mobile App,Fuel,,Completed,Bill Payment via POS,0,Augusta,USD,0
303,713,2025-11-13 23:27:33,Bill Payment,2391.23,212081.29,ATM,,,Completed,Bill Payment via Mobile App,0,Tacoma,USD,0
304,930,2026-01-19 10:10:18,Fee,4425.95,77575.27,POS,,,Completed,Fee via Online,0,Savannah,USD,0
305,928,2025-07-24 10:03:51,Bill Payment,4047.8,111930.45,Mobile App,Education,,Completed,Bill Payment via Mobile App,1,Worcester,USD,0
306,348,2025-08-17 06:47:30,Deposit,86.79,146041.72,Mobile App,Utilities,,Completed,Deposit via ATM,0,Houston,USD,2.5
307,613,2026-06-02 04:20:44,Fee,1909.38,6534.5,Branch,,,Completed,Fee via ATM,0,Rochester,USD,0
308,714,2026-02-17 11:30:15,Interest Credit,1981.89,43408.05,POS,,,Completed,Interest Credit via ATM,0,Savannah,USD,2.5
309,705,2025-03-23 16:23:40,Fee,479.74,159966.25,Mobile App,,,Pending,Fee via Online,0,San Diego,USD,0
310,830,2024-05-26 07:30:15,Transfer Out,6506.21,72627.31,Mobile App,,1148,Completed,Transfer Out via Branch,0,Albany,USD,1.5
311,505,2024-04-21 17:35:12,Withdrawal,1309.87,32652.83,Mobile App,Retail,,Completed,Withdrawal via POS,0,Tampa,USD,0
312,259,2026-09-01 01:25:21,Bill Payment,6310.34,21702.06,Mobile App,Entertainment,,Completed,Bill Payment via Online,0,Boston,USD,2.5
313,275,2026-08-18 14:15:38,Interest Credit,947.65,61594.44,Online,,,Completed,Interest Credit via Mobile App,0,Savannah,USD,1.5
314,328,2025-12-30 11:52:32,Deposit,124.03,153967.96,Mobile App,Dining,,Completed,Deposit via POS,0,Phoenix,USD,2.5
315,201,2025-06-20 10:14:36,Transfer Out,1450.59,17915.54,Branch,,915,Completed,Transfer Out via Branch,0,New York City,USD,5
316,562,2025-09-16 17:00:36,Transfer In,1213.4,162943.49,Online,,1042,Completed,Transfer In via Branch,0,Cambridge,USD,0
317,919,2026-08-20 15:40:21,Bill Payment,1832.41,147623.46,ATM,Groceries,,Completed,Bill Payment via POS,0,Spokane,USD,0
318,554,2026-07-14 22:44:46,Deposit,1333.89,14452.18,Mobile App,Utilities,,Completed,Deposit via Online,0,Dallas,USD,1.5
319,430,2025-05-22 04:49:31,Bill Payment,1120.89,165639.98,Branch,,,Completed,Bill Payment via ATM,0,Phoenix,USD,10
320,945,2026-03-24 16:31:02,Transfer Out,2091.12,96082.77,Mobile App,,260,Completed,Transfer Out via Branch,1,Boulder,USD,0
321,521,2026-04-29 16:44:48,Transfer Out,5404.87,205298.83,Online,,1106,Completed,Transfer Out via ATM,0,Mesa,USD,10
322,85,2026-08-26 13:36:45,Transfer In,5074.21,49947.86,Branch,,1177,Completed,Transfer In via Branch,0,Cambridge,USD,2.5
323,196,2026-07-15 05:16:12,Withdrawal,4942.0,41473.44,Online,Groceries,,Completed,Withdrawal via Online,1,Springfield,USD,0
324,1065,2026-06-11 09:00:22,Withdrawal,4030.13,190633.11,Online,Healthcare,,Completed,Withdrawal via POS,0,Spokane,USD,5
325,979,2024-10-30 12:08:25,Deposit,6309.35,191789.89,Branch,Groceries,,Completed,Deposit via POS,0,Savannah,USD,1.5
326,444,2024-05-17 23:08:23,Fee,5103.0,81547.12,Online,,,Completed,Fee via Mobile App,0,Albany,USD,0
327,376,2026-01-26 07:36:29,Fee,73.94,25847.86,ATM,,,Completed,Fee via Mobile App,0,Seattle,USD,10
328,353,2025-03-26 09:19:49,Transfer Out,1513.68,228772.71,Online,,516,Completed,Transfer Out via Branch,0,Jacksonville,USD,1.5
329,179,2026-05-28 10:00:26,Withdrawal,4589.31,998.5,ATM,,,Completed,Withdrawal via Mobile App,0,Phoenix,USD,0
330,276,2024-12-21 08:07:48,Transfer In,6.97,214944.18,ATM,,702,Completed,Transfer In via Mobile App,0,Houston,USD,10
331,584,2025-05-27 02:51:25,Bill Payment,155.01,159005.09,ATM,Travel,,Completed,Bill Payment via POS,0,Savannah,USD,0
332,1104,2026-07-14 05:57:14,Transfer Out,1080.08,217124.73,ATM,,611,Failed,Transfer Out via Branch,0,Los Angeles,USD,0
333,860,2025-07-23 22:41:27,Interest Credit,7454.46,35614.34,Online,,,Completed,Interest Credit via Mobile App,0,San Antonio,USD,5
334,113,2025-03-15 11:20:57,Transfer In,3490.23,100421.65,Branch,,266,Completed,Transfer In via Online,0,Spokane,USD,0
335,949,2025-05-20 20:01:22,Deposit,2174.66,114509.54,Online,Utilities,,Completed,Deposit via Branch,0,Orlando,USD,0
336,841,2025-03-12 19:01:12,Deposit,5145.1,65851.5,Mobile App,,,Failed,Deposit via Online,0,Miami,USD,0
337,797,2024-01-12 12:15:46,Withdrawal,7199.93,28471.7,Mobile App,Entertainment,,Completed,Withdrawal via Mobile App,0,Augusta,USD,2.5
338,977,2024-06-21 05:31:02,Interest Credit,7154.89,195037.59,Online,,,Completed,Interest Credit via Online,0,Rochester,USD,0
339,569,2026-03-21 05:55:01,Fee,6471.77,122025.95,Mobile App,,,Completed,Fee via POS,0,Austin,USD,10
340,1157,2024-09-15 23:33:36,Deposit,2401.74,8788.21,ATM,Dining,,Completed,Deposit via Mobile App,0,Springfield,USD,0
341,1017,2024-02-16 17:29:18,Deposit,2153.0,202597.06,Mobile App,Retail,,Completed,Deposit via Mobile App,0,Phoenix,USD,0
342,339,2025-04-18 08:36:59,Withdrawal,2350.91,94867.46,Branch,Education,,Completed,Withdrawal via Branch,0,San Diego,USD,1.5
343,958,2025-04-17 07:53:20,Deposit,4128.16,14563.45,ATM,Entertainment,,Failed,Deposit via POS,0,Boulder,USD,2.5
344,641,2024-04-03 12:13:55,Transfer In,7549.13,21939.01,Mobile App,,358,Completed,Transfer In via POS,0,San Diego,USD,0
345,977,2026-04-20 21:46:42,Transfer Out,2098.49,11076.67,Online,,876,Completed,Transfer Out via Mobile App,0,Naperville,USD,0
346,934,2026-04-20 10:25:43,Transfer In,7252.7,70261.53,Online,,537,Completed,Transfer In via Mobile App,0,Phoenix,USD,2.5
347,852,2025-01-14 11:44:44,Withdrawal,3315.68,32419.88,Mobile App,Fuel,,Completed,Withdrawal via Mobile App,0,Houston,USD,2.5
348,609,2024-03-25 22:59:12,Fee,701.59,95664.96,Online,,,Completed,Fee via ATM,1,Buffalo,USD,10
349,974,2025-08-17 11:44:12,Interest Credit,1339.66,218898.3,ATM,,,Completed,Interest Credit via Online,0,Tucson,USD,5
350,42,2024-04-01 07:41:48,Withdrawal,1893.32,195259.48,Online,Retail,,Completed,Withdrawal via ATM,0,Jacksonville,USD,10
351,547,2025-10-08 15:44:46,Fee,4739.16,62359.55,ATM,,,Completed,Fee via Mobile App,0,San Francisco,USD,5
352,965,2024-03-24 20:44:48,Bill Payment,7101.87,141574.33,ATM,Utilities,,Completed,Bill Payment via Mobile App,0,Mesa,USD,1.5
353,167,2024-06-06 12:22:03,Transfer Out,6169.92,131118.34,Online,,926,Completed,Transfer Out via POS,0,San Diego,USD,5
354,965,2026-06-08 04:59:28,Bill Payment,4583.27,77826.14,Mobile App,Travel,,Completed,Bill Payment via POS,0,Boulder,USD,10
355,819,2025-11-03 23:48:09,Deposit,6751.46,220218.06,Mobile App,Healthcare,,Completed,Deposit via POS,0,San Antonio,USD,10
356,121,2025-08-12 05:58:40,Withdrawal,6852.3,198428.49,Mobile App,Retail,,Completed,Withdrawal via Mobile App,0,Phoenix,USD,0
357,834,2026-02-28 21:07:43,Withdrawal,1498.62,197784.59,Online,Groceries,,Completed,Withdrawal via ATM,0,Rochester,USD,0
358,1161,2025-08-21 16:50:44,Bill Payment,7444.26,29439.49,ATM,Fuel,,Completed,Bill Payment via Branch,0,Tampa,USD,10
359,186,2025-02-26 15:03:41,Transfer In,7315.79,137880.09,Mobile App,,13,Completed,Transfer In via Online,0,Naperville,USD,0
360,62,2026-06-21 00:05:45,Withdrawal,5565.17,177984.37,Mobile App,Education,,Pending,Withdrawal via ATM,0,Jacksonville,USD,2.5
361,620,2024-05-30 03:16:02,Bill Payment,5119.67,27594.14,Online,Groceries,,Completed,Bill Payment via Mobile App,0,Augusta,USD,0
362,131,2025-12-25 18:04:22,Transfer Out,6557.11,47740.94,Online,,900,Pending,Transfer Out via POS,0,Springfield,USD,0
363,1150,2025-01-26 07:41:16,Fee,5941.28,70819.25,Mobile App,,,Completed,Fee via Branch,0,Houston,USD,10
364,1104,2026-07-30 09:12:24,Deposit,3774.45,99227.53,Online,Groceries,,Completed,Deposit via Branch,0,Tacoma,USD,0
365,211,2025-10-30 22:27:16,Withdrawal,6808.06,239304.11,Mobile App,,,Completed,Withdrawal via POS,0,Los Angeles,USD,0
366,920,2026-04-26 05:40:34,Bill Payment,919.93,243471.93,POS,Groceries,,Completed,Bill Payment via Online,0,Sacramento,USD,0
367,64,2025-10-25 06:06:08,Transfer In,4317.67,165842.93,Mobile App,,1061,Completed,Transfer In via Mobile App,0,Buffalo,USD,0
368,850,2024-02-19 22:12:28,Transfer Out,5212.0,216225.98,Mobile App,,607,Completed,Transfer Out via ATM,0,San Francisco,USD,10
369,302,2024-02-13 01:09:43,Transfer In,5279.87,247269.28,ATM,,695,Completed,Transfer In via Online,0,Worcester,USD,0
370,867,2024-12-19 22:22:01,Interest Credit,5484.96,186438.88,Mobile App,,,Completed,Interest Credit via ATM,0,Mesa,USD,5
371,803,2025-12-12 22:55:32,Deposit,4461.97,32968.85,ATM,Education,,Completed,Deposit via Mobile App,0,Rochester,USD,5
372,399,2024-09-15 03:13:09,Bill Payment,7059.49,68562.76,Branch,Entertainment,,Completed,Bill Payment via Branch,0,Tacoma,USD,10
373,13,2026-02-27 21:21:28,Deposit,92.56,210352.69,Mobile App,Entertainment,,Completed,Deposit via Branch,0,Savannah,USD,0
374,836,2026-02-27 12:52:21,Transfer Out,4686.61,248688.0,Online,,320,Completed,Transfer Out via Branch,0,Springfield,USD,10
375,830,2025-02-26 16:13:04,Bill Payment,7415.12,63480.5,Online,Groceries,,Completed,Bill Payment via ATM,0,Naperville,USD,0
376,769,2024-12-19 21:37:11,Withdrawal,6756.47,9011.5,Online,Entertainment,,Completed,Withdrawal via Mobile App,0,Austin,USD,10
377,753,2024-02-13 22:23:44,Bill Payment,2230.66,252375.09,Mobile App,Groceries,,Completed,Bill Payment via Online,0,Boulder,USD,0
378,244,2026-06-16 18:54:27,Withdrawal,5736.21,259496.33,Branch,Fuel,,Completed,Withdrawal via Mobile App,0,Miami,USD,0
379,473,2025-10-03 01:00:42,Transfer In,3052.37,156331.58,Online,,950,Completed,Transfer In via Online,0,New York City,USD,2.5
380,1191,2024-06-25 16:12:19,Withdrawal,6533.69,33340.77,ATM,Dining,,Completed,Withdrawal via POS,0,Rochester,USD,0
381,842,2024-10-10 13:10:53,Transfer Out,1034.84,107241.65,ATM,,787,Completed,Transfer Out via POS,0,Rochester,USD,0
382,707,2026-06-10 23:24:24,Withdrawal,7882.21,170213.72,ATM,,,Completed,Withdrawal via POS,0,Jacksonville,USD,0
383,657,2025-11-20 13:09:57,Bill Payment,5879.76,143666.21,Online,Retail,,Completed,Bill Payment via POS,0,Cambridge,USD,0
384,617,2025-07-11 01:42:35,Deposit,2042.18,10800.2,Mobile App,Dining,,Completed,Deposit via POS,0,Dallas,USD,2.5
385,410,2024-11-28 15:22:01,Transfer Out,5969.56,38546.57,ATM,,174,Completed,Transfer Out via ATM,0,Naperville,USD,1.5
386,102,2025-01-11 15:10:10,Bill Payment,5267.5,241645.92,ATM,Fuel,,Completed,Bill Payment via ATM,1,Seattle,USD,0
387,70,2024-04-16 19:04:36,Fee,5850.06,145774.02,Branch,,,Completed,Fee via Branch,0,Denver,USD,2.5
388,312,2026-07-18 03:33:19,Fee,6749.71,121160.26,ATM,,,Completed,Fee via Mobile App,0,Augusta,USD,1.5
389,328,2025-08-02 20:55:13,Bill Payment,5338.7,75775.09,ATM,Dining,,Completed,Bill Payment via Branch,0,Rochester,USD,0
390,690,2026-05-07 06:36:28,Bill Payment,252.69,258251.46,Online,Fuel,,Failed,Bill Payment via ATM,0,Chicago,USD,5
391,257,2025-10-19 07:32:00,Fee,4549.24,253912.43,Mobile App,,,Completed,Fee via ATM,0,Savannah,USD,5
392,1094,2025-10-01 21:28:09,Deposit,39.49,170627.02,Branch,Fuel,,Failed,Deposit via Mobile App,0,Worcester,USD,0
393,1078,2024-06-30 08:40:59,Transfer In,2668.98,38069.02,Mobile App,,984,Completed,Transfer In via Online,0,Los Angeles,USD,1.5
394,508,2025-09-30 17:14:49,Bill Payment,2462.29,29575.19,ATM,Entertainment,,Completed,Bill Payment via ATM,0,Mesa,USD,2.5
395,829,2026-06-01 23:57:01,Deposit,419.38,127917.44,Online,Fuel,,Completed,Deposit via Online,0,Worcester,USD,0
396,1179,2026-07-13 08:59:29,Bill Payment,1438.81,36412.54,Branch,Groceries,,Completed,Bill Payment via POS,0,Houston,USD,0
397,1057,2025-12-01 14:34:05,Transfer In,1683.69,47747.85,Mobile App,,83,Completed,Transfer In via Online,0,Phoenix,USD,1.5
398,1127,2024-10-09 11:22:25,Transfer Out,6238.95,110988.0,Online,,1011,Failed,Transfer Out via Mobile App,0,Tampa,USD,2.5
399,135,2025-08-31 14:31:25,Interest Credit,7079.42,179258.99,Online,,,Completed,Interest Credit via POS,0,Mesa,USD,0
400,1142,2025-01-17 23:07:01,Fee,7800.03,21535.05,Mobile App,,,Failed,Fee via Branch,0,Atlanta,USD,0
401,549,2024-09-05 03:46:57,Withdrawal,1544.72,7704.32,Mobile App,Entertainment,,Completed,Withdrawal via Online,0,Atlanta,USD,2.5
402,1116,2024-09-21 07:14:27,Bill Payment,5832.71,82091.77,Mobile App,Utilities,,Completed,Bill Payment via POS,0,Savannah,USD,0
403,240,2025-09-02 13:55:40,Interest Credit,379.89,126877.0,Online,,,Completed,Interest Credit via ATM,0,Los Angeles,USD,1.5
404,654,2024-01-26 13:40:30,Fee,942.25,70388.35,ATM,,,Completed,Fee via POS,1,Buffalo,USD,0
405,167,2025-03-28 03:41:15,Bill Payment,197.95,152204.38,Online,Travel,,Completed,Bill Payment via ATM,0,Savannah,USD,5
406,571,2024-11-07 18:27:11,Transfer Out,5548.52,170938.73,Online,,44,Completed,Transfer Out via Mobile App,0,Tacoma,USD,0
407,783,2024-03-05 15:07:47,Withdrawal,3501.45,52141.41,Branch,,,Completed,Withdrawal via Mobile App,0,Sacramento,USD,0
408,960,2024-01-12 14:12:30,Withdrawal,6800.78,235865.36,Mobile App,Education,,Completed,Withdrawal via Mobile App,0,Boulder,USD,10
409,88,2025-07-13 17:04:31,Transfer Out,333.01,155065.12,Online,,241,Completed,Transfer Out via Online,0,Austin,USD,0
410,409,2024-04-12 00:07:34,Bill Payment,7284.2,97185.95,ATM,Retail,,Completed,Bill Payment via POS,0,Sacramento,USD,2.5
411,334,2024-05-22 01:19:13,Bill Payment,1931.55,27196.86,Mobile App,Utilities,,Completed,Bill Payment via Mobile App,0,Albany,USD,0
412,38,2026-09-06 06:19:55,Withdrawal,4806.95,175667.59,Online,Fuel,,Failed,Withdrawal via Online,0,Naperville,USD,10
413,117,2024-12-20 20:38:43,Fee,5432.77,175874.84,ATM,,,Completed,Fee via Branch,0,Houston,USD,1.5
414,800,2026-01-28 12:41:55,Bill Payment,6583.88,86807.12,Branch,,,Completed,Bill Payment via Mobile App,0,Worcester,USD,0
415,835,2026-04-03 20:51:01,Deposit,2617.1,96492.85,ATM,,,Completed,Deposit via ATM,0,Augusta,USD,0
416,1095,2025-02-09 19:37:28,Withdrawal,1042.27,210994.08,Mobile App,Fuel,,Completed,Withdrawal via Mobile App,0,Sacramento,USD,2.5
417,107,2025-06-25 12:49:33,Withdrawal,337.03,60540.97,Mobile App,Retail,,Completed,Withdrawal via Branch,0,Austin,USD,5
418,545,2024-05-04 19:22:55,Bill Payment,4992.64,29618.95,Mobile App,,,Completed,Bill Payment via POS,0,Albany,USD,0
419,486,2025-05-16 12:40:00,Transfer Out,1149.58,4106.04,Branch,,278,Completed,Transfer Out via Branch,0,Tucson,USD,2.5
420,1165,2025-07-26 17:20:33,Transfer In,4781.66,222656.65,Online,,474,Completed,Transfer In via Mobile App,0,Cambridge,USD,0
421,273,2026-02-26 18:22:16,Fee,3710.43,238314.64,Mobile App,,,Failed,Fee via Online,0,Springfield,USD,0
422,90,2024-08-09 13:24:21,Withdrawal,5978.6,71757.16,Branch,,,Completed,Withdrawal via POS,0,San Francisco,USD,0
423,1123,2025-06-17 13:16:04,Transfer Out,2786.15,136700.84,Branch,,718,Completed,Transfer Out via Online,0,Boston,USD,5
424,322,2025-06-15 15:18:46,Fee,4778.96,177687.13,ATM,,,Completed,Fee via Mobile App,0,Worcester,USD,5
425,25,2025-05-15 19:19:26,Withdrawal,6493.88,210445.34,Mobile App,Utilities,,Completed,Withdrawal via Mobile App,0,Los Angeles,USD,1.5
426,920,2025-09-04 20:26:59,Fee,1238.34,108459.04,Mobile App,,,Completed,Fee via Branch,0,Houston,USD,2.5
427,1033,2026-05-28 13:45:59,Withdrawal,572.7,176394.56,ATM,Travel,,Completed,Withdrawal via ATM,0,Dallas,USD,2.5
428,867,2024-05-17 04:25:38,Deposit,4214.84,14201.65,ATM,,,Completed,Deposit via ATM,0,Spokane,USD,1.5
429,906,2024-09-15 00:20:54,Transfer Out,457.63,251780.84,Mobile App,,769,Completed,Transfer Out via ATM,0,Spokane,USD,10
430,1196,2025-04-23 13:32:57,Deposit,5782.84,148039.41,Mobile App,Utilities,,Completed,Deposit via POS,0,Boston,USD,5
431,616,2026-09-15 14:44:10,Fee,3239.9,54279.72,Branch,,,Completed,Fee via POS,0,Spokane,USD,10
432,541,2026-01-21 09:20:51,Transfer Out,4478.73,141297.92,ATM,,811,Completed,Transfer Out via ATM,0,Jacksonville,USD,10
433,971,2025-03-20 06:48:55,Bill Payment,714.17,62022.49,ATM,Entertainment,,Completed,Bill Payment via POS,0,San Francisco,USD,2.5
434,886,2025-07-28 14:22:11,Transfer In,1740.03,178833.25,Online,,295,Completed,Transfer In via Branch,0,Boston,USD,1.5
435,531,2025-02-28 01:33:01,Deposit,6949.27,82405.92,Mobile App,Dining,,Completed,Deposit via Mobile App,0,Rochester,USD,1.5
436,339,2025-09-13 23:49:19,Transfer In,7347.98,56644.61,Online,,327,Completed,Transfer In via Branch,0,Jacksonville,USD,0
437,45,2024-03-04 06:47:44,Transfer Out,2014.64,15097.77,Online,,1,Completed,Transfer Out via Branch,0,Naperville,USD,0
438,436,2024-10-26 07:11:49,Interest Credit,3959.68,16497.75,Online,,,Completed,Interest Credit via POS,0,Mesa,USD,2.5
439,658,2024-08-02 00:32:58,Fee,2629.4,68407.0,Branch,,,Completed,Fee via ATM,0,Phoenix,USD,2.5
440,894,2026-04-08 00:53:04,Transfer Out,4876.77,50855.75,POS,,143,Completed,Transfer Out via ATM,0,Boston,USD,1.5
441,504,2025-08-08 07:47:55,Withdrawal,1242.03,258138.55,Mobile App,Retail,,Completed,Withdrawal via Branch,0,Tucson,USD,10
442,448,2026-01-25 04:12:19,Withdrawal,608.08,181358.98,ATM,Education,,Completed,Withdrawal via Online,0,San Francisco,USD,10
443,8,2025-12-24 07:42:41,Withdrawal,2895.24,97154.46,ATM,Travel,,Completed,Withdrawal via Branch,0,Seattle,USD,0
444,590,2024-12-23 00:45:31,Deposit,6593.61,205264.38,Branch,Fuel,,Completed,Deposit via Mobile App,0,Cambridge,USD,10
445,752,2026-01-23 23:31:18,Transfer In,3427.08,34082.67,Online,,861,Completed,Transfer In via Mobile App,0,Los Angeles,USD,0
446,502,2025-08-21 11:46:34,Bill Payment,1531.33,171538.25,Online,Education,,Completed,Bill Payment via Mobile App,0,Chicago,USD,5
447,146,2026-03-24 05:36:26,Withdrawal,3585.29,153893.3,Online,Healthcare,,Completed,Withdrawal via POS,1,Denver,USD,1.5
448,159,2026-09-23 13:57:50,Withdrawal,7311.59,109939.32,Online,Education,,Completed,Withdrawal via Online,0,Los Angeles,USD,1.5
449,426,2026-05-21 09:16:36,Deposit,3338.48,75708.9,ATM,Retail,,Completed,Deposit via POS,0,Augusta,USD,0
450,268,2025-12-14 07:19:38,Deposit,5750.22,182418.85,Mobile App,,,Completed,Deposit via ATM,0,Dallas,USD,2.5
451,591,2024-04-17 17:52:08,Transfer Out,2718.78,2266.31,Mobile App,,516,Completed,Transfer Out via Mobile App,0,Albany,USD,0
452,396,2024-07-31 22:00:38,Bill Payment,7777.49,244030.27,Branch,Entertainment,,Completed,Bill Payment via Branch,0,Tucson,USD,10
453,132,2025-12-19 06:36:01,Fee,6195.94,135905.14,Mobile App,,,Completed,Fee via Mobile App,0,Mesa,USD,0
454,676,2026-06-11 15:41:09,Bill Payment,7780.39,15656.85,Online,Entertainment,,Completed,Bill Payment via ATM,1,Miami,USD,1.5
455,1179,2024-12-07 01:05:36,Bill Payment,3209.51,193869.47,Online,Fuel,,Completed,Bill Payment via Online,0,Spokane,USD,5
456,909,2026-09-06 01:12:51,Transfer Out,4541.12,48513.01,Mobile App,,793,Completed,Transfer Out via ATM,0,Phoenix,USD,0
457,413,2024-02-13 16:52:43,Withdrawal,959.04,13550.74,Mobile App,Education,,Completed,Withdrawal via Mobile App,0,Los Angeles,USD,0
458,858,2024-09-11 00:05:02,Withdrawal,7207.44,177308.56,Online,Fuel,,Completed,Withdrawal via Mobile App,0,Aurora,USD,5
459,661,2025-07-09 04:20:54,Withdrawal,6070.4,90241.05,POS,Fuel,,Completed,Withdrawal via Mobile App,0,Los Angeles,USD,0
460,108,2024-04-04 04:57:44,Withdrawal,3574.05,204166.88,Online,Education,,Completed,Withdrawal via Branch,0,Sacramento,USD,2.5
461,147,2024-11-27 18:51:34,Transfer In,2826.44,25905.98,ATM,,666,Completed,Transfer In via Online,0,Boulder,USD,10
462,607,2026-04-08 09:34:05,Deposit,6414.4,50816.82,Online,Travel,,Completed,Deposit via Mobile App,0,Tampa,USD,2.5
463,963,2024-01-22 21:17:17,Fee,5842.87,116590.45,POS,,,Completed,Fee via ATM,0,Seattle,USD,1.5
464,316,2024-06-14 05:48:47,Fee,4103.99,105737.61,ATM,,,Completed,Fee via Online,0,Tampa,USD,0
465,570,2026-06-23 14:47:21,Bill Payment,1704.67,1174.39,Mobile App,,,Completed,Bill Payment via POS,0,Denver,USD,10
466,277,2024-10-04 20:38:09,Fee,2696.4,38048.42,Branch,,,Completed,Fee via Mobile App,0,Aurora,USD,0
467,612,2024-10-28 11:36:56,Withdrawal,342.69,90731.62,Mobile App,Travel,,Completed,Withdrawal via Mobile App,0,Boulder,USD,0
468,1174,2024-05-24 08:31:35,Withdrawal,5123.56,148135.74,Mobile App,Travel,,Completed,Withdrawal via POS,0,San Diego,USD,0
469,886,2024-05-04 07:41:04,Deposit,5739.23,68809.39,Mobile App,Entertainment,,Completed,Deposit via ATM,0,Austin,USD,2.5
470,1087,2024-04-07 04:00:05,Transfer Out,6102.84,134393.14,Online,,681,Completed,Transfer Out via Mobile App,0,Seattle,USD,0
471,84,2024-11-13 05:56:59,Withdrawal,4510.35,172226.83,Online,Fuel,,Completed,Withdrawal via Mobile App,0,Savannah,USD,0
472,633,2024-02-01 12:03:50,Deposit,7195.34,258278.61,Mobile App,Entertainment,,Completed,Deposit via Branch,0,Aurora,USD,0
473,656,2024-07-11 20:41:26,Bill Payment,4162.4,180438.82,Mobile App,Retail,,Completed,Bill Payment via POS,0,Jacksonville,USD,0
474,345,2024-10-15 13:46:21,Interest Credit,3437.76,191049.11,Online,,,Completed,Interest Credit via POS,0,Albany,USD,10
475,861,2024-01-29 04:45:46,Bill Payment,2343.82,52964.19,Mobile App,Education,,Completed,Bill Payment via ATM,0,Rochester,USD,0
476,178,2025-07-20 02:02:15,Withdrawal,7853.9,239910.61,Mobile App,Education,,Completed,Withdrawal via POS,0,Naperville,USD,0
477,782,2025-02-05 06:15:17,Bill Payment,6574.51,79851.23,Online,,,Completed,Bill Payment via ATM,1,Buffalo,USD,0
478,274,2024-03-04 01:16:39,Transfer In,1159.57,29190.34,Online,,971,Failed,Transfer In via ATM,1,Albany,USD,0
479,966,2026-01-24 02:15:46,Bill Payment,4587.8,183608.51,Mobile App,Groceries,,Pending,Bill Payment via Online,0,Phoenix,USD,0
480,1131,2025-04-28 06:30:24,Withdrawal,3730.79,150202.34,Mobile App,Fuel,,Completed,Withdrawal via Mobile App,0,Spokane,USD,2.5
481,415,2026-06-28 17:32:34,Transfer Out,623.76,139686.17,Mobile App,,1116,Completed,Transfer Out via Branch,0,Houston,USD,2.5
482,1195,2026-01-16 00:38:32,Deposit,3955.43,144150.5,Branch,Groceries,,Completed,Deposit via POS,0,Augusta,USD,0
483,830,2026-02-09 20:31:17,Bill Payment,1684.73,142229.44,Online,Entertainment,,Completed,Bill Payment via ATM,0,San Francisco,USD,10
484,817,2024-05-06 12:34:10,Deposit,1906.17,176489.8,ATM,Retail,,Failed,Deposit via POS,0,Tacoma,USD,0
485,1121,2024-09-15 04:11:14,Fee,4376.85,38527.81,Online,,,Completed,Fee via POS,0,Dallas,USD,0
486,55,2025-06-21 03:55:40,Bill Payment,3910.19,99662.28,Mobile App,Retail,,Failed,Bill Payment via ATM,0,Sacramento,USD,10
487,271,2026-01-21 12:03:05,Withdrawal,6235.79,143367.28,Online,,,Completed,Withdrawal via Branch,0,Boulder,USD,5
488,623,2025-09-21 05:25:21,Transfer Out,3635.7,61563.93,Branch,,95,Completed,Transfer Out via Online,0,Worcester,USD,0
489,392,2025-06-29 14:39:47,Withdrawal,5525.68,207695.89,Online,Groceries,,Completed,Withdrawal via Branch,0,Orlando,USD,0
490,662,2026-08-12 12:19:05,Withdrawal,5058.84,113274.31,Mobile App,Healthcare,,Completed,Withdrawal via ATM,0,Tampa,USD,1.5
491,574,2025-12-29 00:38:34,Withdrawal,2492.88,138797.47,ATM,Education,,Completed,Withdrawal via ATM,0,Mesa,USD,0
492,210,2026-05-14 13:35:15,Bill Payment,7489.99,220917.92,ATM,Healthcare,,Completed,Bill Payment via Mobile App,0,Boston,USD,0
493,77,2025-04-05 19:14:19,Transfer Out,3506.1,159892.47,Online,,923,Completed,Transfer Out via Branch,0,Seattle,USD,1.5
494,732,2025-07-04 01:12:55,Transfer In,2338.92,253797.6,Online,,844,Completed,Transfer In via Branch,0,Cambridge,USD,5
495,611,2024-04-06 16:54:12,Bill Payment,535.82,243659.51,Online,Travel,,Completed,Bill Payment via Mobile App,0,Orlando,USD,0
496,728,2024-03-20 11:02:42,Transfer Out,3988.26,183081.64,ATM,,928,Completed,Transfer Out via Branch,0,Tampa,USD,0
497,1043,2024-09-27 07:52:48,Withdrawal,4478.68,184195.64,ATM,Travel,,Completed,Withdrawal via Online,0,Seattle,USD,0
498,465,2025-05-30 22:30:13,Withdrawal,2404.19,221888.55,Mobile App,Retail,,Completed,Withdrawal via Online,0,Chicago,USD,0
499,1195,2026-09-20 06:51:37,Transfer In,3115.54,236520.09,Branch,,956,Completed,Transfer In via Mobile App,0,Augusta,USD,0
500,251,2026-02-24 16:51:19,Withdrawal,5059.36,140729.57,Mobile App,Healthcare,,Completed,Withdrawal via Mobile App,0,San Antonio,USD,5
501,131,2026-04-18 01:19:25,Transfer In,2696.68,233160.68,ATM,,331,Completed,Transfer In via Mobile App,0,Houston,USD,1.5
502,203,2025-09-13 07:15:29,Withdrawal,6106.85,172923.34,Online,Entertainment,,Completed,Withdrawal via POS,0,Orlando,USD,10
503,922,2026-07-06 06:41:01,Withdrawal,5888.87,152970.73,Mobile App,Dining,,Completed,Withdrawal via Mobile App,0,Jacksonville,USD,0
504,59,2025-09-17 08:05:09,Bill Payment,3400.9,251942.04,Mobile App,Healthcare,,Completed,Bill Payment via POS,0,Rochester,USD,0
505,1143,2026-08-03 06:58:24,Fee,3327.85,116534.01,ATM,,,Completed,Fee via Mobile App,0,Houston,USD,0
506,286,2025-06-28 19:45:23,Interest Credit,5974.11,237800.9,Branch,,,Completed,Interest Credit via ATM,0,New York City,USD,0
507,451,2025-09-07 05:38:43,Withdrawal,4709.12,16961.08,POS,Groceries,,Completed,Withdrawal via Mobile App,0,Worcester,USD,10
508,734,2025-06-21 07:50:48,Transfer Out,134.08,224432.0,Online,,972,Completed,Transfer Out via Online,0,Boston,USD,0
509,562,2026-03-14 03:45:48,Withdrawal,4936.17,62272.07,Mobile App,Travel,,Completed,Withdrawal via Online,0,Savannah,USD,5
510,630,2024-09-05 11:28:04,Deposit,6472.99,26831.44,Online,Groceries,,Completed,Deposit via Branch,0,Houston,USD,2.5
511,782,2026-08-31 07:19:38,Fee,5071.48,91275.94,Mobile App,,,Completed,Fee via Mobile App,0,Augusta,USD,1.5
512,190,2025-01-30 00:51:42,Withdrawal,364.62,240951.04,POS,Travel,,Completed,Withdrawal via POS,0,Rochester,USD,2.5
513,704,2025-09-09 07:23:31,Deposit,5777.44,215916.79,Mobile App,Travel,,Completed,Deposit via Online,1,Chicago,USD,5
514,986,2025-03-15 11:10:56,Deposit,4269.89,57917.78,ATM,Education,,Completed,Deposit via Branch,1,Houston,USD,1.5
515,740,2026-07-17 10:46:48,Withdrawal,5851.06,95933.34,Online,Utilities,,Completed,Withdrawal via Branch,0,Austin,USD,0
516,534,2025-01-15 09:36:07,Bill Payment,4708.94,133469.36,Online,Education,,Completed,Bill Payment via ATM,0,Los Angeles,USD,1.5
517,29,2024-11-07 17:24:52,Transfer Out,2286.89,127833.34,Online,,903,Completed,Transfer Out via Branch,0,Aurora,USD,2.5
518,1029,2026-06-09 17:42:56,Deposit,803.74,123870.9,Branch,Education,,Completed,Deposit via POS,0,Austin,USD,0
519,513,2024-03-31 02:45:59,Withdrawal,3853.64,42757.52,ATM,Retail,,Completed,Withdrawal via Mobile App,0,Houston,USD,10
520,200,2024-12-05 14:30:22,Deposit,5372.75,81861.88,Branch,Education,,Completed,Deposit via Mobile App,0,Worcester,USD,0
521,293,2024-09-17 16:42:52,Fee,6576.64,170014.97,Branch,,,Completed,Fee via ATM,0,Chicago,USD,0
522,402,2024-11-08 22:17:07,Deposit,270.76,49152.27,ATM,Dining,,Completed,Deposit via Online,1,Tacoma,USD,0
523,669,2025-10-20 14:04:58,Fee,1109.15,73536.34,ATM,,,Completed,Fee via Branch,0,Worcester,USD,10
524,76,2024-04-20 10:11:33,Deposit,607.73,191496.26,Online,Healthcare,,Completed,Deposit via Mobile App,0,Jacksonville,USD,0
525,1064,2025-09-04 11:16:23,Deposit,1089.79,70803.34,ATM,Dining,,Completed,Deposit via POS,0,Rochester,USD,0
526,763,2025-12-21 22:29:01,Withdrawal,5241.85,249750.64,Mobile App,Utilities,,Completed,Withdrawal via ATM,0,Orlando,USD,1.5
527,1095,2025-11-09 03:56:09,Withdrawal,1792.9,48420.09,Online,Utilities,,Completed,Withdrawal via POS,0,San Antonio,USD,0
528,325,2024-02-28 11:18:06,Withdrawal,4783.65,216089.8,Online,Healthcare,,Completed,Withdrawal via Branch,0,Rochester,USD,5
529,612,2025-11-17 01:51:55,Bill Payment,2387.1,110187.56,ATM,Fuel,,Completed,Bill Payment via POS,0,Miami,USD,1.5
530,357,2025-04-21 19:13:43,Bill Payment,5838.81,247097.96,Branch,,,Completed,Bill Payment via Mobile App,0,Jacksonville,USD,1.5
531,1174,2024-12-26 14:14:33,Transfer Out,5002.57,160919.58,Mobile App,,364,Completed,Transfer Out via ATM,0,Rochester,USD,5
532,828,2025-11-26 14:19:33,Withdrawal,2663.46,68087.9,Mobile App,Utilities,,Completed,Withdrawal via Branch,0,Jacksonville,USD,0
533,854,2025-01-15 17:26:46,Transfer In,846.28,203082.14,Online,,969,Completed,Transfer In via POS,0,Albany,USD,1.5
534,905,2025-11-24 09:03:04,Bill Payment,7592.03,111787.19,Branch,Retail,,Completed,Bill Payment via Branch,0,Worcester,USD,0
535,1181,2024-12-16 13:24:16,Transfer Out,2715.98,38373.14,Branch,,512,Completed,Transfer Out via Mobile App,0,Buffalo,USD,1.5
536,212,2024-03-11 05:49:45,Withdrawal,658.96,224213.76,Mobile App,Fuel,,Completed,Withdrawal via Branch,0,Tampa,USD,2.5
537,556,2024-03-19 10:46:43,Withdrawal,5276.49,141714.54,Online,Retail,,Completed,Withdrawal via POS,0,Dallas,USD,5
538,1103,2025-11-12 09:36:45,Deposit,4526.23,165395.86,Online,,,Completed,Deposit via POS,0,Houston,USD,5
539,197,2024-03-02 17:50:28,Withdrawal,1800.7,19825.23,Online,Education,,Completed,Withdrawal via Branch,0,Austin,USD,0
540,502,2026-04-10 20:36:55,Deposit,6452.19,32269.27,ATM,Fuel,,Completed,Deposit via ATM,1,Springfield,USD,5
541,988,2025-06-20 17:48:14,Interest Credit,7231.17,3003.93,Mobile App,,,Completed,Interest Credit via Online,0,San Antonio,USD,0
542,251,2026-02-08 17:59:43,Interest Credit,3188.86,49472.34,Mobile App,,,Completed,Interest Credit via Mobile App,0,Spokane,USD,1.5
543,296,2026-03-16 21:20:00,Bill Payment,7932.0,99813.31,Mobile App,Dining,,Completed,Bill Payment via Mobile App,0,Miami,USD,0
544,943,2024-07-25 17:27:14,Deposit,7446.33,163219.6,Branch,,,Completed,Deposit via POS,0,Austin,USD,0
545,372,2024-11-09 18:13:17,Bill Payment,5621.61,186274.58,Online,Retail,,Completed,Bill Payment via Mobile App,0,San Francisco,USD,5
546,1128,2025-02-13 23:13:56,Withdrawal,2632.45,27065.64,ATM,,,Completed,Withdrawal via Branch,0,San Francisco,USD,0
547,822,2025-12-08 22:30:35,Bill Payment,1978.95,69292.47,Online,,,Completed,Bill Payment via ATM,0,Tampa,USD,1.5
548,557,2024-05-05 12:16:34,Withdrawal,7341.55,216306.46,Mobile App,Retail,,Completed,Withdrawal via Online,0,Dallas,USD,1.5
549,94,2025-05-28 15:19:21,Bill Payment,4366.23,21216.06,ATM,Entertainment,,Completed,Bill Payment via Mobile App,0,Orlando,USD,0
550,152,2024-09-16 09:15:09,Interest Credit,7270.13,21878.91,Online,,,Pending,Interest Credit via POS,0,Austin,USD,0
551,98,2025-01-06 15:26:46,Fee,5250.98,239747.63,Mobile App,,,Completed,Fee via POS,0,Worcester,USD,5
552,244,2024-02-25 16:47:37,Transfer In,4356.61,193973.31,ATM,,68,Completed,Transfer In via ATM,0,Buffalo,USD,0
553,411,2025-04-29 12:53:26,Withdrawal,7163.07,77219.21,Branch,Healthcare,,Completed,Withdrawal via ATM,0,Miami,USD,0
554,872,2024-02-19 01:16:55,Deposit,3827.05,125243.83,Mobile App,Utilities,,Completed,Deposit via Branch,1,Augusta,USD,0
555,164,2025-08-15 22:17:59,Withdrawal,3847.02,205167.51,ATM,Utilities,,Completed,Withdrawal via ATM,0,Seattle,USD,0
556,278,2025-10-12 00:35:33,Withdrawal,3714.12,40331.86,Mobile App,Groceries,,Completed,Withdrawal via ATM,0,San Antonio,USD,0
557,1093,2024-10-27 12:43:54,Transfer In,5057.85,33819.97,Online,,650,Completed,Transfer In via POS,0,Cambridge,USD,10
558,1045,2024-05-15 14:45:33,Withdrawal,3047.61,47130.84,ATM,Retail,,Completed,Withdrawal via ATM,0,Denver,USD,1.5
559,228,2025-06-13 07:00:41,Bill Payment,3034.71,259674.03,ATM,,,Completed,Bill Payment via ATM,0,Sacramento,USD,0
560,487,2025-08-02 04:52:33,Deposit,2687.45,11466.58,Online,Healthcare,,Completed,Deposit via Branch,0,Worcester,USD,1.5
561,706,2024-06-27 13:40:20,Withdrawal,7986.73,196506.9,Online,Dining,,Completed,Withdrawal via ATM,0,Savannah,USD,1.5
562,997,2024-10-19 17:32:14,Bill Payment,524.71,150942.36,Online,Fuel,,Completed,Bill Payment via POS,0,Atlanta,USD,5
563,800,2025-01-10 13:59:17,Transfer Out,4055.94,255064.35,ATM,,453,Completed,Transfer Out via Online,0,Atlanta,USD,5
564,427,2025-01-09 07:04:11,Withdrawal,6227.48,230266.33,Mobile App,Entertainment,,Completed,Withdrawal via ATM,0,Augusta,USD,5
565,273,2026-05-13 10:53:05,Bill Payment,2896.19,4783.27,Online,Healthcare,,Completed,Bill Payment via ATM,0,Austin,USD,1.5
566,563,2026-02-22 22:42:22,Deposit,1783.75,131421.93,POS,Retail,,Completed,Deposit via Branch,0,Boulder,USD,10
567,211,2026-01-09 01:53:41,Fee,32.43,165200.92,Mobile App,,,Completed,Fee via POS,0,Springfield,USD,0
568,996,2025-07-09 15:19:58,Deposit,1130.05,104802.68,ATM,Fuel,,Completed,Deposit via ATM,0,Albany,USD,0
569,470,2025-03-10 00:55:00,Deposit,1188.93,143689.4,Branch,Dining,,Completed,Deposit via Mobile App,0,Buffalo,USD,0
570,734,2025-05-11 12:12:09,Interest Credit,4730.49,75855.98,ATM,,,Completed,Interest Credit via POS,0,San Antonio,USD,0
571,764,2024-02-19 21:39:22,Fee,818.73,28250.84,Branch,,,Completed,Fee via Online,0,Phoenix,USD,0
572,338,2026-02-26 14:23:22,Bill Payment,4247.25,239966.37,ATM,Dining,,Completed,Bill Payment via Online,0,Savannah,USD,10
573,1140,2024-09-18 14:33:24,Interest Credit,4792.37,119662.65,Branch,,,Completed,Interest Credit via POS,0,Houston,USD,0
574,615,2024-01-15 07:49:58,Deposit,2305.15,61557.22,ATM,Healthcare,,Completed,Deposit via Branch,0,Boulder,USD,0
575,538,2026-02-27 22:07:37,Withdrawal,4447.58,73413.3,Mobile App,Fuel,,Completed,Withdrawal via ATM,0,Boulder,USD,0
576,47,2024-11-06 02:53:39,Withdrawal,6049.29,255110.77,Online,Fuel,,Completed,Withdrawal via ATM,0,Tampa,USD,10
577,1144,2025-02-26 17:50:38,Transfer Out,927.69,23504.88,Mobile App,,299,Completed,Transfer Out via Mobile App,0,Jacksonville,USD,5
578,1180,2024-12-29 11:01:10,Deposit,6515.5,82668.68,Branch,Education,,Completed,Deposit via Online,0,Seattle,USD,0
579,1116,2026-01-24 18:05:25,Bill Payment,1496.65,216538.28,Online,Groceries,,Completed,Bill Payment via ATM,0,Atlanta,USD,0
580,1065,2024-12-05 05:41:08,Transfer Out,4348.06,96842.69,Mobile App,,31,Completed,Transfer Out via Mobile App,0,Tampa,USD,10
581,560,2026-06-09 16:17:18,Withdrawal,7149.97,102557.18,ATM,Utilities,,Completed,Withdrawal via Branch,0,Houston,USD,1.5
582,1131,2025-07-24 01:37:31,Deposit,2864.93,132151.41,ATM,Groceries,,Completed,Deposit via POS,0,Boston,USD,1.5
583,552,2026-02-19 22:50:35,Withdrawal,6192.11,223236.49,ATM,Fuel,,Completed,Withdrawal via ATM,0,Rochester,USD,0
584,289,2024-11-03 21:42:16,Fee,1397.0,76988.16,ATM,,,Completed,Fee via ATM,0,New York City,USD,1.5
585,227,2024-11-14 07:03:55,Bill Payment,2739.35,155292.38,Branch,Retail,,Completed,Bill Payment via Mobile App,0,San Francisco,USD,5
586,357,2024-08-08 06:59:20,Bill Payment,4506.98,1915.93,Branch,Retail,,Completed,Bill Payment via ATM,0,Orlando,USD,0
587,296,2026-02-18 16:43:38,Transfer Out,2706.81,92015.12,Mobile App,,597,Completed,Transfer Out via Online,0,New York City,USD,5
588,464,2026-03-14 15:41:54,Deposit,166.95,156536.43,Online,Dining,,Completed,Deposit via POS,0,Phoenix,USD,0
589,204,2024-01-29 20:00:18,Transfer In,7610.47,215255.72,ATM,,285,Completed,Transfer In via Mobile App,0,Rochester,USD,0
590,736,2024-05-10 14:15:31,Bill Payment,4724.77,98201.83,Branch,Retail,,Completed,Bill Payment via ATM,0,New York City,USD,2.5
591,68,2026-05-05 07:45:28,Interest Credit,973.27,58424.57,ATM,,,Completed,Interest Credit via POS,0,Atlanta,USD,0
592,379,2025-01-03 18:58:28,Deposit,3346.8,10772.22,Online,,,Completed,Deposit via Branch,0,Tampa,USD,10
593,998,2026-03-08 07:58:13,Deposit,499.04,167285.44,ATM,Groceries,,Completed,Deposit via Online,0,Augusta,USD,0
594,378,2026-05-24 03:12:46,Fee,3015.7,186100.71,Branch,,,Completed,Fee via POS,0,Atlanta,USD,1.5
595,6,2026-02-20 17:06:04,Bill Payment,4637.04,210716.61,ATM,,,Completed,Bill Payment via Online,0,Orlando,USD,0
596,480,2026-05-02 13:54:41,Deposit,3083.64,119953.98,Mobile App,Fuel,,Completed,Deposit via Online,0,Naperville,USD,10
597,590,2024-07-02 22:57:39,Bill Payment,3554.28,159113.95,Mobile App,Utilities,,Completed,Bill Payment via POS,0,Dallas,USD,0
598,925,2025-02-21 21:30:57,Interest Credit,3426.13,108228.69,Online,,,Completed,Interest Credit via Branch,0,Worcester,USD,0
599,257,2025-11-30 04:44:00,Deposit,4606.11,20673.62,Mobile App,Education,,Completed,Deposit via POS,0,Houston,USD,0
600,320,2024-02-24 02:00:59,Deposit,558.63,100387.4,Online,Utilities,,Completed,Deposit via Mobile App,0,Mesa,USD,5
601,419,2025-01-30 16:44:15,Withdrawal,1088.19,177196.3,ATM,Travel,,Completed,Withdrawal via Branch,0,New York City,USD,5
602,1059,2024-11-29 08:01:04,Bill Payment,5178.74,106490.29,Mobile App,Healthcare,,Completed,Bill Payment via Online,0,Seattle,USD,0
603,45,2025-08-30 00:34:04,Deposit,7511.98,116831.64,Branch,Travel,,Completed,Deposit via POS,0,Buffalo,USD,0
604,150,2024-08-16 10:39:48,Withdrawal,2080.93,155052.81,Online,Healthcare,,Completed,Withdrawal via Mobile App,0,New York City,USD,10
605,1097,2024-02-23 14:12:00,Bill Payment,830.74,50846.83,Mobile App,Education,,Completed,Bill Payment via POS,0,Tacoma,USD,0
606,1073,2025-11-24 09:40:16,Deposit,758.51,172832.32,ATM,Entertainment,,Completed,Deposit via Online,0,Cambridge,USD,5
607,600,2025-11-04 22:00:30,Deposit,3563.71,226334.19,Online,Travel,,Completed,Deposit via Mobile App,0,Springfield,USD,2.5
608,708,2024-06-08 22:38:48,Withdrawal,6463.35,126120.34,Mobile App,Travel,,Completed,Withdrawal via Online,1,Augusta,USD,10
609,842,2024-07-05 08:44:59,Withdrawal,3533.09,152234.31,ATM,Entertainment,,Completed,Withdrawal via POS,0,Savannah,USD,0
610,45,2024-06-23 13:23:39,Withdrawal,5005.67,-476.85,Online,Healthcare,,Completed,Withdrawal via POS,0,Augusta,USD,2.5
611,225,2024-10-20 12:34:42,Deposit,5378.98,198669.9,Mobile App,Retail,,Completed,Deposit via Mobile App,0,Tampa,USD,2.5
612,45,2026-08-19 08:27:28,Transfer Out,4676.53,65438.96,Mobile App,,442,Completed,Transfer Out via ATM,0,San Antonio,USD,1.5
613,896,2026-03-07 14:17:32,Fee,5255.66,234071.0,ATM,,,Completed,Fee via Online,0,Tucson,USD,0
614,588,2025-03-03 07:48:53,Fee,7779.86,187436.36,Online,,,Completed,Fee via Online,0,Aurora,USD,1.5
615,107,2026-05-29 14:11:45,Transfer In,1632.88,33096.04,Branch,,1085,Completed,Transfer In via Branch,0,Miami,USD,10
616,320,2025-11-23 13:28:53,Bill Payment,7412.09,80963.91,Mobile App,Entertainment,,Completed,Bill Payment via Mobile App,0,Phoenix,USD,0
617,810,2025-04-18 00:00:45,Deposit,5042.97,220360.02,Mobile App,Dining,,Completed,Deposit via Mobile App,0,San Antonio,USD,0
618,284,2025-02-04 10:24:25,Fee,6604.4,5091.46,Mobile App,,,Completed,Fee via POS,0,Springfield,USD,0
619,795,2026-02-01 06:45:03,Bill Payment,6187.01,51327.54,POS,Education,,Completed,Bill Payment via Mobile App,0,Augusta,USD,0
620,1044,2025-09-04 01:07:04,Deposit,7818.62,156576.03,Online,Education,,Completed,Deposit via ATM,0,Augusta,USD,0
621,688,2025-01-24 08:43:02,Bill Payment,2029.29,231350.97,Mobile App,Entertainment,,Completed,Bill Payment via ATM,0,Savannah,USD,5
622,574,2024-04-13 10:46:32,Transfer Out,6672.38,225176.78,ATM,,233,Completed,Transfer Out via ATM,0,Orlando,USD,2.5
623,103,2024-06-25 12:34:12,Bill Payment,7753.14,18290.66,Mobile App,Groceries,,Completed,Bill Payment via ATM,0,Aurora,USD,0
624,1108,2025-12-08 17:20:40,Fee,1737.81,135267.74,Online,,,Completed,Fee via ATM,0,Houston,USD,0
625,578,2024-04-09 17:09:24,Deposit,1939.71,104284.72,Mobile App,Healthcare,,Completed,Deposit via Branch,0,Miami,USD,0
626,563,2025-01-06 18:20:31,Transfer In,1741.85,118017.35,Online,,636,Completed,Transfer In via ATM,0,Los Angeles,USD,0
627,826,2026-08-28 11:13:02,Transfer In,2545.5,115213.21,Online,,578,Completed,Transfer In via POS,0,Austin,USD,0
628,317,2025-05-17 08:29:25,Fee,6323.53,170149.18,Online,,,Completed,Fee via POS,0,Orlando,USD,10
629,211,2026-08-12 15:10:22,Transfer In,858.09,241094.87,Online,,1057,Completed,Transfer In via Mobile App,0,Mesa,USD,5
630,899,2025-06-16 08:12:35,Withdrawal,5888.07,50914.73,ATM,Education,,Completed,Withdrawal via Mobile App,0,Spokane,USD,0
631,682,2025-05-31 00:50:55,Interest Credit,4292.8,96230.08,Branch,,,Completed,Interest Credit via ATM,0,Cambridge,USD,2.5
632,901,2025-01-22 11:14:32,Bill Payment,4365.73,93563.46,Branch,Travel,,Completed,Bill Payment via POS,0,Boulder,USD,0
633,579,2024-02-29 20:22:05,Deposit,3204.44,22697.26,Mobile App,Dining,,Completed,Deposit via Online,0,Houston,USD,2.5
634,1105,2026-01-28 23:19:37,Bill Payment,7432.6,141589.89,Online,Retail,,Completed,Bill Payment via Branch,0,Boulder,USD,2.5
635,419,2026-09-04 11:16:47,Deposit,6606.73,123495.34,Online,Dining,,Completed,Deposit via Branch,0,Houston,USD,2.5
636,126,2024-01-15 23:36:55,Deposit,1010.63,95101.57,Branch,Education,,Completed,Deposit via Branch,0,Tucson,USD,0
637,16,2025-04-18 15:16:04,Transfer Out,4516.6,30766.15,Mobile App,,967,Completed,Transfer Out via Mobile App,0,Tampa,USD,0
638,991,2025-05-30 05:42:29,Bill Payment,3755.8,29668.09,Mobile App,Utilities,,Completed,Bill Payment via Online,0,Mesa,USD,5
639,407,2025-01-30 06:55:52,Deposit,4822.3,113957.37,ATM,Groceries,,Completed,Deposit via Branch,0,Springfield,USD,0
640,397,2025-12-10 13:04:58,Withdrawal,2325.69,230773.37,POS,Travel,,Completed,Withdrawal via Mobile App,0,Phoenix,USD,10
641,193,2026-09-16 15:41:18,Bill Payment,6674.58,242885.0,Mobile App,Retail,,Completed,Bill Payment via Mobile App,0,Savannah,USD,5
642,717,2024-05-07 14:18:52,Bill Payment,3224.07,104560.55,ATM,Fuel,,Completed,Bill Payment via Mobile App,0,Jacksonville,USD,0
643,589,2026-05-22 20:52:10,Bill Payment,133.54,184910.78,ATM,,,Failed,Bill Payment via Online,1,Augusta,USD,2.5
644,402,2024-06-21 13:02:27,Bill Payment,4995.02,31322.24,ATM,Dining,,Completed,Bill Payment via Online,0,Los Angeles,USD,10
645,44,2025-08-17 08:00:00,Withdrawal,2279.69,108389.36,Mobile App,Travel,,Completed,Withdrawal via POS,0,Tacoma,USD,0
646,197,2026-07-28 21:14:27,Deposit,3178.74,107793.46,ATM,Dining,,Completed,Deposit via Mobile App,0,Orlando,USD,1.5
647,960,2025-03-19 04:48:14,Fee,4785.0,224241.47,Mobile App,,,Completed,Fee via Online,0,Boulder,USD,0
648,734,2026-02-23 00:32:06,Transfer In,718.62,26242.8,Online,,383,Completed,Transfer In via ATM,0,Augusta,USD,0
649,1035,2024-01-14 14:13:32,Interest Credit,7879.68,99482.72,Branch,,,Completed,Interest Credit via Branch,0,Orlando,USD,0
650,1014,2026-03-11 07:26:39,Bill Payment,6539.21,108900.05,ATM,Retail,,Completed,Bill Payment via Online,0,Tacoma,USD,1.5
651,341,2025-03-21 05:21:19,Interest Credit,3986.99,31676.35,ATM,,,Completed,Interest Credit via Branch,0,Boston,USD,0
652,177,2026-09-19 05:27:43,Withdrawal,5971.53,81742.94,Online,Groceries,,Completed,Withdrawal via Online,0,Buffalo,USD,10
653,235,2025-02-11 17:33:28,Transfer In,5215.36,228326.36,Mobile App,,117,Completed,Transfer In via Branch,0,Worcester,USD,0
654,782,2024-09-19 14:18:12,Transfer Out,6102.2,210697.76,ATM,,412,Completed,Transfer Out via ATM,0,Aurora,USD,0
655,136,2024-06-12 18:45:40,Transfer Out,4170.72,210100.07,Branch,,8,Completed,Transfer Out via ATM,0,Tampa,USD,2.5
656,571,2026-03-21 08:45:37,Deposit,4352.32,196071.52,Online,,,Completed,Deposit via Branch,0,Chicago,USD,0
657,909,2024-03-16 23:41:52,Transfer In,712.72,101203.92,Online,,856,Completed,Transfer In via POS,0,Austin,USD,0
658,281,2025-12-29 23:39:47,Bill Payment,3435.57,89383.01,POS,Utilities,,Completed,Bill Payment via Online,0,Chicago,USD,10
659,8,2026-07-06 16:23:05,Fee,7291.33,55715.45,POS,,,Completed,Fee via ATM,0,Atlanta,USD,0
660,501,2024-02-23 08:44:33,Deposit,4904.92,241625.57,Online,Fuel,,Completed,Deposit via Online,1,Dallas,USD,0
661,632,2025-06-11 16:54:17,Deposit,3380.41,122285.16,Online,Travel,,Completed,Deposit via ATM,0,Dallas,USD,5
662,995,2024-08-16 08:23:55,Transfer In,5522.18,131380.82,Online,,202,Completed,Transfer In via Branch,0,Orlando,USD,5
663,484,2026-01-28 04:51:53,Transfer In,4210.09,4438.6,Mobile App,,733,Completed,Transfer In via Branch,0,Boston,USD,0
664,326,2025-04-22 18:20:41,Deposit,3460.88,132857.49,Mobile App,Fuel,,Completed,Deposit via Branch,0,Boston,USD,0
665,810,2024-08-15 12:28:47,Interest Credit,2602.29,47062.46,Mobile App,,,Completed,Interest Credit via POS,1,Los Angeles,USD,10
666,597,2024-12-11 00:40:01,Transfer Out,1938.49,146187.35,ATM,,652,Completed,Transfer Out via POS,0,Tucson,USD,0
667,889,2025-08-10 13:33:11,Withdrawal,4828.08,97607.66,ATM,Fuel,,Completed,Withdrawal via POS,0,San Francisco,USD,2.5
668,61,2025-01-20 02:20:42,Interest Credit,7348.06,244591.88,Branch,,,Completed,Interest Credit via ATM,0,Augusta,USD,2.5
669,989,2026-01-21 01:17:33,Transfer Out,1511.83,247790.11,ATM,,144,Failed,Transfer Out via Online,0,Atlanta,USD,0
670,1095,2024-02-17 23:56:24,Transfer Out,646.83,218476.54,Branch,,234,Completed,Transfer Out via ATM,0,Savannah,USD,0
671,9,2025-07-06 23:59:09,Bill Payment,1473.17,153723.85,Online,Entertainment,,Completed,Bill Payment via Mobile App,0,Denver,USD,2.5
672,949,2026-08-29 18:07:55,Interest Credit,5013.54,166350.84,Mobile App,,,Completed,Interest Credit via ATM,0,Buffalo,USD,2.5
673,28,2025-09-26 06:53:07,Deposit,4059.87,127272.79,ATM,Groceries,,Completed,Deposit via ATM,0,Atlanta,USD,0
674,372,2025-01-02 18:12:39,Deposit,6808.6,156438.76,Mobile App,Retail,,Completed,Deposit via ATM,0,San Diego,USD,0
675,1021,2024-09-21 04:44:36,Transfer Out,163.4,210845.19,Mobile App,,279,Completed,Transfer Out via Mobile App,0,Phoenix,USD,2.5
676,490,2025-05-28 00:40:18,Transfer In,6341.88,258465.29,Mobile App,,591,Completed,Transfer In via ATM,0,Springfield,USD,1.5
677,801,2024-11-05 03:26:31,Interest Credit,7688.44,94279.39,Online,,,Completed,Interest Credit via Mobile App,0,Augusta,USD,10
678,427,2024-05-03 03:49:05,Withdrawal,2434.91,55343.89,Branch,Healthcare,,Completed,Withdrawal via Mobile App,0,Worcester,USD,2.5
679,1053,2025-07-10 09:03:01,Deposit,5981.57,130749.25,Mobile App,Entertainment,,Completed,Deposit via Branch,0,Atlanta,USD,5
680,328,2026-01-19 16:13:43,Fee,6657.84,54548.59,POS,,,Completed,Fee via POS,0,Buffalo,USD,0
681,944,2025-05-17 10:56:18,Transfer In,4198.58,240169.65,Mobile App,,10,Completed,Transfer In via Branch,0,Worcester,USD,0
682,516,2026-05-26 21:25:25,Withdrawal,6970.78,259166.01,Mobile App,Retail,,Completed,Withdrawal via ATM,0,Seattle,USD,2.5
683,123,2024-12-27 07:19:22,Withdrawal,5767.24,43815.54,Branch,,,Completed,Withdrawal via ATM,0,Miami,USD,1.5
684,353,2026-01-20 21:59:55,Fee,6066.48,196723.66,Online,,,Completed,Fee via Mobile App,0,Denver,USD,0
685,645,2026-08-06 02:57:56,Withdrawal,6308.81,172742.03,POS,Healthcare,,Completed,Withdrawal via POS,1,Houston,USD,5
686,283,2024-02-17 01:18:52,Withdrawal,7942.49,90839.01,Mobile App,Utilities,,Completed,Withdrawal via ATM,0,Tacoma,USD,0
687,379,2025-11-05 11:15:20,Interest Credit,758.24,52946.04,Branch,,,Completed,Interest Credit via Mobile App,0,Tampa,USD,0
688,1007,2025-03-04 09:05:26,Transfer Out,6660.32,47279.76,Mobile App,,678,Completed,Transfer Out via ATM,0,Jacksonville,USD,2.5
689,1180,2024-10-31 21:24:35,Deposit,7950.1,103089.51,ATM,Dining,,Completed,Deposit via Online,0,Cambridge,USD,5
690,376,2025-01-01 16:37:01,Bill Payment,2754.85,135176.02,Online,Groceries,,Completed,Bill Payment via POS,0,Atlanta,USD,2.5
691,600,2025-10-12 21:39:46,Withdrawal,646.57,253921.37,Mobile App,Retail,,Completed,Withdrawal via ATM,0,Spokane,USD,0
692,161,2024-12-03 20:41:27,Transfer In,7215.51,88133.25,Online,,624,Completed,Transfer In via Branch,0,San Diego,USD,5
693,278,2024-05-25 08:25:01,Transfer In,4352.81,106922.08,ATM,,221,Completed,Transfer In via Mobile App,0,New York City,USD,0
694,651,2024-07-15 09:58:37,Bill Payment,2999.54,186415.15,Mobile App,Retail,,Completed,Bill Payment via Mobile App,0,Dallas,USD,0
695,869,2026-05-28 07:03:53,Deposit,2064.02,131924.97,Mobile App,Utilities,,Completed,Deposit via Branch,0,Sacramento,USD,5
696,1170,2024-04-21 04:20:25,Withdrawal,4830.04,61010.72,Mobile App,Retail,,Completed,Withdrawal via POS,0,Houston,USD,5
697,1012,2026-07-31 13:48:35,Interest Credit,2489.56,6511.36,Branch,,,Completed,Interest Credit via POS,0,New York City,USD,5
698,903,2024-06-02 20:31:55,Withdrawal,6431.61,247494.29,Branch,Dining,,Completed,Withdrawal via POS,0,Aurora,USD,0
699,632,2025-12-12 11:59:06,Transfer In,6802.42,170283.52,Mobile App,,186,Completed,Transfer In via Online,0,Jacksonville,USD,5
700,610,2025-03-22 13:18:29,Withdrawal,6872.87,142879.98,Mobile App,Dining,,Completed,Withdrawal via Branch,0,Mesa,USD,2.5
701,760,2026-02-07 05:04:27,Transfer In,3735.13,26872.17,Branch,,131,Completed,Transfer In via Online,0,Miami,USD,0
702,1068,2025-09-05 13:07:46,Fee,1628.97,76378.51,Online,,,Completed,Fee via Branch,0,Austin,USD,0
703,322,2026-01-05 00:08:40,Bill Payment,4684.12,29100.01,Online,Fuel,,Completed,Bill Payment via Mobile App,0,San Antonio,USD,10
704,260,2026-09-02 04:42:33,Withdrawal,6259.16,209931.24,Mobile App,Healthcare,,Completed,Withdrawal via Branch,0,Cambridge,USD,0
705,171,2025-11-11 19:23:09,Bill Payment,5850.58,57890.06,Online,Fuel,,Completed,Bill Payment via POS,0,Boston,USD,0
706,660,2025-09-11 13:09:46,Transfer In,5436.78,201839.68,ATM,,892,Completed,Transfer In via Branch,0,Phoenix,USD,10
707,3,2026-03-24 23:13:29,Transfer In,2339.68,95767.95,ATM,,166,Completed,Transfer In via Online,0,Rochester,USD,0
708,269,2024-03-25 16:43:45,Bill Payment,3021.38,61937.38,Online,Education,,Completed,Bill Payment via Branch,0,Seattle,USD,2.5
709,114,2025-03-13 12:16:40,Deposit,2533.09,116578.34,Online,Retail,,Completed,Deposit via ATM,0,Orlando,USD,1.5
710,836,2026-02-11 00:09:25,Bill Payment,3676.61,75970.53,ATM,Healthcare,,Completed,Bill Payment via Branch,0,Cambridge,USD,0
711,92,2026-02-01 15:05:42,Deposit,1952.48,172238.07,Online,Education,,Completed,Deposit via Online,0,Jacksonville,USD,1.5
712,769,2024-08-30 09:50:59,Deposit,4366.21,37011.08,ATM,Dining,,Completed,Deposit via POS,0,Jacksonville,USD,0
713,65,2024-10-19 21:11:21,Bill Payment,5923.16,228948.77,Mobile App,Utilities,,Completed,Bill Payment via Mobile App,0,Los Angeles,USD,0
714,1101,2025-10-02 05:34:59,Transfer Out,5342.18,167910.36,Mobile App,,177,Pending,Transfer Out via Mobile App,0,Tucson,USD,1.5
715,996,2026-01-10 18:38:50,Transfer In,1477.58,4061.31,ATM,,88,Completed,Transfer In via ATM,0,Mesa,USD,0
716,936,2025-05-03 07:21:33,Deposit,1935.35,93678.17,Mobile App,Education,,Completed,Deposit via POS,0,Spokane,USD,0
717,370,2024-01-31 15:26:54,Withdrawal,56.33,19202.87,ATM,Healthcare,,Completed,Withdrawal via ATM,0,Seattle,USD,2.5
718,532,2026-05-15 20:59:26,Interest Credit,3365.42,121824.07,Online,,,Completed,Interest Credit via Mobile App,0,Rochester,USD,10
719,877,2025-07-07 23:29:16,Transfer In,1894.44,190402.73,Mobile App,,914,Completed,Transfer In via POS,0,Buffalo,USD,5
720,493,2025-01-13 17:57:03,Transfer Out,3209.33,192452.53,Mobile App,,276,Completed,Transfer Out via Mobile App,0,San Francisco,USD,2.5
721,745,2024-06-18 09:02:11,Transfer In,3672.84,140651.3,Mobile App,,401,Completed,Transfer In via Online,0,San Diego,USD,0
722,287,2024-03-13 15:07:47,Withdrawal,5243.94,172810.82,POS,Entertainment,,Completed,Withdrawal via Mobile App,0,Rochester,USD,10
723,869,2025-04-18 18:48:01,Withdrawal,1751.21,247274.16,ATM,Entertainment,,Completed,Withdrawal via Mobile App,0,Seattle,USD,0
724,210,2025-12-13 18:55:12,Withdrawal,2367.7,27526.0,Online,Travel,,Completed,Withdrawal via Mobile App,0,Worcester,USD,1.5
725,982,2025-10-15 17:52:20,Deposit,2005.76,96802.21,POS,Healthcare,,Completed,Deposit via POS,0,San Francisco,USD,0
726,773,2024-03-01 15:45:35,Transfer Out,6236.38,-1216.64,Branch,,474,Completed,Transfer Out via POS,1,Tampa,USD,5
727,465,2026-04-25 02:25:51,Bill Payment,634.67,149083.12,ATM,Healthcare,,Failed,Bill Payment via POS,0,Albany,USD,10
728,119,2025-08-28 12:38:56,Withdrawal,4788.49,14876.45,Mobile App,Entertainment,,Completed,Withdrawal via Branch,0,Austin,USD,10
729,349,2025-01-21 06:01:11,Deposit,1259.24,30508.23,ATM,Fuel,,Completed,Deposit via ATM,0,Boston,USD,0
730,984,2024-09-03 10:39:30,Withdrawal,3588.36,189023.76,Mobile App,,,Completed,Withdrawal via Online,0,Mesa,USD,1.5
731,1192,2024-02-11 14:51:33,Transfer Out,4996.14,80719.64,Mobile App,,117,Completed,Transfer Out via Mobile App,0,Springfield,USD,5
732,688,2024-11-24 07:02:30,Interest Credit,2850.79,191295.57,Online,,,Completed,Interest Credit via ATM,1,Los Angeles,USD,5
733,158,2025-09-26 01:42:11,Transfer In,5056.58,104472.16,Branch,,642,Pending,Transfer In via Branch,0,Albany,USD,10
734,751,2024-02-03 03:12:35,Bill Payment,3591.81,193149.76,Mobile App,Dining,,Completed,Bill Payment via POS,0,Worcester,USD,0
735,1000,2025-08-30 15:54:45,Fee,4059.4,21234.15,Mobile App,,,Completed,Fee via POS,0,Sacramento,USD,5
736,1087,2026-03-02 05:46:20,Interest Credit,1337.68,10408.62,Mobile App,,,Completed,Interest Credit via ATM,0,Cambridge,USD,10
737,713,2024-08-17 02:02:51,Deposit,5467.73,28108.85,Branch,Dining,,Pending,Deposit via Branch,0,San Antonio,USD,0
738,158,2025-12-18 17:57:27,Transfer In,6888.56,68153.35,ATM,,675,Completed,Transfer In via Online,0,Sacramento,USD,0
739,976,2025-05-17 00:50:44,Bill Payment,4813.01,95351.74,Mobile App,Entertainment,,Completed,Bill Payment via Online,0,Jacksonville,USD,0
740,314,2024-05-24 12:52:50,Transfer In,2231.22,156184.24,ATM,,447,Completed,Transfer In via Online,0,Springfield,USD,0
741,378,2025-09-14 21:08:12,Withdrawal,7045.27,162889.78,Mobile App,Utilities,,Completed,Withdrawal via Online,0,Worcester,USD,0
742,218,2024-08-16 23:28:52,Bill Payment,7931.7,104323.81,ATM,Travel,,Completed,Bill Payment via Mobile App,0,Chicago,USD,2.5
743,529,2026-04-26 01:47:53,Deposit,1667.23,63942.55,Branch,Education,,Completed,Deposit via Branch,0,Jacksonville,USD,0
744,964,2026-05-29 08:01:30,Transfer Out,4172.92,201094.56,Online,,692,Completed,Transfer Out via Mobile App,0,Seattle,USD,2.5
745,1187,2024-01-12 19:00:00,Transfer Out,1089.21,237642.61,ATM,,569,Pending,Transfer Out via POS,0,Rochester,USD,0
746,944,2026-05-06 02:56:49,Transfer In,6212.32,84098.97,Mobile App,,386,Completed,Transfer In via Mobile App,0,Houston,USD,0
747,423,2026-05-11 11:54:45,Withdrawal,4975.49,242788.05,Online,Travel,,Completed,Withdrawal via Branch,0,Tampa,USD,1.5
748,23,2026-02-25 06:19:32,Bill Payment,1446.18,168419.54,Online,Dining,,Completed,Bill Payment via Online,0,Aurora,USD,0
749,126,2026-01-08 19:48:59,Transfer In,7299.34,190182.15,Online,,379,Completed,Transfer In via ATM,0,Dallas,USD,1.5
750,595,2025-05-28 16:08:50,Withdrawal,2375.76,226625.17,Branch,Education,,Completed,Withdrawal via ATM,0,Springfield,USD,0
751,754,2025-12-14 17:24:06,Deposit,4809.38,105774.42,Mobile App,Fuel,,Failed,Deposit via ATM,0,Boulder,USD,5
752,134,2025-01-30 13:06:44,Interest Credit,3335.14,69778.68,Online,,,Completed,Interest Credit via ATM,0,Atlanta,USD,0
753,1105,2025-04-18 05:20:06,Transfer Out,524.3,120474.02,Branch,,395,Completed,Transfer Out via Branch,0,Spokane,USD,0
754,115,2024-10-13 00:46:49,Transfer In,6598.09,223340.41,Mobile App,,790,Completed,Transfer In via ATM,0,Miami,USD,2.5
755,786,2026-06-22 04:37:53,Withdrawal,2141.01,153531.67,ATM,,,Completed,Withdrawal via Branch,0,Augusta,USD,5
756,887,2026-04-20 21:00:04,Transfer Out,7492.65,155186.47,Mobile App,,868,Completed,Transfer Out via Branch,0,Augusta,USD,0
757,1165,2024-12-10 15:35:33,Withdrawal,6678.94,202998.11,ATM,Education,,Completed,Withdrawal via POS,0,Seattle,USD,0
758,575,2024-06-20 21:43:53,Bill Payment,6870.0,-1423.44,Online,Entertainment,,Completed,Bill Payment via Branch,0,Miami,USD,0
759,615,2024-09-10 14:15:56,Bill Payment,4312.69,247495.26,Branch,Travel,,Completed,Bill Payment via ATM,1,Aurora,USD,5
760,894,2026-07-03 22:56:54,Fee,2038.94,7768.01,Online,,,Completed,Fee via Online,0,Jacksonville,USD,0
761,786,2026-08-11 14:24:41,Interest Credit,7557.99,143275.09,Branch,,,Completed,Interest Credit via Branch,0,San Francisco,USD,2.5
762,335,2024-09-18 03:06:25,Interest Credit,6821.26,164003.61,Mobile App,,,Completed,Interest Credit via Online,0,Mesa,USD,0
763,510,2025-03-02 15:25:10,Transfer Out,6454.32,72245.36,Branch,,865,Completed,Transfer Out via Mobile App,0,San Diego,USD,1.5
764,938,2026-04-04 04:48:12,Deposit,4397.84,-813.08,Mobile App,Travel,,Completed,Deposit via Online,0,Boulder,USD,10
765,435,2024-07-28 20:17:29,Interest Credit,7887.71,191767.84,Online,,,Completed,Interest Credit via Mobile App,0,Cambridge,USD,5
766,922,2025-06-18 00:14:28,Transfer Out,4892.27,117730.11,Online,,529,Completed,Transfer Out via ATM,0,Cambridge,USD,0
767,175,2024-12-26 21:48:14,Fee,4971.7,235944.47,ATM,,,Failed,Fee via Branch,0,Chicago,USD,10
768,211,2024-03-06 19:48:40,Withdrawal,3846.07,107733.81,Mobile App,Healthcare,,Completed,Withdrawal via Online,0,Boulder,USD,5
769,41,2025-08-24 13:29:05,Bill Payment,3077.95,66318.98,Mobile App,Entertainment,,Completed,Bill Payment via Branch,0,Orlando,USD,2.5
770,891,2024-08-05 00:11:14,Transfer Out,2624.69,82941.75,Mobile App,,570,Completed,Transfer Out via Mobile App,0,Tampa,USD,10
771,703,2025-12-04 04:01:24,Withdrawal,1090.04,234125.16,Mobile App,Entertainment,,Completed,Withdrawal via Mobile App,0,Albany,USD,2.5
772,913,2025-07-05 08:47:13,Deposit,7671.93,84574.86,POS,Dining,,Completed,Deposit via Branch,0,Denver,USD,5
773,354,2024-01-16 12:55:22,Bill Payment,6996.98,132710.51,Mobile App,Entertainment,,Completed,Bill Payment via Branch,0,Naperville,USD,0
774,834,2025-11-15 20:49:49,Fee,6946.04,173847.38,ATM,,,Completed,Fee via Branch,0,Austin,USD,0
775,163,2026-01-24 03:22:15,Fee,1134.71,141909.13,Online,,,Completed,Fee via POS,0,Los Angeles,USD,1.5
776,1032,2026-03-09 20:27:05,Fee,1183.7,225475.42,Mobile App,,,Completed,Fee via POS,0,Mesa,USD,0
777,443,2025-10-30 04:17:51,Withdrawal,3322.56,245682.87,Mobile App,Groceries,,Completed,Withdrawal via Online,0,Orlando,USD,1.5
778,826,2024-08-28 10:36:04,Transfer In,4784.01,58948.84,Online,,501,Completed,Transfer In via Branch,0,Savannah,USD,10
779,864,2025-08-17 13:33:27,Deposit,5713.95,115505.22,Branch,Groceries,,Completed,Deposit via Mobile App,0,Atlanta,USD,10
780,946,2024-05-26 18:56:43,Fee,1388.61,106330.83,ATM,,,Completed,Fee via Mobile App,0,Spokane,USD,0
781,1044,2025-03-31 13:55:41,Transfer Out,7276.37,211193.94,Branch,,1001,Completed,Transfer Out via Online,0,Naperville,USD,0
782,585,2025-05-16 08:01:44,Bill Payment,5704.33,151907.49,Mobile App,Dining,,Completed,Bill Payment via Mobile App,0,San Francisco,USD,0
783,976,2025-10-21 17:57:36,Withdrawal,3362.03,71724.85,Branch,Fuel,,Completed,Withdrawal via Mobile App,0,Atlanta,USD,0
784,632,2026-05-22 09:14:41,Transfer Out,2809.1,21125.92,Branch,,611,Completed,Transfer Out via Branch,0,Orlando,USD,0
785,120,2026-01-03 20:53:27,Bill Payment,5148.58,147595.55,Branch,Groceries,,Completed,Bill Payment via Mobile App,0,Atlanta,USD,0
786,496,2026-03-13 07:08:07,Bill Payment,5780.2,61971.53,POS,Healthcare,,Completed,Bill Payment via Mobile App,0,Tacoma,USD,0
787,411,2025-07-20 18:18:20,Fee,1045.42,105843.87,POS,,,Completed,Fee via ATM,0,San Diego,USD,1.5
788,956,2025-02-28 17:36:39,Deposit,7996.32,16376.57,Mobile App,Utilities,,Completed,Deposit via POS,1,Savannah,USD,5
789,160,2025-08-08 03:40:35,Deposit,5517.03,129488.42,Online,,,Completed,Deposit via Online,1,Austin,USD,0
790,652,2025-05-28 11:07:24,Transfer In,5992.26,204339.52,Branch,,918,Completed,Transfer In via Online,0,Mesa,USD,10
791,871,2024-06-03 16:38:42,Interest Credit,4088.26,198198.08,Online,,,Completed,Interest Credit via ATM,0,Tucson,USD,5
792,819,2026-06-03 22:49:57,Bill Payment,6868.7,141460.74,ATM,Retail,,Completed,Bill Payment via Online,0,Savannah,USD,5
793,703,2025-11-20 05:14:57,Interest Credit,4691.4,2395.28,Online,,,Completed,Interest Credit via Branch,0,Tampa,USD,0
794,370,2024-03-01 19:10:35,Transfer Out,1491.56,235966.25,Mobile App,,866,Completed,Transfer Out via Mobile App,0,Cambridge,USD,0
795,319,2026-09-18 05:18:36,Deposit,443.09,54665.74,ATM,Utilities,,Completed,Deposit via ATM,0,Seattle,USD,10
796,499,2024-11-09 20:57:13,Withdrawal,4728.29,64372.58,Mobile App,Utilities,,Completed,Withdrawal via Branch,0,Seattle,USD,1.5
797,263,2025-07-31 14:49:22,Deposit,2621.88,71890.81,ATM,Entertainment,,Completed,Deposit via Branch,0,Tampa,USD,10
798,463,2024-05-12 13:54:03,Bill Payment,7936.94,237933.49,Mobile App,Education,,Completed,Bill Payment via Mobile App,0,Denver,USD,10
799,620,2025-04-23 09:10:56,Deposit,725.93,238692.39,ATM,Travel,,Completed,Deposit via ATM,0,Boulder,USD,2.5
800,401,2024-09-30 16:37:00,Withdrawal,7557.69,200380.86,Online,Retail,,Completed,Withdrawal via Branch,1,Aurora,USD,2.5
801,344,2025-03-24 12:22:02,Bill Payment,3914.23,83901.51,Mobile App,,,Completed,Bill Payment via ATM,0,Aurora,USD,1.5
802,156,2024-05-17 06:07:31,Fee,7769.15,143148.15,Online,,,Completed,Fee via POS,0,San Antonio,USD,5
803,944,2025-01-11 02:07:24,Withdrawal,4968.57,138965.68,Mobile App,Travel,,Completed,Withdrawal via Branch,0,Austin,USD,0
804,114,2024-02-06 08:33:06,Interest Credit,7684.34,15038.03,Branch,,,Completed,Interest Credit via Online,0,Rochester,USD,1.5
805,322,2024-03-30 08:42:11,Deposit,4868.09,148449.12,Mobile App,Healthcare,,Completed,Deposit via ATM,0,Dallas,USD,0
806,130,2025-12-28 10:35:53,Transfer In,1242.13,75340.31,POS,,396,Completed,Transfer In via Mobile App,0,Jacksonville,USD,0
807,681,2025-08-20 00:30:08,Fee,2854.09,49293.63,ATM,,,Completed,Fee via Branch,0,Sacramento,USD,1.5
808,608,2026-01-16 04:53:10,Deposit,3530.4,173990.28,ATM,Utilities,,Completed,Deposit via Mobile App,0,Seattle,USD,2.5
809,655,2025-01-15 13:49:12,Transfer In,5932.67,60193.79,Mobile App,,886,Completed,Transfer In via Online,0,Rochester,USD,0
810,290,2024-09-09 03:04:16,Transfer In,4912.93,87405.72,ATM,,547,Completed,Transfer In via ATM,1,Dallas,USD,0
811,859,2024-09-24 06:20:11,Interest Credit,7342.16,194031.82,POS,,,Completed,Interest Credit via POS,0,Sacramento,USD,0
812,328,2026-06-21 17:59:12,Bill Payment,1076.31,103978.43,ATM,Utilities,,Completed,Bill Payment via Branch,0,Austin,USD,10
813,729,2026-04-09 23:28:42,Interest Credit,3219.86,168400.48,Online,,,Completed,Interest Credit via Mobile App,1,San Francisco,USD,0
814,555,2025-10-09 09:36:07,Transfer In,6398.05,193387.89,ATM,,177,Completed,Transfer In via Branch,0,Atlanta,USD,10
815,266,2025-08-14 04:59:40,Bill Payment,4412.39,10878.95,Branch,Fuel,,Completed,Bill Payment via ATM,1,Tucson,USD,1.5
816,1145,2024-06-11 09:48:20,Withdrawal,3949.3,64571.22,ATM,Dining,,Completed,Withdrawal via ATM,0,Atlanta,USD,0
817,605,2024-08-22 23:52:38,Withdrawal,7208.24,84769.86,POS,Groceries,,Completed,Withdrawal via ATM,0,Buffalo,USD,5
818,33,2025-07-20 21:03:05,Bill Payment,356.12,5514.14,Mobile App,Education,,Completed,Bill Payment via Online,0,Atlanta,USD,1.5
819,978,2024-04-12 23:55:35,Withdrawal,7637.18,179458.59,Online,Retail,,Completed,Withdrawal via POS,0,Austin,USD,2.5
820,893,2026-08-31 20:01:26,Withdrawal,5504.05,7242.62,Mobile App,Travel,,Completed,Withdrawal via Online,0,New York City,USD,0
821,1055,2026-09-10 08:38:11,Transfer Out,4249.09,114012.95,Mobile App,,1046,Completed,Transfer Out via POS,0,Jacksonville,USD,0
822,422,2025-10-20 05:05:09,Withdrawal,7672.06,167554.43,Mobile App,Retail,,Completed,Withdrawal via POS,0,Austin,USD,0
823,397,2025-05-13 23:15:42,Transfer Out,77.93,124282.53,Online,,573,Completed,Transfer Out via Mobile App,0,Austin,USD,0
824,439,2025-01-26 02:43:15,Transfer In,1662.48,197101.13,Mobile App,,249,Completed,Transfer In via POS,0,Spokane,USD,0
825,1148,2026-03-26 06:39:42,Deposit,5747.47,78706.4,Online,Entertainment,,Completed,Deposit via Online,0,Sacramento,USD,2.5
826,478,2026-07-30 19:32:14,Withdrawal,1029.53,152193.28,Mobile App,Travel,,Failed,Withdrawal via Mobile App,0,Sacramento,USD,2.5
827,453,2025-07-19 10:45:14,Deposit,5842.58,50.55,Online,Fuel,,Completed,Deposit via POS,0,Aurora,USD,5
828,680,2026-09-08 10:31:37,Withdrawal,5288.33,231420.75,Online,,,Completed,Withdrawal via POS,0,Albany,USD,0
829,1099,2025-05-31 01:07:35,Fee,6082.29,27025.16,Branch,,,Completed,Fee via Branch,0,Boulder,USD,2.5
830,875,2025-05-28 15:42:34,Transfer Out,2387.72,125059.12,Online,,866,Completed,Transfer Out via ATM,0,Boston,USD,1.5
831,664,2024-02-19 06:39:23,Bill Payment,1754.39,190325.3,Online,Entertainment,,Completed,Bill Payment via Mobile App,0,Austin,USD,0
832,732,2025-07-30 22:01:47,Transfer Out,653.88,82462.83,Branch,,979,Completed,Transfer Out via Online,0,Albany,USD,10
833,563,2026-07-11 06:35:41,Transfer Out,3661.55,20790.23,Mobile App,,567,Completed,Transfer Out via Online,1,Augusta,USD,0
834,878,2024-06-16 10:44:39,Transfer In,6086.1,204956.14,Online,,242,Completed,Transfer In via Online,0,Worcester,USD,2.5
835,652,2024-04-30 21:13:26,Deposit,2868.73,79398.29,ATM,Retail,,Completed,Deposit via POS,0,Jacksonville,USD,0
836,103,2026-03-25 13:57:56,Transfer Out,1656.33,212362.24,ATM,,1033,Completed,Transfer Out via Branch,0,Austin,USD,2.5
837,1179,2024-01-15 20:57:09,Transfer In,5116.21,239554.77,ATM,,354,Completed,Transfer In via POS,0,Orlando,USD,1.5
838,343,2024-08-17 13:25:32,Transfer In,3284.63,146744.11,Online,,100,Completed,Transfer In via ATM,1,Boulder,USD,0
839,563,2026-06-06 04:27:27,Deposit,1635.83,143029.78,ATM,Entertainment,,Completed,Deposit via Branch,0,Jacksonville,USD,2.5
840,1080,2024-01-17 05:52:38,Withdrawal,7894.18,25333.64,Branch,Fuel,,Completed,Withdrawal via Mobile App,0,Atlanta,USD,0
841,1200,2025-11-21 06:45:33,Deposit,3146.64,231319.11,Online,,,Completed,Deposit via Mobile App,0,New York City,USD,10
842,279,2025-01-20 04:01:49,Deposit,2665.4,101512.99,Mobile App,Travel,,Completed,Deposit via POS,0,Dallas,USD,0
843,1087,2025-03-09 02:27:42,Bill Payment,2795.45,191588.1,Mobile App,Fuel,,Completed,Bill Payment via POS,0,San Diego,USD,0
844,176,2024-04-24 09:14:32,Fee,7594.27,252100.69,Mobile App,,,Completed,Fee via Branch,0,San Francisco,USD,10
845,930,2026-06-27 05:17:45,Withdrawal,2563.6,21407.29,ATM,Dining,,Completed,Withdrawal via Online,0,Savannah,USD,5
846,979,2025-05-21 21:46:34,Bill Payment,2139.62,-1337.75,Online,Retail,,Completed,Bill Payment via ATM,0,Tacoma,USD,0
847,1153,2025-09-22 02:47:30,Bill Payment,7505.58,130276.58,Online,,,Completed,Bill Payment via ATM,0,Springfield,USD,1.5
848,197,2025-11-01 03:07:19,Bill Payment,4834.1,86831.94,Mobile App,Dining,,Completed,Bill Payment via Online,0,Rochester,USD,0
849,1060,2025-07-10 23:48:45,Bill Payment,2694.07,122677.61,Online,,,Completed,Bill Payment via Mobile App,0,San Diego,USD,10
850,39,2026-03-11 10:25:05,Withdrawal,2427.42,66990.88,Mobile App,,,Completed,Withdrawal via Online,0,Cambridge,USD,10
851,1009,2025-04-24 21:14:02,Deposit,6879.29,43776.99,ATM,,,Completed,Deposit via POS,0,Sacramento,USD,10
852,830,2025-01-20 11:04:21,Interest Credit,5553.0,76196.04,ATM,,,Completed,Interest Credit via POS,0,San Antonio,USD,0
853,98,2024-01-12 04:21:36,Deposit,7598.22,119134.04,Mobile App,Entertainment,,Completed,Deposit via POS,1,Jacksonville,USD,0
854,538,2024-03-24 10:39:37,Bill Payment,3872.63,90328.17,Online,Dining,,Failed,Bill Payment via Online,0,Dallas,USD,0
855,702,2024-10-21 21:08:17,Withdrawal,7731.4,78963.4,Online,Fuel,,Completed,Withdrawal via Online,0,Spokane,USD,0
856,487,2025-01-06 22:13:26,Fee,4293.57,251285.41,Branch,,,Completed,Fee via POS,0,Atlanta,USD,10
857,618,2026-03-06 06:22:50,Bill Payment,2900.19,23602.92,Online,Education,,Completed,Bill Payment via POS,0,Chicago,USD,0
858,397,2024-10-15 04:28:21,Transfer In,1910.5,114338.37,Branch,,619,Completed,Transfer In via Online,0,Phoenix,USD,0
859,522,2026-07-04 10:25:52,Bill Payment,3944.14,126154.62,Mobile App,,,Completed,Bill Payment via Branch,1,San Antonio,USD,2.5
860,655,2024-08-22 18:16:19,Transfer Out,7957.58,184771.39,Online,,1062,Completed,Transfer Out via Mobile App,0,Tucson,USD,0
861,392,2025-07-05 22:14:05,Transfer Out,3109.49,18392.27,Branch,,40,Completed,Transfer Out via ATM,0,Phoenix,USD,0
862,785,2026-07-15 16:46:39,Transfer In,6325.67,148551.5,Online,,553,Completed,Transfer In via POS,0,Aurora,USD,2.5
863,643,2025-10-10 13:49:17,Bill Payment,3185.96,26778.59,Mobile App,Dining,,Completed,Bill Payment via Branch,0,Cambridge,USD,10
864,823,2025-10-01 20:54:12,Bill Payment,2826.76,205133.72,Online,Travel,,Completed,Bill Payment via Online,0,Worcester,USD,0
865,1002,2024-03-25 21:10:28,Deposit,1029.06,139042.69,Branch,Education,,Completed,Deposit via Branch,0,Atlanta,USD,0
866,398,2025-05-24 07:32:16,Transfer Out,599.91,10347.63,Online,,389,Completed,Transfer Out via Branch,0,Seattle,USD,0
867,886,2024-02-17 06:28:43,Transfer In,5380.61,80175.84,Mobile App,,461,Completed,Transfer In via Mobile App,0,Houston,USD,1.5
868,1066,2025-04-26 14:56:38,Interest Credit,1572.16,199122.71,POS,,,Completed,Interest Credit via ATM,0,Tampa,USD,2.5
869,895,2025-02-24 07:08:57,Fee,4487.96,38182.32,Mobile App,,,Completed,Fee via Online,0,Worcester,USD,0
870,965,2026-01-19 13:45:06,Bill Payment,7568.08,35070.5,Online,Utilities,,Completed,Bill Payment via Mobile App,0,Dallas,USD,0
871,259,2026-05-04 12:03:03,Bill Payment,7655.53,17796.41,Online,Dining,,Completed,Bill Payment via Branch,0,Austin,USD,0
872,1200,2025-10-02 05:33:21,Transfer In,5137.08,209179.53,ATM,,1163,Completed,Transfer In via POS,0,Boston,USD,2.5
873,925,2024-07-13 14:20:18,Interest Credit,5035.27,69486.28,Mobile App,,,Completed,Interest Credit via Branch,0,Spokane,USD,1.5
874,587,2024-11-04 17:04:21,Interest Credit,879.46,23559.6,Mobile App,,,Completed,Interest Credit via Online,0,Augusta,USD,10
875,385,2026-05-14 14:55:28,Transfer In,151.23,35828.73,Branch,,693,Completed,Transfer In via POS,0,Orlando,USD,10
876,879,2025-08-10 12:34:50,Transfer In,6243.68,201991.71,Branch,,1100,Completed,Transfer In via ATM,0,New York City,USD,0
877,58,2026-04-10 09:26:30,Interest Credit,2091.98,134823.62,ATM,,,Completed,Interest Credit via ATM,0,San Antonio,USD,0
878,908,2026-02-27 12:36:23,Deposit,1660.44,991.49,ATM,Retail,,Completed,Deposit via Mobile App,1,Tucson,USD,10
879,95,2024-02-04 19:11:14,Bill Payment,89.48,171286.87,Online,Retail,,Completed,Bill Payment via POS,0,Tucson,USD,5
880,296,2024-07-17 03:48:25,Bill Payment,2988.55,108319.74,Online,Fuel,,Completed,Bill Payment via Mobile App,0,Dallas,USD,10
881,302,2026-02-10 13:09:49,Deposit,4367.07,101424.99,ATM,Education,,Completed,Deposit via POS,0,Tampa,USD,0
882,464,2024-01-17 20:49:46,Fee,5371.93,99426.13,Branch,,,Completed,Fee via Mobile App,0,Cambridge,USD,10
883,612,2026-04-13 15:07:53,Deposit,4904.93,7695.3,Mobile App,Retail,,Completed,Deposit via Branch,0,San Francisco,USD,5
884,513,2025-02-07 11:15:34,Bill Payment,4555.18,186461.35,Mobile App,,,Completed,Bill Payment via Branch,0,Tacoma,USD,0
885,923,2024-07-01 00:21:07,Bill Payment,991.45,191196.95,Online,Utilities,,Completed,Bill Payment via Branch,0,Buffalo,USD,5
886,952,2025-01-04 07:38:09,Interest Credit,3701.66,43889.7,POS,,,Completed,Interest Credit via ATM,0,Boston,USD,0
887,699,2026-03-24 22:46:50,Interest Credit,3215.23,-1096.81,ATM,,,Completed,Interest Credit via ATM,0,Boulder,USD,10
888,752,2026-07-30 13:42:57,Bill Payment,4117.62,224587.94,Mobile App,Dining,,Completed,Bill Payment via Online,0,Boulder,USD,1.5
889,394,2026-08-08 14:12:18,Bill Payment,4974.35,-883.43,Online,Utilities,,Completed,Bill Payment via Online,0,Mesa,USD,1.5
890,693,2025-08-10 03:35:28,Fee,3022.17,55030.11,Mobile App,,,Completed,Fee via ATM,0,Austin,USD,1.5
891,97,2025-03-12 15:50:07,Fee,6122.43,37441.96,Online,,,Completed,Fee via POS,0,Boulder,USD,10
892,1160,2024-03-15 09:12:41,Transfer Out,7454.2,209702.85,Mobile App,,695,Completed,Transfer Out via Mobile App,1,Austin,USD,10
893,55,2024-01-20 12:08:44,Deposit,2766.47,116398.13,ATM,Education,,Completed,Deposit via ATM,0,Augusta,USD,0
894,676,2025-11-18 15:41:06,Deposit,3140.32,209997.66,Mobile App,Education,,Completed,Deposit via POS,0,Jacksonville,USD,10
895,789,2025-03-11 00:57:21,Transfer Out,926.85,116828.93,Mobile App,,1142,Completed,Transfer Out via Mobile App,0,Los Angeles,USD,5
896,574,2026-08-28 11:58:52,Withdrawal,2600.16,207347.98,Online,,,Completed,Withdrawal via Branch,0,Mesa,USD,0
897,92,2025-10-29 02:31:18,Withdrawal,1420.49,205306.22,Mobile App,,,Completed,Withdrawal via Mobile App,0,Denver,USD,1.5
898,697,2025-02-25 05:42:11,Deposit,7.58,71597.41,Online,Education,,Completed,Deposit via Online,0,Phoenix,USD,0
899,240,2024-04-01 20:14:36,Transfer Out,7926.66,3117.84,Branch,,793,Completed,Transfer Out via Mobile App,0,Savannah,USD,1.5
900,978,2024-01-14 00:22:47,Transfer In,943.35,11420.95,POS,,221,Completed,Transfer In via Mobile App,0,Phoenix,USD,2.5
901,594,2025-10-08 00:14:43,Bill Payment,2811.99,118869.7,Online,Healthcare,,Completed,Bill Payment via Branch,0,Orlando,USD,1.5
902,1039,2026-07-03 07:22:56,Withdrawal,7546.47,196651.48,Online,Groceries,,Completed,Withdrawal via Online,1,Augusta,USD,2.5
903,854,2024-10-25 11:49:23,Deposit,3473.82,188975.44,ATM,,,Completed,Deposit via Mobile App,0,Aurora,USD,0
904,840,2024-03-27 08:50:52,Bill Payment,3813.48,199092.79,Online,,,Completed,Bill Payment via Mobile App,0,Savannah,USD,10
905,84,2024-03-31 02:46:34,Bill Payment,1644.94,231986.99,Online,,,Completed,Bill Payment via Mobile App,0,Rochester,USD,10
906,143,2026-04-19 01:00:30,Bill Payment,687.76,196933.82,POS,Fuel,,Completed,Bill Payment via POS,0,Rochester,USD,0
907,67,2026-09-18 03:09:04,Transfer In,7734.85,73303.94,ATM,,344,Completed,Transfer In via Branch,0,Buffalo,USD,0
908,471,2024-08-12 08:18:02,Withdrawal,3035.79,211371.58,Mobile App,Retail,,Completed,Withdrawal via Mobile App,0,Chicago,USD,0
909,5,2024-10-08 15:04:32,Withdrawal,2753.6,47971.05,Online,Dining,,Completed,Withdrawal via Online,0,Seattle,USD,0
910,280,2026-03-17 03:32:09,Transfer In,1943.31,6647.64,Online,,100,Failed,Transfer In via Online,0,Tacoma,USD,1.5
911,1089,2025-06-24 13:41:34,Transfer In,7576.92,25938.06,POS,,503,Completed,Transfer In via POS,0,Chicago,USD,0
912,742,2024-04-10 08:53:26,Withdrawal,2491.59,136704.71,ATM,Dining,,Completed,Withdrawal via Mobile App,0,Seattle,USD,0
913,748,2025-09-04 21:21:58,Withdrawal,243.76,223225.64,POS,Education,,Completed,Withdrawal via Mobile App,0,San Francisco,USD,0
914,87,2026-07-09 13:12:03,Withdrawal,4722.78,42221.36,Branch,Dining,,Completed,Withdrawal via Mobile App,0,Austin,USD,2.5
915,1148,2025-08-13 07:09:35,Transfer In,3320.57,247272.18,Mobile App,,428,Completed,Transfer In via POS,0,Aurora,USD,10
916,327,2026-02-09 21:08:44,Fee,4157.56,51181.47,Mobile App,,,Completed,Fee via Branch,0,Savannah,USD,5
917,356,2025-04-13 11:52:40,Transfer Out,909.24,100783.08,Branch,,1183,Completed,Transfer Out via Branch,0,Rochester,USD,0
918,965,2025-06-05 17:55:54,Deposit,2596.83,44844.93,Online,Groceries,,Completed,Deposit via ATM,0,San Francisco,USD,0
919,327,2024-01-16 00:20:35,Bill Payment,5250.39,19554.49,Mobile App,Groceries,,Completed,Bill Payment via Online,1,Houston,USD,5
920,565,2026-02-10 11:01:46,Transfer Out,4958.01,12555.05,Mobile App,,140,Completed,Transfer Out via Branch,0,Spokane,USD,0
921,201,2026-01-28 16:31:15,Withdrawal,3249.0,115196.92,Branch,,,Completed,Withdrawal via Branch,0,Boston,USD,0
922,986,2025-03-05 00:52:52,Transfer Out,6137.18,190555.46,Mobile App,,599,Completed,Transfer Out via Branch,0,Savannah,USD,10
923,291,2025-07-01 03:19:08,Fee,5511.91,54635.86,Online,,,Completed,Fee via Mobile App,0,Austin,USD,1.5
924,688,2024-10-20 14:42:16,Transfer In,4757.38,33260.53,Online,,470,Completed,Transfer In via POS,0,Dallas,USD,10
925,15,2024-05-20 13:04:53,Deposit,359.06,146160.02,Online,Utilities,,Pending,Deposit via Mobile App,0,San Francisco,USD,0
926,718,2025-06-17 05:27:13,Deposit,1049.91,220277.07,ATM,Utilities,,Completed,Deposit via Online,0,Tampa,USD,0
927,1158,2025-07-20 07:59:41,Transfer In,34.99,148741.47,Mobile App,,551,Completed,Transfer In via POS,0,Albany,USD,0
928,704,2025-09-12 14:04:26,Transfer Out,7503.58,237595.22,Mobile App,,762,Completed,Transfer Out via Branch,0,Phoenix,USD,0
929,579,2024-06-07 23:41:16,Transfer Out,7788.9,85572.68,Mobile App,,956,Completed,Transfer Out via ATM,1,Seattle,USD,0
930,613,2025-08-28 17:15:54,Transfer Out,3744.61,150699.86,ATM,,488,Completed,Transfer Out via POS,0,Jacksonville,USD,0
931,365,2026-02-22 08:12:12,Withdrawal,4602.96,188635.72,Branch,Fuel,,Completed,Withdrawal via Mobile App,0,Tucson,USD,10
932,352,2025-06-10 21:33:56,Fee,2066.77,48112.57,Branch,,,Completed,Fee via Online,0,Tucson,USD,10
933,338,2025-06-22 20:32:16,Transfer Out,6936.74,122856.87,Branch,,742,Completed,Transfer Out via Online,0,Aurora,USD,0
934,321,2025-07-10 21:56:10,Transfer Out,4572.98,68795.19,Online,,464,Completed,Transfer Out via Online,0,Mesa,USD,5
935,104,2025-06-02 23:58:28,Transfer Out,5769.35,73215.08,Online,,1163,Completed,Transfer Out via Online,0,Mesa,USD,5
936,262,2025-09-26 00:12:15,Withdrawal,1346.5,179964.98,POS,Retail,,Completed,Withdrawal via Branch,0,Buffalo,USD,0
937,453,2024-04-28 01:50:22,Transfer In,4798.76,154003.39,ATM,,109,Failed,Transfer In via ATM,0,Tacoma,USD,0
938,956,2025-06-12 01:55:42,Withdrawal,7554.06,195061.24,ATM,Utilities,,Completed,Withdrawal via Online,0,Chicago,USD,10
939,673,2025-11-11 18:20:04,Transfer In,7757.42,228246.13,Online,,27,Completed,Transfer In via Branch,0,Tampa,USD,0
940,676,2025-10-01 13:22:08,Transfer Out,7880.49,115474.28,Branch,,559,Completed,Transfer Out via POS,0,Spokane,USD,5
941,851,2026-02-19 00:37:35,Fee,3852.99,122886.57,Mobile App,,,Pending,Fee via Branch,0,San Francisco,USD,0
942,341,2024-03-13 12:03:40,Transfer In,7302.64,119823.01,Mobile App,,617,Completed,Transfer In via ATM,0,Miami,USD,0
943,1153,2024-01-31 13:45:59,Deposit,308.3,111268.88,Mobile App,Groceries,,Completed,Deposit via Online,0,Phoenix,USD,10
944,511,2026-03-12 05:52:52,Fee,5646.79,81341.91,Mobile App,,,Completed,Fee via Online,0,Jacksonville,USD,0
945,821,2025-03-03 21:31:24,Transfer Out,4791.53,190493.33,Online,,126,Completed,Transfer Out via Online,1,Tampa,USD,0
946,627,2024-12-28 07:05:14,Interest Credit,5472.86,102864.32,ATM,,,Completed,Interest Credit via Branch,0,Rochester,USD,2.5
947,358,2026-04-22 04:55:26,Transfer In,4465.7,85605.96,ATM,,456,Completed,Transfer In via POS,0,Tampa,USD,0
948,41,2025-07-22 05:03:49,Interest Credit,1863.39,87181.37,Online,,,Completed,Interest Credit via Branch,0,Tampa,USD,5
949,636,2026-06-13 23:57:58,Deposit,1433.81,196636.08,Mobile App,Entertainment,,Completed,Deposit via POS,0,Miami,USD,10
950,323,2024-01-24 07:50:42,Deposit,1845.06,82939.53,ATM,Groceries,,Completed,Deposit via Branch,0,Spokane,USD,0
951,59,2025-08-16 12:17:33,Transfer In,722.75,82957.74,Mobile App,,731,Completed,Transfer In via POS,1,Springfield,USD,0
952,560,2024-05-06 06:01:42,Deposit,7163.41,245931.47,Online,Entertainment,,Completed,Deposit via POS,0,Savannah,USD,2.5
953,180,2026-07-30 09:09:19,Deposit,1864.4,244641.64,Mobile App,Groceries,,Completed,Deposit via ATM,0,Atlanta,USD,0
954,716,2024-05-12 10:27:19,Bill Payment,1789.59,158144.98,Branch,Entertainment,,Completed,Bill Payment via ATM,0,Mesa,USD,0
955,683,2026-05-29 10:00:43,Bill Payment,6867.28,91780.89,Mobile App,Healthcare,,Completed,Bill Payment via Mobile App,0,Tampa,USD,0
956,1055,2026-02-01 11:20:24,Transfer Out,1056.03,105309.85,ATM,,569,Completed,Transfer Out via ATM,0,New York City,USD,0
957,1099,2024-12-23 18:57:08,Bill Payment,7134.76,60210.99,ATM,Retail,,Completed,Bill Payment via ATM,0,Houston,USD,2.5
958,86,2026-04-27 13:43:05,Withdrawal,442.61,145342.78,Online,,,Completed,Withdrawal via Mobile App,0,Tucson,USD,0
959,627,2025-09-21 19:08:34,Deposit,1730.1,4282.42,Mobile App,Retail,,Completed,Deposit via POS,0,San Diego,USD,0
960,583,2025-07-30 03:46:56,Bill Payment,3343.69,220589.73,Mobile App,Utilities,,Completed,Bill Payment via Mobile App,0,Aurora,USD,0
961,1102,2026-04-09 08:59:54,Transfer Out,310.93,169988.23,Online,,801,Completed,Transfer Out via POS,0,Boulder,USD,10
962,1098,2024-07-05 09:33:43,Bill Payment,713.32,242340.29,Mobile App,Healthcare,,Completed,Bill Payment via Online,0,Augusta,USD,2.5
963,820,2024-01-15 15:54:56,Bill Payment,4292.74,97610.7,ATM,Dining,,Completed,Bill Payment via Mobile App,1,Denver,USD,0
964,4,2026-09-02 19:44:07,Bill Payment,7868.21,174386.15,Mobile App,Utilities,,Completed,Bill Payment via Branch,0,Tucson,USD,0
965,721,2025-07-06 04:32:46,Transfer In,146.85,56498.35,Mobile App,,1057,Completed,Transfer In via POS,0,Boston,USD,10
966,1066,2024-01-06 19:59:02,Bill Payment,4673.99,95261.83,Online,,,Completed,Bill Payment via Online,0,Orlando,USD,5
967,946,2026-07-30 17:18:04,Fee,2085.4,123971.16,Online,,,Failed,Fee via Mobile App,0,Worcester,USD,10
968,764,2026-06-14 12:39:53,Deposit,4491.69,232022.44,ATM,Fuel,,Completed,Deposit via Mobile App,0,Savannah,USD,5
969,425,2025-01-02 19:21:37,Interest Credit,1995.31,194629.44,Online,,,Completed,Interest Credit via Mobile App,0,Buffalo,USD,0
970,67,2024-05-18 22:07:24,Deposit,4236.4,110272.83,Mobile App,Healthcare,,Completed,Deposit via Mobile App,0,Mesa,USD,0
971,38,2024-03-13 16:39:20,Bill Payment,799.88,178128.36,Online,Fuel,,Completed,Bill Payment via Branch,0,Dallas,USD,2.5
972,580,2025-04-05 01:31:30,Transfer Out,5388.02,221253.85,ATM,,26,Completed,Transfer Out via Branch,1,Naperville,USD,2.5
973,658,2024-11-30 22:38:10,Deposit,467.14,75496.3,POS,Healthcare,,Completed,Deposit via ATM,0,Orlando,USD,10
974,823,2024-11-09 17:25:15,Transfer Out,1899.03,123317.32,Branch,,1045,Completed,Transfer Out via Branch,0,Naperville,USD,0
975,1078,2026-08-13 10:08:01,Withdrawal,5371.65,5836.07,ATM,Groceries,,Completed,Withdrawal via Branch,0,Tampa,USD,0
976,1008,2025-04-04 15:35:17,Bill Payment,5712.39,112672.92,Online,Utilities,,Failed,Bill Payment via Mobile App,0,Springfield,USD,5
977,794,2025-04-01 00:06:12,Deposit,4955.48,92117.29,Online,Travel,,Completed,Deposit via Branch,0,Buffalo,USD,10
978,671,2025-12-05 15:42:03,Transfer Out,450.22,31377.43,ATM,,340,Completed,Transfer Out via Online,0,Augusta,USD,10
979,925,2025-10-31 14:56:05,Fee,7804.87,24746.15,Online,,,Completed,Fee via POS,0,San Diego,USD,1.5
980,210,2024-05-17 16:39:04,Interest Credit,6807.47,41492.46,Mobile App,,,Completed,Interest Credit via ATM,0,Worcester,USD,5
981,884,2024-10-23 04:54:08,Deposit,4340.41,220647.79,Branch,Utilities,,Completed,Deposit via POS,0,Springfield,USD,10
982,69,2025-08-23 22:03:15,Transfer Out,3056.03,107066.46,Branch,,397,Completed,Transfer Out via POS,0,Naperville,USD,1.5
983,621,2026-02-21 11:45:56,Deposit,1162.26,179848.88,ATM,Entertainment,,Completed,Deposit via Mobile App,0,Houston,USD,0
984,946,2024-04-06 09:05:32,Withdrawal,619.09,8886.72,Mobile App,Healthcare,,Completed,Withdrawal via ATM,0,San Diego,USD,0
985,779,2025-11-02 15:04:47,Bill Payment,5052.23,239062.71,Mobile App,Utilities,,Completed,Bill Payment via Branch,0,Worcester,USD,0
986,785,2026-04-13 02:47:11,Deposit,2113.24,226819.67,Online,Utilities,,Completed,Deposit via ATM,0,New York City,USD,2.5
987,775,2025-07-04 07:45:04,Interest Credit,5413.95,35469.82,Branch,,,Completed,Interest Credit via POS,0,Orlando,USD,1.5
988,130,2024-10-06 18:29:07,Interest Credit,1767.45,18564.89,ATM,,,Completed,Interest Credit via POS,0,Dallas,USD,1.5
989,20,2025-08-30 08:01:46,Interest Credit,2737.74,20512.05,Mobile App,,,Completed,Interest Credit via ATM,0,Los Angeles,USD,1.5
990,639,2025-08-14 00:52:06,Transfer In,4021.11,-1642.75,Mobile App,,849,Completed,Transfer In via Mobile App,0,Naperville,USD,10
991,1079,2026-07-27 02:03:03,Withdrawal,179.14,66821.14,Mobile App,Utilities,,Completed,Withdrawal via Mobile App,0,Mesa,USD,0
992,313,2025-03-10 20:54:11,Transfer In,5292.83,155106.6,Mobile App,,968,Completed,Transfer In via Online,0,Orlando,USD,10
993,544,2024-06-25 16:07:49,Withdrawal,5020.96,239330.07,Online,,,Completed,Withdrawal via Branch,0,Dallas,USD,0
994,806,2024-05-20 15:09:17,Bill Payment,7991.04,21307.93,Mobile App,Entertainment,,Completed,Bill Payment via Online,0,Augusta,USD,0
995,460,2026-07-30 03:20:16,Deposit,6073.82,89855.34,Mobile App,Fuel,,Completed,Deposit via POS,0,Denver,USD,5
996,495,2024-11-29 14:22:24,Deposit,6692.94,5011.7,Online,Utilities,,Completed,Deposit via Online,0,Dallas,USD,0
997,660,2025-08-09 11:01:50,Withdrawal,304.43,3585.4,Branch,Entertainment,,Completed,Withdrawal via POS,0,Seattle,USD,5
998,1196,2025-03-24 09:07:58,Bill Payment,4729.58,64109.31,ATM,Education,,Completed,Bill Payment via Branch,0,Dallas,USD,0
999,110,2026-03-20 12:58:13,Interest Credit,3650.68,120756.25,Mobile App,,,Completed,Interest Credit via Branch,0,Spokane,USD,1.5
1000,405,2026-05-29 21:04:33,Bill Payment,6527.91,114367.62,ATM,Groceries,,Failed,Bill Payment via ATM,0,Cambridge,USD,0
1001,75,2026-06-30 14:04:01,Withdrawal,193.89,68228.98,Branch,Utilities,,Failed,Withdrawal via Online,0,Cambridge,USD,10
1002,573,2024-09-20 19:19:24,Withdrawal,1870.18,77395.98,Online,Education,,Completed,Withdrawal via Online,0,Albany,USD,0
1003,1163,2025-12-30 22:45:46,Interest Credit,3842.96,176082.98,Mobile App,,,Completed,Interest Credit via Online,0,Los Angeles,USD,0
1004,638,2024-09-22 20:50:16,Transfer Out,6376.75,45189.43,Online,,1196,Pending,Transfer Out via Branch,0,San Antonio,USD,10
1005,935,2024-05-11 15:02:15,Withdrawal,7955.62,249920.61,Mobile App,Travel,,Completed,Withdrawal via Branch,0,Denver,USD,0
1006,402,2026-04-01 15:51:40,Bill Payment,6495.24,219598.95,Online,Healthcare,,Completed,Bill Payment via Branch,0,Buffalo,USD,10
1007,795,2024-12-11 22:02:14,Transfer Out,5311.93,181739.39,POS,,535,Failed,Transfer Out via Online,0,San Antonio,USD,10
1008,800,2024-10-20 01:28:05,Transfer In,271.86,93706.32,Online,,13,Completed,Transfer In via Branch,0,Tucson,USD,0
1009,243,2025-04-30 03:13:28,Fee,975.87,33696.84,ATM,,,Completed,Fee via POS,0,Miami,USD,2.5
1010,539,2026-04-13 08:07:09,Withdrawal,3208.15,138200.07,Online,,,Completed,Withdrawal via Online,0,Spokane,USD,2.5
1011,996,2024-11-14 07:44:26,Deposit,6992.08,185944.99,Branch,,,Completed,Deposit via ATM,0,Boston,USD,5
1012,1195,2026-02-16 22:38:19,Interest Credit,2900.12,31049.51,Mobile App,,,Completed,Interest Credit via Online,0,Rochester,USD,5
1013,110,2024-05-06 03:59:20,Deposit,5336.14,172812.25,Mobile App,Utilities,,Completed,Deposit via Online,0,Worcester,USD,0
1014,1199,2026-04-23 05:34:04,Transfer In,4496.98,251601.03,Mobile App,,517,Completed,Transfer In via ATM,0,Austin,USD,0
1015,3,2024-05-21 06:04:07,Deposit,5920.24,34662.09,Mobile App,Education,,Completed,Deposit via Online,0,Augusta,USD,0
1016,1149,2026-04-22 20:59:56,Fee,3827.18,49520.24,Mobile App,,,Completed,Fee via Online,0,Aurora,USD,0
1017,1012,2025-01-01 10:25:43,Bill Payment,7551.76,246556.12,Branch,Fuel,,Pending,Bill Payment via Online,1,Worcester,USD,0
1018,284,2026-04-08 20:14:40,Deposit,579.21,141300.99,Mobile App,Education,,Completed,Deposit via Branch,0,Aurora,USD,5
1019,589,2025-12-09 21:15:50,Deposit,3078.33,215059.13,ATM,Travel,,Completed,Deposit via ATM,0,Cambridge,USD,0
1020,868,2024-01-19 00:36:59,Transfer In,2538.33,106422.7,Online,,136,Completed,Transfer In via Branch,0,Houston,USD,0
1021,368,2026-01-02 20:22:07,Interest Credit,1123.6,233721.21,ATM,,,Completed,Interest Credit via Mobile App,0,Dallas,USD,0
1022,780,2024-03-04 05:49:19,Fee,1927.0,150791.42,Online,,,Completed,Fee via Online,0,Albany,USD,0
1023,642,2025-02-02 11:59:46,Deposit,4921.13,65632.21,Mobile App,Entertainment,,Completed,Deposit via Branch,0,Cambridge,USD,5
1024,1039,2026-07-12 11:45:43,Deposit,7776.1,17489.0,Mobile App,Utilities,,Completed,Deposit via ATM,0,San Francisco,USD,0
1025,657,2026-06-15 16:18:26,Transfer Out,3833.83,81123.17,Branch,,684,Completed,Transfer Out via ATM,0,Augusta,USD,0
1026,987,2025-02-13 04:31:46,Transfer Out,7432.93,42993.37,Online,,107,Completed,Transfer Out via Branch,0,Springfield,USD,5
1027,483,2026-08-06 17:42:31,Transfer In,934.26,230217.01,POS,,366,Completed,Transfer In via ATM,0,Miami,USD,2.5
1028,1042,2025-04-03 10:32:47,Withdrawal,4283.82,43904.78,Branch,Groceries,,Completed,Withdrawal via POS,0,Denver,USD,10
1029,466,2024-07-29 20:23:23,Bill Payment,7761.52,49238.12,Mobile App,,,Pending,Bill Payment via POS,0,Atlanta,USD,0
1030,1156,2024-05-15 17:46:10,Interest Credit,6529.91,64772.24,Online,,,Completed,Interest Credit via ATM,0,Orlando,USD,5
1031,934,2026-04-25 22:09:14,Deposit,5685.32,36885.42,Online,Retail,,Failed,Deposit via Mobile App,0,Dallas,USD,0
1032,329,2025-04-14 01:30:17,Withdrawal,4447.11,51785.01,ATM,Dining,,Completed,Withdrawal via ATM,0,Jacksonville,USD,0
1033,1041,2024-06-26 06:28:54,Bill Payment,4626.4,162609.0,POS,Dining,,Completed,Bill Payment via POS,0,Albany,USD,0
1034,81,2024-06-11 15:05:53,Fee,5465.2,134686.04,Branch,,,Completed,Fee via Mobile App,0,Cambridge,USD,2.5
1035,596,2025-07-12 20:52:50,Transfer Out,1199.02,121647.29,ATM,,6,Completed,Transfer Out via ATM,0,New York City,USD,10
1036,519,2024-11-23 10:36:42,Bill Payment,559.49,126394.86,Mobile App,Dining,,Completed,Bill Payment via Branch,0,Spokane,USD,0
1037,322,2025-12-20 16:15:15,Transfer Out,5846.64,84988.43,Mobile App,,724,Completed,Transfer Out via Online,0,San Diego,USD,0
1038,622,2026-02-24 23:20:12,Bill Payment,6149.83,31751.18,Mobile App,Dining,,Completed,Bill Payment via ATM,0,Worcester,USD,0
1039,926,2024-01-06 01:07:19,Deposit,1928.81,38227.67,Mobile App,Groceries,,Completed,Deposit via Branch,0,Buffalo,USD,1.5
1040,405,2024-03-29 18:45:20,Interest Credit,2650.5,51634.38,ATM,,,Completed,Interest Credit via POS,0,San Francisco,USD,0
1041,852,2025-06-03 03:07:38,Bill Payment,1772.8,218141.26,Mobile App,Retail,,Completed,Bill Payment via POS,0,Seattle,USD,0
1042,510,2026-08-01 10:18:05,Withdrawal,16.47,70953.42,Branch,Healthcare,,Failed,Withdrawal via Mobile App,0,Boston,USD,1.5
1043,1189,2026-03-26 04:38:32,Transfer In,249.87,73297.31,Mobile App,,1120,Completed,Transfer In via ATM,0,Dallas,USD,10
1044,834,2024-07-01 09:39:51,Withdrawal,4642.95,215495.51,ATM,Retail,,Completed,Withdrawal via Branch,0,San Antonio,USD,2.5
1045,13,2025-11-18 11:16:14,Withdrawal,150.18,250652.81,Online,,,Completed,Withdrawal via Mobile App,0,Miami,USD,0
1046,676,2025-12-16 15:25:21,Bill Payment,5668.24,39866.87,Branch,Healthcare,,Completed,Bill Payment via POS,1,Spokane,USD,0
1047,934,2024-08-27 21:21:13,Bill Payment,5089.51,89658.46,Branch,Travel,,Completed,Bill Payment via Online,0,Boston,USD,0
1048,697,2024-05-15 23:27:11,Bill Payment,5412.52,93402.69,Mobile App,,,Completed,Bill Payment via Online,0,Spokane,USD,2.5
1049,1038,2025-02-22 20:18:08,Bill Payment,6679.42,114674.2,Online,Fuel,,Completed,Bill Payment via Mobile App,0,Austin,USD,10
1050,566,2025-01-23 16:58:13,Transfer Out,154.35,3206.48,Mobile App,,488,Completed,Transfer Out via POS,0,Boulder,USD,0
1051,965,2026-07-21 02:13:09,Deposit,4350.83,207409.44,Mobile App,Utilities,,Completed,Deposit via Branch,0,Tampa,USD,2.5
1052,673,2026-07-11 08:20:31,Interest Credit,6146.5,171116.73,Online,,,Completed,Interest Credit via ATM,0,Atlanta,USD,5
1053,908,2026-03-04 06:02:19,Withdrawal,3969.92,255429.26,ATM,,,Completed,Withdrawal via Mobile App,1,Tampa,USD,0
1054,626,2025-01-07 09:29:17,Bill Payment,3744.55,113843.8,Branch,Dining,,Completed,Bill Payment via ATM,0,Augusta,USD,0
1055,1126,2025-04-25 12:10:37,Transfer Out,7138.16,251610.71,Online,,731,Completed,Transfer Out via ATM,0,Dallas,USD,2.5
1056,344,2024-02-28 19:11:27,Deposit,6213.82,97275.91,Online,Travel,,Completed,Deposit via ATM,0,Boulder,USD,0
1057,558,2024-12-16 17:30:20,Transfer In,5447.67,32035.03,Online,,145,Completed,Transfer In via POS,0,Tampa,USD,0
1058,1016,2025-07-15 08:00:01,Withdrawal,7220.52,193897.68,Mobile App,Utilities,,Completed,Withdrawal via Mobile App,0,New York City,USD,10
1059,216,2025-11-27 14:51:14,Transfer Out,7432.52,242980.81,Mobile App,,807,Completed,Transfer Out via Branch,0,Denver,USD,2.5
1060,299,2026-08-04 21:27:03,Transfer In,5872.37,223524.43,Online,,1149,Completed,Transfer In via ATM,0,Chicago,USD,0
1061,1179,2024-04-01 06:48:48,Transfer In,5574.93,184482.24,Mobile App,,105,Completed,Transfer In via ATM,0,Denver,USD,1.5
1062,1193,2025-07-27 05:05:36,Interest Credit,6797.98,244971.48,Mobile App,,,Completed,Interest Credit via Online,0,Chicago,USD,1.5
1063,568,2026-08-30 18:36:10,Deposit,7704.27,103583.9,Mobile App,Fuel,,Completed,Deposit via Mobile App,0,Tacoma,USD,1.5
1064,476,2025-09-01 04:44:30,Withdrawal,3618.14,258300.78,ATM,Healthcare,,Completed,Withdrawal via Online,0,Boulder,USD,0
1065,1057,2026-04-22 03:40:04,Withdrawal,5015.26,192082.3,Online,,,Completed,Withdrawal via POS,1,Savannah,USD,2.5
1066,923,2026-06-03 03:16:56,Transfer In,1787.63,84424.8,Mobile App,,1018,Completed,Transfer In via ATM,0,Aurora,USD,1.5
1067,447,2024-04-18 23:43:59,Interest Credit,5419.14,126067.1,POS,,,Completed,Interest Credit via Mobile App,0,Dallas,USD,10
1068,954,2026-03-25 15:34:37,Interest Credit,755.89,239355.94,Online,,,Completed,Interest Credit via ATM,0,Los Angeles,USD,10
1069,1041,2024-03-27 00:01:52,Transfer Out,3106.29,36936.4,ATM,,321,Completed,Transfer Out via Online,0,Jacksonville,USD,0
1070,838,2024-07-04 13:23:24,Transfer Out,4834.1,247931.05,Branch,,267,Completed,Transfer Out via Branch,0,New York City,USD,5
1071,646,2024-03-21 17:01:05,Deposit,3671.51,179921.21,Mobile App,Healthcare,,Completed,Deposit via Online,0,Buffalo,USD,1.5
1072,110,2026-05-28 08:26:28,Deposit,7748.79,68173.64,Online,Travel,,Completed,Deposit via POS,0,San Diego,USD,0
1073,732,2026-01-12 09:07:49,Withdrawal,2760.69,256513.97,ATM,Fuel,,Pending,Withdrawal via ATM,0,San Antonio,USD,10
1074,516,2024-08-14 22:59:26,Deposit,3347.68,67552.87,Mobile App,Entertainment,,Completed,Deposit via Online,0,Boston,USD,0
1075,328,2026-03-26 07:21:28,Deposit,4511.93,22429.87,Online,,,Completed,Deposit via ATM,0,Spokane,USD,0
1076,897,2026-03-03 08:34:22,Bill Payment,831.43,42241.31,ATM,Dining,,Pending,Bill Payment via Branch,0,San Francisco,USD,2.5
1077,791,2024-02-23 03:12:25,Withdrawal,3356.87,63063.08,ATM,Healthcare,,Completed,Withdrawal via Online,0,Tacoma,USD,2.5
1078,105,2025-07-22 08:56:54,Deposit,3266.08,110320.42,Online,Healthcare,,Completed,Deposit via POS,0,Seattle,USD,0
1079,476,2024-07-18 05:02:54,Bill Payment,3907.83,149058.29,Online,Travel,,Completed,Bill Payment via Mobile App,0,Aurora,USD,0
1080,501,2024-02-02 18:17:50,Transfer In,3019.35,246386.52,Online,,292,Completed,Transfer In via ATM,0,Rochester,USD,0
1081,128,2024-03-11 17:43:18,Transfer Out,2999.33,175252.06,Online,,691,Completed,Transfer Out via POS,0,Tucson,USD,0
1082,138,2025-03-05 07:51:43,Interest Credit,5427.33,43232.58,ATM,,,Completed,Interest Credit via Branch,0,San Diego,USD,10
1083,894,2024-11-09 06:46:29,Transfer Out,7152.9,98186.85,Mobile App,,235,Completed,Transfer Out via Branch,0,Tampa,USD,0
1084,323,2024-01-15 16:14:03,Transfer Out,3026.51,27468.42,Mobile App,,301,Completed,Transfer Out via Mobile App,0,Rochester,USD,5
1085,87,2026-08-13 01:36:41,Fee,7182.24,30991.92,ATM,,,Completed,Fee via Mobile App,0,Springfield,USD,0
1086,930,2024-09-12 21:54:28,Bill Payment,2527.87,144630.87,Online,,,Completed,Bill Payment via Mobile App,0,Buffalo,USD,0
1087,820,2025-11-30 06:14:01,Deposit,1274.44,215615.84,Mobile App,Education,,Completed,Deposit via ATM,1,Albany,USD,5
1088,1182,2026-09-12 23:57:34,Transfer Out,7212.79,106980.8,Online,,530,Completed,Transfer Out via Online,0,Springfield,USD,10
1089,837,2024-03-27 10:48:39,Deposit,4545.11,167443.88,Mobile App,Groceries,,Failed,Deposit via Mobile App,0,Chicago,USD,2.5
1090,363,2025-05-18 04:07:10,Withdrawal,1744.06,120033.42,Branch,Education,,Completed,Withdrawal via POS,0,Phoenix,USD,0
1091,559,2026-02-22 15:17:31,Transfer In,3831.02,201164.28,ATM,,939,Completed,Transfer In via Branch,0,Boulder,USD,10
1092,314,2025-07-14 15:37:11,Transfer Out,1244.73,14059.74,Online,,1070,Completed,Transfer Out via Branch,0,Houston,USD,5
1093,527,2024-11-22 13:47:03,Deposit,219.63,49319.29,Online,Healthcare,,Completed,Deposit via Mobile App,0,Augusta,USD,5
1094,1112,2024-10-19 10:47:16,Transfer In,6360.21,178773.11,POS,,153,Completed,Transfer In via Online,1,Savannah,USD,0
1095,296,2026-03-20 02:33:39,Transfer In,4191.96,228590.73,Mobile App,,253,Pending,Transfer In via Branch,0,Savannah,USD,0
1096,765,2024-05-20 13:37:16,Bill Payment,2164.11,205452.45,ATM,Retail,,Completed,Bill Payment via POS,0,Chicago,USD,0
1097,1070,2025-07-20 08:26:52,Transfer In,7448.04,121475.65,Mobile App,,243,Completed,Transfer In via Mobile App,0,Dallas,USD,2.5
1098,350,2025-04-12 09:19:32,Deposit,3741.38,187827.16,ATM,Utilities,,Completed,Deposit via ATM,0,Tampa,USD,5
1099,1123,2025-08-14 21:53:06,Transfer Out,5857.42,116689.07,ATM,,777,Completed,Transfer Out via Mobile App,0,Sacramento,USD,2.5
1100,138,2025-07-25 22:30:58,Deposit,7411.35,240390.32,ATM,,,Completed,Deposit via ATM,0,Savannah,USD,0
1101,362,2026-05-13 11:22:42,Deposit,389.28,172262.43,Online,Healthcare,,Completed,Deposit via Branch,0,Rochester,USD,0
1102,168,2025-02-15 07:13:06,Deposit,5398.28,234119.69,Online,,,Completed,Deposit via POS,0,Tucson,USD,2.5
1103,472,2024-05-11 05:48:33,Fee,3380.98,153890.79,Mobile App,,,Completed,Fee via Online,0,Albany,USD,2.5
1104,310,2024-09-13 13:50:23,Withdrawal,5427.22,198050.55,Branch,,,Completed,Withdrawal via ATM,0,Boston,USD,1.5
1105,232,2026-08-12 15:16:58,Withdrawal,5751.8,74430.83,Mobile App,Fuel,,Completed,Withdrawal via Online,0,Miami,USD,0
1106,940,2026-02-03 11:01:08,Interest Credit,7866.48,199045.79,Mobile App,,,Completed,Interest Credit via Mobile App,0,Phoenix,USD,5
1107,1093,2025-02-16 14:13:34,Deposit,5410.1,198986.09,ATM,Retail,,Completed,Deposit via Online,0,Austin,USD,10
1108,617,2026-01-01 05:41:21,Transfer Out,376.18,134492.83,Online,,744,Completed,Transfer Out via POS,0,Springfield,USD,0
1109,1056,2026-08-15 10:01:11,Deposit,7648.24,129868.73,ATM,Healthcare,,Completed,Deposit via Online,0,Chicago,USD,2.5
1110,55,2026-03-02 10:41:28,Transfer Out,4622.58,52784.13,Branch,,895,Completed,Transfer Out via Online,0,Phoenix,USD,0
1111,200,2025-05-28 15:23:07,Fee,728.78,250253.06,Mobile App,,,Completed,Fee via ATM,1,Chicago,USD,5
1112,869,2024-05-20 23:14:10,Fee,4879.46,173097.75,Mobile App,,,Completed,Fee via Branch,0,Atlanta,USD,5
1113,242,2025-04-18 04:28:46,Transfer In,1681.11,187481.81,ATM,,930,Completed,Transfer In via POS,0,San Diego,USD,0
1114,303,2026-03-14 03:56:03,Bill Payment,3351.64,88695.33,POS,Dining,,Completed,Bill Payment via Branch,0,Tacoma,USD,1.5
1115,1120,2026-03-20 07:33:28,Bill Payment,6581.97,225871.66,Mobile App,Education,,Completed,Bill Payment via POS,0,Buffalo,USD,0
1116,578,2024-03-23 11:27:07,Transfer In,5466.3,71370.7,Branch,,1106,Completed,Transfer In via Branch,0,Tucson,USD,0
1117,987,2026-06-18 21:26:07,Bill Payment,7351.21,256506.66,Mobile App,Fuel,,Completed,Bill Payment via Mobile App,0,Rochester,USD,10
1118,689,2025-12-24 21:39:06,Transfer Out,6470.33,207759.75,Online,,705,Completed,Transfer Out via Mobile App,0,Cambridge,USD,10
1119,1110,2024-03-11 13:57:46,Transfer Out,7525.96,74816.84,Branch,,678,Completed,Transfer Out via Mobile App,0,Houston,USD,0
1120,569,2024-09-14 07:13:51,Deposit,7344.95,187175.45,Online,Dining,,Completed,Deposit via Branch,0,Los Angeles,USD,2.5
1121,891,2024-02-15 07:30:54,Deposit,3632.16,256822.25,Online,Utilities,,Completed,Deposit via Branch,0,San Francisco,USD,0
1122,314,2024-12-17 02:11:38,Fee,6732.71,136332.29,Mobile App,,,Completed,Fee via Branch,0,Atlanta,USD,5
1123,244,2025-07-14 08:34:37,Interest Credit,563.89,92357.04,Online,,,Completed,Interest Credit via Branch,0,Jacksonville,USD,0
1124,954,2025-09-01 13:15:20,Deposit,3353.99,64108.68,ATM,,,Completed,Deposit via Branch,0,San Diego,USD,0
1125,268,2024-08-09 08:03:05,Transfer In,7390.81,62995.86,Branch,,495,Completed,Transfer In via Branch,0,Denver,USD,0
1126,1100,2024-07-01 19:25:43,Transfer In,5191.36,76141.89,Mobile App,,583,Completed,Transfer In via Branch,0,Dallas,USD,0
1127,157,2025-04-12 08:03:09,Withdrawal,5589.74,140667.07,ATM,Fuel,,Completed,Withdrawal via POS,0,Sacramento,USD,5
1128,853,2024-10-23 04:13:59,Deposit,5577.15,88839.81,Mobile App,Entertainment,,Completed,Deposit via Mobile App,0,Atlanta,USD,5
1129,668,2026-08-26 21:05:07,Bill Payment,2375.13,241684.18,ATM,Education,,Completed,Bill Payment via POS,0,New York City,USD,0
1130,351,2026-02-21 02:30:04,Fee,4188.88,139557.16,Online,,,Completed,Fee via Online,0,Springfield,USD,5
1131,1078,2025-12-27 21:58:00,Bill Payment,1408.95,231327.06,POS,Education,,Completed,Bill Payment via Online,0,San Diego,USD,2.5
1132,316,2025-03-12 23:23:33,Deposit,638.54,218010.59,ATM,Travel,,Completed,Deposit via POS,0,Tucson,USD,0
1133,344,2025-06-06 23:16:37,Withdrawal,1278.94,52492.11,Online,Groceries,,Completed,Withdrawal via Mobile App,1,New York City,USD,10
1134,985,2026-05-29 13:06:43,Transfer Out,1093.79,182034.94,Mobile App,,1110,Completed,Transfer Out via Branch,0,Augusta,USD,0
1135,499,2024-08-29 11:20:38,Deposit,4049.02,115594.98,Branch,Fuel,,Completed,Deposit via ATM,1,Los Angeles,USD,5
1136,373,2026-05-19 14:44:44,Bill Payment,1824.31,67681.46,Online,Travel,,Completed,Bill Payment via Online,0,Tacoma,USD,5
1137,356,2024-05-31 01:56:52,Deposit,5204.74,128922.91,Mobile App,Fuel,,Completed,Deposit via Online,0,Tacoma,USD,2.5
1138,1197,2025-06-12 21:06:54,Transfer In,491.86,201298.67,Branch,,258,Completed,Transfer In via Branch,0,Atlanta,USD,10
1139,47,2025-02-08 19:41:14,Withdrawal,1309.92,8940.81,Mobile App,Entertainment,,Completed,Withdrawal via Online,0,Worcester,USD,0
1140,1186,2024-09-29 11:05:58,Bill Payment,7139.52,168100.62,Branch,Fuel,,Completed,Bill Payment via Mobile App,1,Houston,USD,2.5
1141,1196,2025-06-28 13:53:18,Transfer In,6275.82,102729.5,Online,,585,Completed,Transfer In via Mobile App,0,Tacoma,USD,5
1142,21,2024-02-08 20:09:32,Withdrawal,7722.96,173855.24,Mobile App,Education,,Completed,Withdrawal via Mobile App,0,Tampa,USD,0
1143,384,2025-03-04 09:48:05,Bill Payment,4990.68,250788.8,ATM,Utilities,,Completed,Bill Payment via Online,0,Tucson,USD,10
1144,60,2024-07-12 08:50:49,Deposit,6792.87,60657.8,Online,Dining,,Failed,Deposit via POS,0,Springfield,USD,0
1145,864,2025-06-30 20:35:12,Withdrawal,3908.08,164679.17,Online,Groceries,,Completed,Withdrawal via ATM,0,Sacramento,USD,0
1146,502,2026-09-14 17:55:39,Transfer Out,236.34,61226.86,Mobile App,,241,Completed,Transfer Out via Mobile App,0,Tampa,USD,0
1147,729,2026-09-21 11:06:39,Transfer In,4998.31,231466.24,Online,,657,Pending,Transfer In via ATM,0,San Francisco,USD,0
1148,750,2026-06-08 05:07:48,Bill Payment,1657.61,217478.76,ATM,Entertainment,,Completed,Bill Payment via ATM,0,Phoenix,USD,10
1149,340,2026-07-18 02:05:20,Transfer In,3689.15,240612.57,Online,,653,Completed,Transfer In via POS,0,Naperville,USD,2.5
1150,1014,2025-05-17 08:57:12,Withdrawal,2749.36,95163.63,Online,,,Completed,Withdrawal via Online,0,Jacksonville,USD,5
1151,275,2025-06-30 01:38:07,Transfer Out,5054.17,28060.03,Online,,908,Completed,Transfer Out via Online,0,Tampa,USD,2.5
1152,329,2026-08-23 17:42:13,Bill Payment,1052.2,35573.99,Mobile App,Healthcare,,Failed,Bill Payment via POS,0,Boulder,USD,0
1153,153,2024-11-13 06:48:27,Withdrawal,2510.11,157887.7,Mobile App,Utilities,,Completed,Withdrawal via Online,0,Naperville,USD,2.5
1154,306,2024-08-15 09:29:57,Deposit,1640.05,122079.08,Online,Dining,,Completed,Deposit via Online,0,San Francisco,USD,0
1155,615,2026-07-08 07:04:53,Interest Credit,1512.48,188940.84,Mobile App,,,Completed,Interest Credit via ATM,0,Naperville,USD,1.5
1156,20,2026-03-07 04:45:10,Bill Payment,1387.12,259651.1,Online,Travel,,Completed,Bill Payment via ATM,0,Austin,USD,0
1157,182,2025-09-21 08:39:27,Bill Payment,7209.92,186228.69,Mobile App,Healthcare,,Completed,Bill Payment via POS,0,Sacramento,USD,0
1158,579,2026-04-28 02:38:27,Interest Credit,3830.23,237231.72,ATM,,,Completed,Interest Credit via Branch,0,Spokane,USD,1.5
1159,833,2025-02-09 01:55:47,Deposit,4431.74,20783.62,POS,,,Completed,Deposit via Online,0,Tampa,USD,1.5
1160,1029,2024-05-17 14:58:28,Bill Payment,3786.57,54156.84,Mobile App,Travel,,Completed,Bill Payment via Branch,0,Cambridge,USD,5
1161,179,2024-02-17 08:06:41,Deposit,1917.54,28385.33,ATM,Dining,,Completed,Deposit via Branch,0,Orlando,USD,0
1162,459,2024-11-29 07:47:17,Deposit,2323.54,144846.67,ATM,Entertainment,,Completed,Deposit via POS,0,Aurora,USD,0
1163,1185,2025-03-20 15:00:03,Withdrawal,3300.29,39339.22,ATM,Healthcare,,Completed,Withdrawal via POS,0,San Diego,USD,0
1164,144,2025-03-19 10:40:33,Bill Payment,1541.59,250627.11,Mobile App,Retail,,Completed,Bill Payment via ATM,0,Buffalo,USD,0
1165,883,2024-10-03 03:31:25,Fee,5010.15,126132.7,POS,,,Pending,Fee via ATM,0,Austin,USD,0
1166,446,2024-02-20 00:29:49,Bill Payment,7215.79,160015.73,Mobile App,Utilities,,Completed,Bill Payment via Mobile App,0,Spokane,USD,0
1167,230,2024-12-25 09:15:39,Withdrawal,1651.52,4006.68,Mobile App,Dining,,Completed,Withdrawal via Online,0,Cambridge,USD,0
1168,1010,2025-09-10 15:14:13,Deposit,7155.46,199726.05,Branch,Fuel,,Completed,Deposit via Mobile App,0,Buffalo,USD,2.5
1169,941,2024-12-17 17:37:26,Deposit,606.56,196046.49,Branch,Retail,,Completed,Deposit via Branch,0,Boulder,USD,0
1170,191,2024-12-29 11:50:50,Bill Payment,6822.95,80649.8,Mobile App,Groceries,,Completed,Bill Payment via ATM,1,Augusta,USD,0
1171,124,2025-01-31 06:31:20,Transfer In,6957.82,1580.04,Online,,47,Completed,Transfer In via POS,0,Boston,USD,5
1172,503,2024-07-24 13:52:19,Fee,1099.71,198657.4,Branch,,,Completed,Fee via ATM,0,Spokane,USD,0
1173,55,2024-07-01 09:45:40,Transfer Out,6933.85,69879.25,ATM,,135,Completed,Transfer Out via Branch,0,Seattle,USD,0
1174,63,2026-04-03 00:03:48,Bill Payment,3252.74,201918.84,Branch,Education,,Completed,Bill Payment via POS,0,Miami,USD,0
1175,499,2025-08-15 21:05:01,Transfer In,4800.23,218271.16,Online,,11,Completed,Transfer In via Online,0,Buffalo,USD,2.5
1176,1128,2025-06-23 18:15:04,Interest Credit,5942.84,91290.53,POS,,,Completed,Interest Credit via POS,0,Worcester,USD,0
1177,440,2024-11-28 15:21:26,Fee,4157.45,41254.41,Mobile App,,,Completed,Fee via POS,0,Orlando,USD,10
1178,401,2026-02-03 03:04:58,Withdrawal,4502.93,36086.98,Branch,Travel,,Completed,Withdrawal via Online,0,Worcester,USD,1.5
1179,900,2024-04-16 22:13:13,Withdrawal,2493.05,233429.54,Branch,Retail,,Completed,Withdrawal via Mobile App,1,Springfield,USD,0
1180,805,2025-05-07 09:32:44,Withdrawal,6134.96,8110.88,Branch,Dining,,Completed,Withdrawal via Online,0,Phoenix,USD,10
1181,819,2025-11-29 10:29:59,Deposit,2084.88,77100.33,Online,Education,,Completed,Deposit via Online,0,Austin,USD,2.5
1182,900,2025-12-30 03:48:25,Deposit,906.35,184370.89,Mobile App,Entertainment,,Completed,Deposit via ATM,0,Augusta,USD,0
1183,209,2025-10-26 18:00:21,Withdrawal,7339.88,227892.07,ATM,Travel,,Completed,Withdrawal via Branch,0,San Francisco,USD,2.5
1184,700,2025-08-21 21:19:03,Withdrawal,5046.59,252493.06,Mobile App,Retail,,Completed,Withdrawal via Mobile App,0,Jacksonville,USD,5
1185,1038,2026-06-06 16:54:07,Bill Payment,7399.57,128955.95,ATM,Travel,,Completed,Bill Payment via ATM,0,Springfield,USD,2.5
1186,576,2024-04-09 12:43:47,Interest Credit,6781.56,90793.15,Online,,,Completed,Interest Credit via ATM,0,Los Angeles,USD,0
1187,190,2024-03-24 04:01:54,Transfer Out,3312.23,37873.19,Mobile App,,282,Failed,Transfer Out via POS,0,Mesa,USD,1.5
1188,258,2024-04-09 22:00:13,Bill Payment,5214.81,192861.09,Mobile App,Fuel,,Completed,Bill Payment via POS,0,Savannah,USD,0
1189,1190,2026-02-16 08:25:57,Withdrawal,5435.05,3626.73,Mobile App,Fuel,,Completed,Withdrawal via ATM,0,Austin,USD,5
1190,739,2026-07-28 12:30:12,Deposit,912.45,105908.17,Mobile App,Travel,,Completed,Deposit via ATM,0,Aurora,USD,1.5
1191,1151,2024-04-04 13:33:54,Withdrawal,6973.48,210993.43,ATM,Fuel,,Completed,Withdrawal via Branch,0,Tacoma,USD,2.5
1192,255,2026-09-11 07:23:01,Withdrawal,1454.03,64831.76,Online,Healthcare,,Completed,Withdrawal via POS,0,New York City,USD,0
1193,975,2024-01-20 01:24:06,Fee,5586.82,90676.84,Online,,,Completed,Fee via Branch,0,Los Angeles,USD,0
1194,850,2024-11-23 21:02:43,Interest Credit,5941.17,258964.79,Mobile App,,,Completed,Interest Credit via Mobile App,0,Seattle,USD,10
1195,1188,2024-10-21 08:12:35,Bill Payment,2280.11,151289.81,Branch,Healthcare,,Completed,Bill Payment via Mobile App,0,Tampa,USD,0
1196,866,2026-07-29 13:04:15,Withdrawal,5859.6,125440.3,ATM,,,Failed,Withdrawal via ATM,0,Phoenix,USD,0
1197,953,2025-11-11 14:43:01,Transfer Out,7567.81,176969.08,Online,,257,Completed,Transfer Out via Online,0,Houston,USD,0
1198,84,2024-02-23 21:00:38,Fee,6992.28,201884.73,Mobile App,,,Completed,Fee via Online,0,Naperville,USD,0
1199,503,2025-12-02 07:00:11,Withdrawal,2808.08,204239.97,Mobile App,Dining,,Completed,Withdrawal via Branch,0,Mesa,USD,0
1200,1096,2024-06-16 20:29:20,Bill Payment,5704.97,170509.95,Online,Retail,,Completed,Bill Payment via Branch,0,New York City,USD,5
1201,668,2024-01-24 17:53:24,Withdrawal,5099.52,23114.35,ATM,Fuel,,Completed,Withdrawal via Branch,0,Houston,USD,10
1202,77,2025-12-16 15:39:43,Bill Payment,4176.32,70729.95,Mobile App,,,Failed,Bill Payment via Mobile App,0,San Antonio,USD,0
1203,854,2025-01-05 04:58:16,Deposit,2409.07,65542.32,Online,Retail,,Completed,Deposit via ATM,1,Boulder,USD,0
1204,124,2024-08-21 08:09:55,Bill Payment,3662.52,43185.01,Mobile App,Entertainment,,Completed,Bill Payment via Mobile App,0,Aurora,USD,2.5
1205,379,2026-03-26 22:29:59,Withdrawal,7999.91,252267.94,Online,Fuel,,Completed,Withdrawal via Mobile App,0,Sacramento,USD,10
1206,1148,2026-07-19 07:16:36,Transfer Out,972.39,87246.88,ATM,,302,Failed,Transfer Out via Branch,0,San Francisco,USD,0
1207,340,2025-11-28 05:38:52,Transfer In,4576.15,13825.54,Online,,1200,Completed,Transfer In via ATM,0,Cambridge,USD,2.5
1208,417,2024-03-23 23:47:46,Transfer Out,1723.99,167405.85,Online,,1170,Completed,Transfer Out via Online,0,Aurora,USD,0
1209,223,2024-06-25 18:32:00,Bill Payment,14.3,47494.92,POS,Groceries,,Completed,Bill Payment via POS,0,San Francisco,USD,10
1210,96,2024-01-01 15:34:10,Bill Payment,3901.91,136265.2,Online,Groceries,,Completed,Bill Payment via Mobile App,0,Tampa,USD,0
1211,75,2024-03-23 12:39:45,Transfer In,6726.02,147507.42,Mobile App,,72,Completed,Transfer In via Online,0,Buffalo,USD,5
1212,1008,2024-05-14 23:06:17,Bill Payment,4328.9,242673.86,ATM,Retail,,Completed,Bill Payment via ATM,0,Naperville,USD,1.5
1213,697,2025-03-12 20:41:08,Withdrawal,3535.93,121373.46,Online,Retail,,Completed,Withdrawal via POS,0,Boulder,USD,0
1214,915,2024-11-09 02:52:06,Interest Credit,2175.21,122876.81,Online,,,Completed,Interest Credit via ATM,0,Tacoma,USD,0
1215,306,2026-03-03 07:09:48,Deposit,3502.52,102066.9,POS,Dining,,Completed,Deposit via Branch,0,Augusta,USD,1.5
1216,708,2025-07-18 18:12:16,Deposit,7411.61,56342.31,ATM,Fuel,,Completed,Deposit via ATM,1,Tucson,USD,1.5
1217,81,2026-05-20 04:17:53,Bill Payment,1820.67,111362.3,Branch,Utilities,,Completed,Bill Payment via Online,0,Mesa,USD,2.5
1218,251,2024-02-29 09:38:52,Deposit,5666.18,124333.18,Online,Travel,,Completed,Deposit via ATM,0,Atlanta,USD,0
1219,819,2024-06-06 14:13:43,Bill Payment,6137.72,241844.34,ATM,,,Completed,Bill Payment via Branch,0,Chicago,USD,0
1220,307,2025-02-20 20:17:22,Transfer Out,2842.84,39747.31,Mobile App,,820,Completed,Transfer Out via Mobile App,0,Tampa,USD,10
1221,362,2026-03-21 19:56:48,Deposit,6008.57,24725.86,Branch,Travel,,Completed,Deposit via Mobile App,0,Sacramento,USD,0
1222,1113,2026-07-06 03:14:16,Bill Payment,2500.99,63757.63,Mobile App,Travel,,Completed,Bill Payment via Mobile App,0,Miami,USD,0
1223,478,2024-03-19 18:46:07,Fee,1577.24,30432.86,Online,,,Completed,Fee via POS,0,Springfield,USD,2.5
1224,817,2024-04-20 18:31:24,Transfer Out,7746.29,92332.41,Online,,262,Completed,Transfer Out via ATM,0,Tampa,USD,10
1225,207,2024-08-02 04:04:12,Transfer Out,6408.57,195218.16,Mobile App,,762,Completed,Transfer Out via Mobile App,0,Augusta,USD,0
1226,791,2025-12-19 00:50:50,Withdrawal,6753.98,78476.76,Mobile App,Healthcare,,Completed,Withdrawal via ATM,0,Tampa,USD,10
1227,323,2024-07-01 17:26:17,Transfer In,245.79,184881.58,Online,,423,Completed,Transfer In via POS,0,Aurora,USD,2.5
1228,419,2026-05-26 18:01:06,Withdrawal,7692.62,257915.73,Branch,Education,,Completed,Withdrawal via ATM,0,Tucson,USD,10
1229,1061,2026-08-22 16:18:01,Fee,5423.37,19039.3,Online,,,Completed,Fee via ATM,0,Savannah,USD,5
1230,708,2025-10-15 08:48:29,Bill Payment,6236.12,31474.9,ATM,Groceries,,Completed,Bill Payment via POS,0,San Diego,USD,5
1231,938,2025-11-16 00:29:58,Withdrawal,2384.83,121410.19,Mobile App,Retail,,Completed,Withdrawal via POS,0,Cambridge,USD,0
1232,292,2024-09-16 02:38:59,Transfer Out,2870.21,231331.31,ATM,,183,Completed,Transfer Out via Branch,0,Mesa,USD,5
1233,346,2025-09-24 10:46:40,Deposit,2605.41,196955.59,Branch,,,Completed,Deposit via Online,0,Worcester,USD,0
1234,527,2025-09-08 09:35:54,Transfer Out,7336.05,-107.66,Online,,592,Completed,Transfer Out via Online,0,Cambridge,USD,2.5
1235,407,2024-02-01 22:14:21,Deposit,470.37,54906.51,ATM,Fuel,,Completed,Deposit via ATM,0,Buffalo,USD,10
1236,418,2024-10-08 22:54:29,Withdrawal,3011.46,89942.09,Online,Dining,,Completed,Withdrawal via Branch,0,Rochester,USD,0
1237,419,2026-08-11 22:47:52,Withdrawal,4042.41,145841.43,Online,Entertainment,,Completed,Withdrawal via Mobile App,0,Dallas,USD,0
1238,69,2025-05-06 07:52:25,Transfer Out,2422.4,110867.34,Mobile App,,1064,Completed,Transfer Out via Mobile App,0,Buffalo,USD,5
1239,634,2026-02-02 10:55:11,Withdrawal,6044.86,230280.86,Online,Education,,Completed,Withdrawal via Mobile App,0,Savannah,USD,1.5
1240,188,2025-12-03 18:37:35,Transfer In,3448.81,204165.71,Online,,120,Completed,Transfer In via Branch,0,Worcester,USD,1.5
1241,750,2026-04-22 20:03:29,Transfer Out,4476.02,72817.8,Mobile App,,30,Completed,Transfer Out via Online,0,Seattle,USD,1.5
1242,1012,2025-04-07 18:26:12,Bill Payment,5510.89,139365.21,Mobile App,Travel,,Completed,Bill Payment via Online,0,San Francisco,USD,2.5
1243,797,2025-07-03 15:25:59,Transfer In,7347.53,142918.96,Online,,180,Completed,Transfer In via Online,0,Phoenix,USD,0
1244,1083,2026-07-17 21:19:54,Interest Credit,4320.27,59934.04,Online,,,Completed,Interest Credit via Online,0,Boston,USD,2.5
1245,439,2025-12-07 21:07:46,Transfer In,3163.6,13132.55,Branch,,663,Completed,Transfer In via POS,0,Augusta,USD,1.5
1246,806,2025-08-11 16:58:40,Bill Payment,7618.65,67487.04,Branch,Dining,,Completed,Bill Payment via Branch,0,Aurora,USD,5
1247,676,2024-12-31 10:12:13,Deposit,901.22,177739.66,Online,Utilities,,Completed,Deposit via POS,0,Los Angeles,USD,0
1248,430,2024-01-28 23:51:41,Withdrawal,2486.18,74173.2,Online,,,Completed,Withdrawal via POS,0,Orlando,USD,10
1249,825,2024-08-18 03:19:19,Withdrawal,2213.26,190479.69,Online,Retail,,Completed,Withdrawal via ATM,0,Rochester,USD,0
1250,238,2026-01-19 11:51:31,Bill Payment,359.02,188480.43,Mobile App,Travel,,Completed,Bill Payment via Online,1,Worcester,USD,0
1251,1154,2024-03-06 15:09:06,Fee,360.09,204411.17,Branch,,,Completed,Fee via POS,0,Orlando,USD,2.5
1252,269,2024-01-10 16:52:45,Fee,3330.79,185362.14,Online,,,Completed,Fee via Branch,0,Spokane,USD,0
1253,54,2025-01-26 21:14:30,Deposit,2713.19,48571.99,Online,Fuel,,Completed,Deposit via ATM,0,Naperville,USD,2.5
1254,954,2026-08-13 11:28:05,Deposit,4338.11,144441.38,Online,Healthcare,,Completed,Deposit via ATM,0,San Antonio,USD,0
1255,822,2025-09-12 19:07:07,Transfer Out,5793.57,227796.84,Branch,,75,Completed,Transfer Out via POS,0,Worcester,USD,10
1256,167,2026-08-25 21:28:52,Transfer In,6360.65,18122.36,ATM,,1009,Completed,Transfer In via Online,0,Buffalo,USD,0
1257,334,2026-02-10 07:34:30,Bill Payment,7582.06,235679.13,POS,Education,,Completed,Bill Payment via Online,0,Dallas,USD,5
1258,172,2024-01-13 04:19:47,Deposit,4729.98,210948.47,ATM,Travel,,Completed,Deposit via POS,0,New York City,USD,0
1259,1153,2025-11-19 15:35:00,Fee,6877.54,209792.59,ATM,,,Completed,Fee via Branch,0,Houston,USD,10
1260,1016,2025-07-31 19:41:10,Withdrawal,4447.59,38478.87,Online,Retail,,Completed,Withdrawal via Mobile App,0,Houston,USD,0
1261,849,2024-01-03 23:57:23,Bill Payment,5926.55,168212.63,Mobile App,Groceries,,Pending,Bill Payment via POS,1,Savannah,USD,0
1262,880,2024-12-13 12:19:16,Withdrawal,5391.82,26863.86,Online,Dining,,Completed,Withdrawal via ATM,0,San Antonio,USD,0
1263,472,2026-07-24 19:29:43,Fee,4918.58,157479.54,Branch,,,Completed,Fee via Online,0,Boulder,USD,10
1264,1190,2026-05-26 12:43:38,Bill Payment,1089.59,204463.98,Branch,Retail,,Completed,Bill Payment via Online,0,Boulder,USD,0
1265,42,2025-03-03 13:14:03,Fee,5632.62,163915.66,Online,,,Completed,Fee via POS,0,Naperville,USD,2.5
1266,64,2025-05-20 11:15:49,Withdrawal,716.98,195688.01,Mobile App,Dining,,Completed,Withdrawal via ATM,0,Boston,USD,1.5
1267,212,2025-11-28 07:58:25,Interest Credit,7120.2,199393.98,Branch,,,Completed,Interest Credit via Mobile App,0,Houston,USD,10
1268,210,2026-01-28 19:06:53,Withdrawal,6436.52,218284.42,Branch,Education,,Completed,Withdrawal via Online,0,Atlanta,USD,0
1269,828,2024-03-05 06:44:07,Deposit,5442.44,215102.21,Mobile App,Healthcare,,Completed,Deposit via Branch,0,Tucson,USD,1.5
1270,698,2025-06-25 16:12:47,Withdrawal,4755.0,177275.34,Online,Travel,,Completed,Withdrawal via Online,0,San Diego,USD,10
1271,529,2025-09-17 14:34:28,Deposit,7862.5,77922.86,Mobile App,Utilities,,Completed,Deposit via Online,0,Tucson,USD,10
1272,883,2026-06-27 00:54:05,Deposit,6784.54,73365.55,Online,Education,,Completed,Deposit via ATM,0,Atlanta,USD,0
1273,92,2026-08-11 12:01:20,Deposit,7505.55,127786.69,Online,Entertainment,,Completed,Deposit via ATM,0,Naperville,USD,5
1274,1063,2026-09-15 12:06:44,Withdrawal,7253.56,251114.8,POS,Dining,,Completed,Withdrawal via POS,0,Augusta,USD,0
1275,248,2024-12-02 03:17:26,Bill Payment,3098.64,102542.58,ATM,Education,,Completed,Bill Payment via POS,0,Springfield,USD,5
1276,1124,2025-09-06 03:25:44,Transfer Out,5052.46,124576.62,ATM,,846,Completed,Transfer Out via Mobile App,0,Denver,USD,10
1277,605,2026-06-09 02:57:13,Deposit,507.93,213327.28,Online,Healthcare,,Completed,Deposit via ATM,0,Buffalo,USD,2.5
1278,304,2026-08-15 22:11:31,Withdrawal,7688.39,37659.35,Mobile App,Healthcare,,Completed,Withdrawal via ATM,0,Spokane,USD,1.5
1279,800,2024-12-24 10:56:23,Fee,3623.67,26296.13,POS,,,Completed,Fee via Branch,0,Savannah,USD,0
1280,677,2026-01-28 10:41:10,Deposit,705.81,132939.31,Online,Utilities,,Completed,Deposit via Online,0,Tampa,USD,1.5
1281,306,2024-08-31 03:26:57,Withdrawal,1019.37,-263.27,ATM,Utilities,,Completed,Withdrawal via POS,0,Chicago,USD,0
1282,224,2025-01-08 01:15:11,Bill Payment,2220.92,71631.8,ATM,Utilities,,Completed,Bill Payment via Mobile App,0,Chicago,USD,0
1283,954,2025-07-19 22:45:10,Fee,3856.3,197659.48,ATM,,,Completed,Fee via ATM,0,Dallas,USD,0
1284,875,2024-05-26 05:09:28,Interest Credit,1182.44,22295.14,Online,,,Failed,Interest Credit via POS,0,Dallas,USD,0
1285,88,2024-12-26 14:57:32,Bill Payment,4537.06,223717.03,ATM,Dining,,Completed,Bill Payment via Mobile App,0,Cambridge,USD,0
1286,681,2024-03-11 12:29:18,Withdrawal,3790.4,201391.1,Mobile App,Entertainment,,Completed,Withdrawal via Mobile App,0,Seattle,USD,0
1287,401,2024-02-29 04:56:58,Bill Payment,7937.16,80416.61,Branch,Dining,,Completed,Bill Payment via Online,0,San Antonio,USD,0
1288,955,2026-08-19 19:50:18,Interest Credit,5438.11,196393.49,Online,,,Completed,Interest Credit via Branch,0,Savannah,USD,0
1289,1135,2025-07-22 06:08:12,Bill Payment,1497.57,39615.51,POS,Fuel,,Completed,Bill Payment via Mobile App,0,Augusta,USD,0
1290,1091,2025-07-30 10:53:29,Deposit,4370.13,76397.76,Mobile App,Fuel,,Completed,Deposit via Mobile App,0,New York City,USD,0
1291,968,2025-10-04 20:05:22,Withdrawal,582.68,185797.07,Online,Travel,,Completed,Withdrawal via Branch,0,New York City,USD,5
1292,263,2025-01-31 23:42:34,Deposit,5240.44,218446.02,Mobile App,Fuel,,Failed,Deposit via Online,0,Chicago,USD,0
1293,8,2025-03-03 14:47:21,Transfer Out,978.64,19384.32,Mobile App,,794,Completed,Transfer Out via POS,0,Augusta,USD,1.5
1294,722,2026-07-01 04:17:59,Bill Payment,2498.55,53945.79,Online,Travel,,Completed,Bill Payment via Mobile App,0,San Antonio,USD,2.5
1295,465,2026-04-02 14:23:00,Withdrawal,1948.1,203798.64,Mobile App,Entertainment,,Completed,Withdrawal via Mobile App,0,Tucson,USD,0
1296,189,2024-02-28 16:08:00,Deposit,370.44,205457.74,Branch,Travel,,Completed,Deposit via POS,0,Savannah,USD,2.5
1297,1130,2025-06-29 15:24:15,Bill Payment,5017.06,135155.15,ATM,Education,,Failed,Bill Payment via POS,0,New York City,USD,0
1298,751,2025-12-16 16:40:10,Transfer Out,1231.8,54945.8,Online,,523,Completed,Transfer Out via POS,0,Naperville,USD,0
1299,432,2025-04-21 13:05:43,Withdrawal,1285.62,58027.28,Online,Dining,,Completed,Withdrawal via ATM,1,Phoenix,USD,0
1300,594,2024-02-14 00:00:56,Transfer In,5487.67,189740.99,Mobile App,,640,Completed,Transfer In via POS,0,Boston,USD,10
1301,635,2025-11-25 01:27:45,Transfer In,5785.84,65029.64,Online,,1017,Completed,Transfer In via Mobile App,0,Atlanta,USD,5
1302,26,2024-08-29 03:39:48,Deposit,7736.0,250137.02,ATM,Retail,,Completed,Deposit via POS,0,San Antonio,USD,0
1303,1104,2025-04-23 00:34:35,Deposit,4650.32,222983.95,Online,Travel,,Completed,Deposit via POS,0,Chicago,USD,10
1304,274,2024-09-23 12:31:20,Transfer In,5667.98,154858.55,ATM,,442,Completed,Transfer In via Online,0,Savannah,USD,5
1305,1168,2025-11-09 20:35:00,Deposit,6085.12,103032.31,POS,Retail,,Completed,Deposit via Online,0,Tampa,USD,0
1306,373,2025-12-16 05:21:18,Withdrawal,5229.19,51863.0,Branch,Entertainment,,Completed,Withdrawal via Online,0,Austin,USD,0
1307,1067,2026-08-12 12:05:30,Bill Payment,7851.67,90088.85,ATM,Retail,,Completed,Bill Payment via ATM,0,Augusta,USD,0
1308,958,2025-10-22 21:18:37,Transfer Out,711.34,78415.59,Mobile App,,39,Failed,Transfer Out via Mobile App,0,Aurora,USD,0
1309,171,2025-07-23 03:15:02,Bill Payment,5814.26,89598.55,Online,,,Pending,Bill Payment via POS,0,Savannah,USD,1.5
1310,342,2024-10-15 09:33:14,Deposit,1977.72,195732.85,Mobile App,,,Completed,Deposit via Mobile App,0,Boston,USD,2.5
1311,1181,2025-08-02 21:23:07,Transfer In,3913.44,110049.47,Online,,945,Completed,Transfer In via POS,0,Cambridge,USD,0
1312,428,2026-08-19 06:05:27,Bill Payment,2472.24,65291.73,Online,Fuel,,Completed,Bill Payment via Branch,0,San Francisco,USD,1.5
1313,367,2025-01-09 05:14:55,Transfer In,3933.65,48301.02,Online,,267,Completed,Transfer In via Mobile App,0,San Antonio,USD,2.5
1314,57,2024-08-12 13:52:40,Deposit,604.59,157764.86,Branch,Travel,,Completed,Deposit via ATM,0,Rochester,USD,0
1315,846,2024-01-03 18:33:52,Interest Credit,3997.63,38946.37,ATM,,,Pending,Interest Credit via POS,0,Los Angeles,USD,5
1316,200,2025-05-04 19:04:44,Bill Payment,3078.86,214285.86,Mobile App,Entertainment,,Completed,Bill Payment via POS,0,Austin,USD,2.5
1317,986,2025-01-11 05:21:06,Withdrawal,5293.54,97932.13,Online,Groceries,,Completed,Withdrawal via Mobile App,0,Augusta,USD,10
1318,372,2026-04-26 08:52:57,Interest Credit,4674.35,101333.71,ATM,,,Completed,Interest Credit via Branch,0,Cambridge,USD,1.5
1319,459,2024-06-05 20:40:06,Bill Payment,461.79,207190.92,Online,Education,,Completed,Bill Payment via Branch,0,Savannah,USD,10
1320,213,2024-11-23 10:27:11,Bill Payment,6024.61,92820.92,Mobile App,Healthcare,,Completed,Bill Payment via Branch,0,Denver,USD,10
1321,15,2024-08-05 12:43:35,Deposit,5451.92,175591.19,ATM,Entertainment,,Failed,Deposit via Mobile App,0,Rochester,USD,5
1322,10,2025-09-23 14:48:58,Bill Payment,4691.98,87166.91,Online,Education,,Completed,Bill Payment via POS,0,Houston,USD,0
1323,1073,2026-04-06 18:50:57,Withdrawal,4841.58,244742.15,Online,Travel,,Pending,Withdrawal via Mobile App,0,Naperville,USD,0
1324,399,2024-03-13 17:35:12,Interest Credit,3288.72,69143.98,Online,,,Completed,Interest Credit via Branch,0,Boston,USD,10
1325,869,2024-07-31 02:11:48,Fee,6122.89,89870.35,Online,,,Completed,Fee via Online,0,Aurora,USD,10
1326,794,2025-01-13 17:22:31,Withdrawal,2077.97,163849.47,POS,,,Completed,Withdrawal via Online,0,Jacksonville,USD,1.5
1327,908,2024-09-11 14:14:52,Fee,6908.96,167716.91,Mobile App,,,Completed,Fee via ATM,0,Jacksonville,USD,10
1328,1015,2026-06-16 01:06:36,Deposit,5181.39,187943.46,Mobile App,Education,,Completed,Deposit via POS,0,Tampa,USD,1.5
1329,682,2024-07-02 06:39:44,Fee,1900.0,208839.14,Branch,,,Completed,Fee via ATM,0,Mesa,USD,0
1330,768,2024-04-15 13:21:06,Withdrawal,1731.22,95430.85,Online,Education,,Completed,Withdrawal via POS,0,Worcester,USD,5
1331,621,2025-06-20 03:56:47,Interest Credit,4201.27,180516.39,Branch,,,Completed,Interest Credit via Mobile App,0,Orlando,USD,0
1332,563,2024-07-02 09:39:54,Deposit,15.46,55226.93,Mobile App,Retail,,Completed,Deposit via ATM,0,San Diego,USD,0
1333,835,2024-03-02 00:37:27,Withdrawal,1847.54,116412.38,Online,Education,,Completed,Withdrawal via Online,1,Tucson,USD,1.5
1334,875,2024-07-05 09:31:08,Withdrawal,7867.68,224307.48,Mobile App,Retail,,Completed,Withdrawal via Branch,0,Miami,USD,10
1335,542,2026-08-03 03:08:30,Deposit,4759.11,183682.61,Mobile App,Groceries,,Completed,Deposit via ATM,0,Austin,USD,0
1336,367,2025-12-02 01:14:12,Transfer Out,3492.5,208698.83,ATM,,990,Completed,Transfer Out via Online,0,Seattle,USD,1.5
1337,946,2024-05-29 03:39:55,Transfer In,5072.61,133812.84,POS,,415,Completed,Transfer In via ATM,0,Chicago,USD,1.5
1338,441,2026-02-26 16:45:30,Fee,3580.26,169688.8,Branch,,,Failed,Fee via POS,0,Tacoma,USD,0
1339,705,2024-11-03 02:23:46,Bill Payment,6149.43,105392.33,ATM,Dining,,Completed,Bill Payment via Mobile App,0,Mesa,USD,2.5
1340,887,2026-05-04 07:11:11,Bill Payment,488.4,164765.34,Mobile App,Utilities,,Completed,Bill Payment via ATM,1,Rochester,USD,0
1341,818,2024-03-10 14:30:30,Interest Credit,6902.25,147336.16,ATM,,,Completed,Interest Credit via Online,0,Aurora,USD,1.5
1342,210,2026-01-05 18:06:12,Bill Payment,7728.43,128536.1,Mobile App,Travel,,Completed,Bill Payment via Online,0,Boulder,USD,0
1343,1003,2024-02-01 21:13:32,Transfer Out,6069.16,219395.83,Online,,829,Completed,Transfer Out via Mobile App,0,Denver,USD,0
1344,932,2024-02-09 18:05:58,Transfer Out,6092.01,113638.27,Mobile App,,618,Completed,Transfer Out via Branch,0,Tampa,USD,1.5
1345,1060,2026-06-12 05:45:49,Fee,2813.4,53823.48,Mobile App,,,Completed,Fee via Online,0,Los Angeles,USD,1.5
1346,538,2025-02-24 21:52:19,Transfer Out,3836.27,13132.0,ATM,,1053,Completed,Transfer Out via Mobile App,0,Boulder,USD,0
1347,799,2025-11-06 09:55:14,Bill Payment,2054.35,110141.93,Mobile App,Utilities,,Completed,Bill Payment via POS,0,Springfield,USD,1.5
1348,548,2024-12-21 10:58:18,Fee,4408.85,170655.13,Mobile App,,,Pending,Fee via POS,0,Miami,USD,0
1349,69,2024-01-06 14:34:36,Transfer In,7100.28,-669.34,Mobile App,,893,Completed,Transfer In via Mobile App,0,Sacramento,USD,0
1350,741,2026-02-01 18:38:36,Deposit,6668.07,233520.42,Online,Groceries,,Completed,Deposit via POS,0,Miami,USD,0
1351,44,2025-06-23 22:21:50,Interest Credit,6581.05,41264.71,Branch,,,Completed,Interest Credit via Mobile App,0,Los Angeles,USD,0
1352,61,2026-06-30 16:44:19,Transfer In,5143.12,208450.42,Branch,,241,Completed,Transfer In via ATM,0,Tucson,USD,0
1353,335,2025-05-24 09:58:51,Deposit,1172.03,91608.04,ATM,,,Pending,Deposit via Online,0,Naperville,USD,0
1354,411,2024-08-30 11:45:15,Deposit,7579.23,181343.23,Mobile App,Dining,,Completed,Deposit via Mobile App,1,New York City,USD,0
1355,617,2024-05-31 03:55:58,Transfer Out,999.94,146453.25,Mobile App,,67,Completed,Transfer Out via Online,0,Naperville,USD,10
1356,446,2026-06-20 01:07:58,Fee,2874.53,196199.64,Online,,,Completed,Fee via Branch,0,Aurora,USD,0
1357,555,2024-03-29 05:01:38,Bill Payment,2639.42,60015.97,Mobile App,Healthcare,,Completed,Bill Payment via ATM,0,Denver,USD,0
1358,385,2025-01-26 19:07:33,Bill Payment,6963.37,242130.98,Mobile App,Retail,,Completed,Bill Payment via ATM,0,Rochester,USD,2.5
1359,748,2024-08-07 12:05:59,Bill Payment,5486.06,203261.93,Mobile App,Education,,Completed,Bill Payment via Online,0,Jacksonville,USD,0
1360,1052,2024-05-15 19:24:50,Deposit,3388.66,84026.34,Branch,,,Completed,Deposit via Mobile App,0,Tacoma,USD,0
1361,603,2026-07-14 15:55:13,Transfer In,2257.39,229811.1,Mobile App,,236,Completed,Transfer In via POS,0,Chicago,USD,1.5
1362,834,2024-10-08 00:38:27,Bill Payment,333.36,5011.69,Mobile App,Healthcare,,Completed,Bill Payment via Online,0,Atlanta,USD,0
1363,755,2025-11-07 23:33:30,Fee,4068.89,18384.39,ATM,,,Completed,Fee via Branch,0,Phoenix,USD,10
1364,676,2026-08-13 18:32:15,Withdrawal,6142.28,162427.38,Mobile App,Fuel,,Completed,Withdrawal via POS,0,Savannah,USD,1.5
1365,241,2026-07-10 16:22:52,Deposit,4116.94,221099.78,Mobile App,Dining,,Completed,Deposit via Branch,0,Mesa,USD,0
1366,35,2025-03-31 15:00:40,Transfer In,5687.01,231889.31,Online,,678,Completed,Transfer In via Online,0,Worcester,USD,10
1367,544,2026-01-22 17:29:12,Interest Credit,6764.39,25646.97,Online,,,Completed,Interest Credit via POS,0,Worcester,USD,10
1368,241,2026-09-21 00:43:51,Deposit,2915.29,87998.59,ATM,Travel,,Completed,Deposit via Mobile App,0,Chicago,USD,0
1369,770,2025-07-09 08:53:38,Withdrawal,6259.0,126594.6,Mobile App,Dining,,Completed,Withdrawal via Branch,0,Naperville,USD,2.5
1370,232,2026-09-07 01:22:49,Bill Payment,1619.66,128066.34,Mobile App,Utilities,,Completed,Bill Payment via ATM,0,Savannah,USD,2.5
1371,1139,2025-03-26 05:53:15,Withdrawal,2321.87,161091.6,Branch,Healthcare,,Completed,Withdrawal via Mobile App,0,San Antonio,USD,5
1372,1144,2026-05-05 11:53:26,Interest Credit,5310.18,51326.78,Mobile App,,,Completed,Interest Credit via Mobile App,0,Worcester,USD,5
1373,1043,2026-05-08 23:34:34,Deposit,6563.88,91303.8,ATM,,,Pending,Deposit via POS,0,Boulder,USD,5
1374,105,2024-03-28 13:13:59,Withdrawal,640.26,95085.88,Branch,Utilities,,Completed,Withdrawal via Online,0,Austin,USD,10
1375,1195,2025-08-15 05:34:26,Withdrawal,3130.8,230437.73,Mobile App,Retail,,Completed,Withdrawal via Branch,0,Worcester,USD,0
1376,1073,2025-08-15 09:49:40,Transfer Out,7708.32,255630.91,Online,,1061,Completed,Transfer Out via ATM,1,San Diego,USD,2.5
1377,762,2025-02-26 15:37:03,Bill Payment,4417.18,18509.07,ATM,,,Completed,Bill Payment via Branch,0,Boston,USD,1.5
1378,100,2024-06-16 03:39:03,Deposit,5666.76,183395.09,Mobile App,Travel,,Completed,Deposit via Mobile App,0,Rochester,USD,0
1379,484,2024-02-16 08:00:01,Transfer Out,5092.07,42424.65,Mobile App,,1063,Failed,Transfer Out via POS,0,Orlando,USD,1.5
1380,581,2026-08-09 08:16:26,Interest Credit,3601.11,24027.0,Mobile App,,,Completed,Interest Credit via Mobile App,0,Springfield,USD,0
1381,17,2024-08-27 18:55:56,Transfer Out,2395.33,46625.68,ATM,,190,Completed,Transfer Out via Mobile App,0,Springfield,USD,0
1382,846,2025-10-31 16:39:55,Withdrawal,6786.58,119332.21,Online,Entertainment,,Completed,Withdrawal via Branch,0,Cambridge,USD,5
1383,491,2026-05-30 12:58:37,Transfer In,6280.24,133790.19,Mobile App,,671,Completed,Transfer In via Mobile App,0,Seattle,USD,1.5
1384,1161,2026-03-06 17:52:33,Deposit,3108.42,171902.87,Branch,Fuel,,Failed,Deposit via Mobile App,0,Orlando,USD,2.5
1385,511,2026-06-01 23:23:42,Deposit,2619.66,103684.34,Mobile App,Retail,,Completed,Deposit via Online,0,Buffalo,USD,5
1386,1195,2024-05-21 04:22:36,Bill Payment,6775.89,208963.41,Branch,,,Failed,Bill Payment via Mobile App,0,Aurora,USD,0
1387,250,2025-01-04 07:17:37,Bill Payment,4304.51,149053.09,Mobile App,Dining,,Completed,Bill Payment via Branch,0,Denver,USD,0
1388,381,2025-06-03 14:51:58,Fee,1816.32,52440.65,Online,,,Completed,Fee via Online,0,Augusta,USD,0
1389,418,2024-03-18 13:58:22,Transfer In,3938.06,183193.15,POS,,617,Failed,Transfer In via Mobile App,0,Sacramento,USD,1.5
1390,676,2025-04-06 00:28:35,Withdrawal,3083.41,175054.23,Online,Healthcare,,Completed,Withdrawal via Online,0,Tucson,USD,5
1391,1151,2025-04-07 10:34:24,Bill Payment,437.62,86378.93,Mobile App,Healthcare,,Completed,Bill Payment via Mobile App,0,Mesa,USD,5
1392,535,2024-01-25 14:45:17,Transfer Out,7525.41,54286.91,Online,,541,Completed,Transfer Out via Mobile App,0,Worcester,USD,0
1393,523,2025-08-17 15:30:19,Interest Credit,2844.28,229296.31,Mobile App,,,Completed,Interest Credit via ATM,0,Austin,USD,5
1394,908,2024-01-02 02:17:03,Withdrawal,5724.29,33969.47,Branch,Healthcare,,Completed,Withdrawal via POS,0,Aurora,USD,2.5
1395,45,2025-03-20 00:40:04,Bill Payment,3273.74,59683.3,Branch,Utilities,,Completed,Bill Payment via Online,0,Austin,USD,1.5
1396,385,2024-03-31 15:39:30,Fee,6664.48,183907.98,Online,,,Completed,Fee via Mobile App,0,Orlando,USD,0
1397,1004,2024-12-09 13:31:47,Bill Payment,5536.25,202206.84,ATM,Groceries,,Completed,Bill Payment via ATM,0,San Diego,USD,0
1398,1006,2024-06-10 18:40:56,Deposit,2912.22,156022.38,Online,Dining,,Completed,Deposit via Online,0,Worcester,USD,2.5
1399,43,2025-12-13 06:24:17,Withdrawal,1065.98,182262.11,Online,Groceries,,Completed,Withdrawal via ATM,1,Naperville,USD,0
1400,649,2025-07-03 15:06:11,Fee,4032.88,48760.03,Branch,,,Completed,Fee via Mobile App,0,Savannah,USD,0
1401,453,2024-06-29 13:41:46,Deposit,619.1,194806.7,Mobile App,,,Pending,Deposit via ATM,0,Tucson,USD,1.5
1402,695,2025-03-06 14:04:06,Bill Payment,1613.32,26880.55,POS,Fuel,,Completed,Bill Payment via Branch,0,Jacksonville,USD,0
1403,259,2026-08-13 12:29:17,Transfer In,1995.04,45059.19,Online,,179,Completed,Transfer In via ATM,0,Miami,USD,5
1404,178,2024-04-08 18:38:27,Fee,7744.33,87015.18,ATM,,,Completed,Fee via Online,0,Tacoma,USD,2.5
1405,307,2026-03-04 16:06:29,Transfer In,7521.71,174706.47,Online,,111,Completed,Transfer In via ATM,0,Spokane,USD,0
1406,16,2025-12-25 02:32:41,Deposit,7681.51,142063.09,ATM,Retail,,Completed,Deposit via Online,0,Houston,USD,0
1407,365,2024-06-19 13:47:56,Deposit,4182.79,116853.68,Mobile App,Retail,,Completed,Deposit via Branch,1,Savannah,USD,0
1408,1177,2024-12-17 20:47:45,Bill Payment,6083.12,2374.88,Mobile App,Travel,,Completed,Bill Payment via Online,0,Spokane,USD,0
1409,858,2026-06-27 13:33:35,Withdrawal,6542.51,150400.6,ATM,Fuel,,Completed,Withdrawal via POS,0,Buffalo,USD,1.5
1410,362,2026-02-23 02:31:11,Withdrawal,2124.21,203439.78,Online,Education,,Completed,Withdrawal via ATM,0,Buffalo,USD,0
1411,624,2025-06-05 05:01:37,Deposit,6199.65,82624.38,Branch,Utilities,,Completed,Deposit via Online,0,Tampa,USD,0
1412,583,2026-06-27 00:59:11,Withdrawal,2923.37,56758.86,Online,Travel,,Completed,Withdrawal via ATM,0,Savannah,USD,1.5
1413,397,2025-12-22 08:15:06,Transfer In,6964.73,149341.4,Online,,6,Completed,Transfer In via Mobile App,0,Chicago,USD,0
1414,924,2025-11-16 00:32:38,Interest Credit,268.87,167451.04,ATM,,,Completed,Interest Credit via Online,0,San Antonio,USD,0
1415,699,2025-07-18 09:53:43,Bill Payment,6991.22,142571.43,Mobile App,Dining,,Completed,Bill Payment via Branch,1,Mesa,USD,0
1416,920,2025-03-08 20:49:01,Bill Payment,6775.56,97738.75,ATM,Healthcare,,Completed,Bill Payment via Mobile App,0,Atlanta,USD,0
1417,1011,2026-02-10 06:10:00,Interest Credit,1897.85,178628.62,Online,,,Completed,Interest Credit via ATM,1,Atlanta,USD,2.5
1418,172,2025-05-17 03:02:20,Bill Payment,4854.57,47571.58,Mobile App,Education,,Completed,Bill Payment via POS,0,Augusta,USD,1.5
1419,1024,2024-07-30 00:18:54,Deposit,4819.25,187342.87,ATM,Entertainment,,Completed,Deposit via Online,1,Atlanta,USD,0
1420,685,2025-01-05 16:27:09,Transfer Out,7451.51,120376.16,Mobile App,,755,Completed,Transfer Out via Mobile App,0,Los Angeles,USD,1.5
1421,803,2025-07-03 03:18:08,Deposit,103.74,228752.89,Branch,Education,,Completed,Deposit via Branch,0,Albany,USD,5
1422,54,2024-03-22 09:21:29,Bill Payment,7825.65,204360.6,Mobile App,Retail,,Completed,Bill Payment via POS,0,San Francisco,USD,0
1423,55,2025-08-10 08:44:25,Interest Credit,7089.78,204442.23,Online,,,Completed,Interest Credit via ATM,0,Los Angeles,USD,0
1424,958,2024-11-08 07:42:53,Deposit,6979.5,128893.67,Online,Dining,,Completed,Deposit via ATM,0,Aurora,USD,10
1425,953,2026-01-18 03:00:35,Bill Payment,6809.84,20172.23,Mobile App,Groceries,,Completed,Bill Payment via Mobile App,0,Dallas,USD,0
1426,1154,2025-11-19 21:17:03,Withdrawal,5181.6,236095.23,Branch,,,Completed,Withdrawal via Mobile App,0,Spokane,USD,2.5
1427,800,2025-04-14 12:06:10,Bill Payment,4505.63,257508.17,Mobile App,Utilities,,Completed,Bill Payment via Online,0,San Antonio,USD,0
1428,755,2025-12-03 13:40:26,Transfer In,6844.59,242642.73,Mobile App,,1166,Completed,Transfer In via POS,0,Rochester,USD,2.5
1429,92,2024-04-04 00:11:29,Deposit,2858.61,120347.6,Branch,Retail,,Completed,Deposit via POS,0,Mesa,USD,0
1430,744,2025-07-08 21:37:21,Transfer Out,4410.22,126396.87,Online,,232,Completed,Transfer Out via Online,0,Jacksonville,USD,2.5
1431,683,2024-02-14 08:50:08,Bill Payment,2458.63,59621.5,Online,Education,,Completed,Bill Payment via Mobile App,0,Rochester,USD,2.5
1432,297,2024-02-20 05:50:16,Bill Payment,6739.62,50438.49,Mobile App,,,Completed,Bill Payment via Mobile App,0,San Antonio,USD,0
1433,782,2026-09-17 10:19:51,Bill Payment,899.93,146972.49,POS,Utilities,,Completed,Bill Payment via Branch,0,San Diego,USD,0
1434,157,2024-12-04 23:45:39,Withdrawal,4443.13,54788.38,Branch,Education,,Completed,Withdrawal via Branch,0,Mesa,USD,2.5
1435,476,2024-08-23 20:39:08,Withdrawal,6745.61,108963.73,ATM,Dining,,Completed,Withdrawal via Online,0,Denver,USD,1.5
1436,984,2025-06-17 21:47:35,Transfer In,914.32,39302.62,Online,,1144,Completed,Transfer In via Branch,0,Savannah,USD,0
1437,926,2026-03-17 16:18:06,Withdrawal,7788.57,34010.56,Branch,Dining,,Completed,Withdrawal via Mobile App,0,Tacoma,USD,0
1438,501,2025-08-25 15:59:14,Transfer Out,2218.84,95862.68,Mobile App,,900,Completed,Transfer Out via Online,0,Mesa,USD,10
1439,989,2024-08-03 12:22:04,Bill Payment,4502.54,76771.76,ATM,Fuel,,Completed,Bill Payment via Online,0,Spokane,USD,0
1440,717,2025-06-30 09:27:14,Withdrawal,7400.31,16001.93,Branch,Utilities,,Completed,Withdrawal via POS,0,Tucson,USD,0
1441,103,2025-01-09 16:29:02,Transfer Out,4126.98,97700.2,Mobile App,,386,Completed,Transfer Out via Online,1,Rochester,USD,1.5
1442,404,2026-07-29 17:16:16,Deposit,807.86,96922.67,Mobile App,Education,,Completed,Deposit via ATM,0,Spokane,USD,2.5
1443,34,2025-05-22 12:04:43,Withdrawal,6073.34,200790.81,Online,Travel,,Completed,Withdrawal via Online,0,Sacramento,USD,0
1444,33,2025-08-03 17:17:47,Withdrawal,6865.57,122173.14,Online,,,Completed,Withdrawal via POS,0,Los Angeles,USD,0
1445,1075,2026-06-16 09:59:24,Bill Payment,4041.92,106902.64,Mobile App,,,Completed,Bill Payment via ATM,0,Buffalo,USD,0
1446,758,2026-03-13 02:21:42,Transfer In,7626.18,136511.38,Mobile App,,431,Completed,Transfer In via ATM,0,Spokane,USD,10
1447,77,2024-10-02 13:24:36,Fee,2400.05,94791.0,ATM,,,Completed,Fee via Mobile App,0,Albany,USD,5
1448,384,2026-08-17 12:31:44,Withdrawal,7526.76,72364.07,POS,Healthcare,,Completed,Withdrawal via Branch,1,Tampa,USD,2.5
1449,514,2024-11-06 08:52:27,Bill Payment,4985.75,35750.54,Branch,Dining,,Completed,Bill Payment via Mobile App,0,Austin,USD,10
1450,505,2024-02-23 07:31:35,Bill Payment,1836.45,98352.52,ATM,Retail,,Failed,Bill Payment via POS,1,Chicago,USD,10
1451,102,2024-04-05 18:46:50,Bill Payment,409.84,206579.84,Branch,Groceries,,Completed,Bill Payment via ATM,0,Atlanta,USD,0
1452,802,2025-05-27 21:15:33,Deposit,1072.03,163690.6,Mobile App,Entertainment,,Completed,Deposit via ATM,0,Albany,USD,1.5
1453,219,2024-06-16 18:50:33,Transfer In,3197.88,132823.98,Mobile App,,785,Completed,Transfer In via Online,0,Austin,USD,2.5
1454,553,2026-01-22 11:38:04,Deposit,1750.56,111904.64,Online,Travel,,Completed,Deposit via Branch,0,Houston,USD,2.5
1455,883,2024-06-11 04:31:30,Bill Payment,7034.75,28542.08,Online,Education,,Completed,Bill Payment via Online,0,Albany,USD,0
1456,675,2024-02-23 20:47:36,Deposit,6424.94,44709.74,ATM,,,Completed,Deposit via ATM,0,Dallas,USD,1.5
1457,328,2025-07-04 02:20:18,Transfer Out,7284.36,129989.62,Branch,,554,Completed,Transfer Out via ATM,0,Boulder,USD,2.5
1458,813,2025-09-05 19:29:01,Fee,4650.74,150087.79,Branch,,,Completed,Fee via Online,0,San Antonio,USD,0
1459,63,2025-06-19 13:57:01,Deposit,2419.26,37862.46,Online,Groceries,,Completed,Deposit via Online,0,Cambridge,USD,5
1460,826,2025-09-16 00:30:58,Withdrawal,2381.87,179050.31,ATM,Utilities,,Completed,Withdrawal via POS,0,Augusta,USD,10
1461,670,2026-04-17 00:07:37,Interest Credit,7613.41,237242.91,Branch,,,Completed,Interest Credit via POS,0,Spokane,USD,0
1462,307,2024-08-16 04:20:54,Bill Payment,4480.17,231816.76,ATM,Groceries,,Completed,Bill Payment via Online,0,Orlando,USD,0
1463,736,2025-10-23 03:50:57,Transfer In,7023.19,230449.38,Branch,,350,Completed,Transfer In via Online,1,Los Angeles,USD,0
1464,303,2024-06-04 04:13:33,Fee,7014.53,239337.6,Online,,,Failed,Fee via Mobile App,0,Jacksonville,USD,0
1465,21,2024-09-08 10:59:39,Interest Credit,2508.51,243570.96,POS,,,Completed,Interest Credit via Branch,0,Cambridge,USD,10
1466,81,2024-10-03 20:52:01,Bill Payment,3795.32,79465.44,ATM,Groceries,,Completed,Bill Payment via Branch,0,Denver,USD,5
1467,810,2025-05-01 07:12:12,Fee,2422.56,252491.37,Mobile App,,,Completed,Fee via Mobile App,0,New York City,USD,0
1468,82,2024-10-05 04:53:11,Transfer In,2707.64,218823.49,ATM,,599,Completed,Transfer In via Branch,0,Savannah,USD,0
1469,39,2024-07-29 23:59:31,Bill Payment,6515.93,185247.4,Online,,,Completed,Bill Payment via Online,0,New York City,USD,2.5
1470,567,2024-05-11 09:58:39,Deposit,2774.11,112459.42,Mobile App,Utilities,,Pending,Deposit via POS,0,Rochester,USD,10
1471,890,2026-01-17 19:22:44,Bill Payment,7628.25,150203.69,Branch,Travel,,Completed,Bill Payment via POS,0,Albany,USD,0
1472,781,2025-06-07 20:25:11,Bill Payment,7762.12,201591.37,Online,Dining,,Completed,Bill Payment via POS,0,San Diego,USD,1.5
1473,370,2024-04-19 11:41:01,Bill Payment,1861.83,200597.52,Branch,Fuel,,Completed,Bill Payment via POS,0,Jacksonville,USD,0
1474,166,2025-02-24 14:48:51,Bill Payment,5455.13,47016.63,ATM,,,Completed,Bill Payment via Branch,0,Tucson,USD,0
1475,709,2026-08-09 13:54:15,Deposit,3756.92,127851.98,Online,Groceries,,Completed,Deposit via POS,0,Seattle,USD,1.5
1476,1184,2024-12-25 04:21:42,Transfer Out,6339.99,49828.78,Branch,,819,Completed,Transfer Out via Mobile App,0,Worcester,USD,0
1477,145,2025-08-24 05:43:33,Withdrawal,7475.24,236931.62,Online,Healthcare,,Completed,Withdrawal via Online,0,Atlanta,USD,1.5
1478,351,2024-07-14 21:22:20,Deposit,2969.44,86201.5,ATM,Healthcare,,Completed,Deposit via Branch,0,Spokane,USD,0
1479,719,2024-01-11 04:29:57,Withdrawal,4656.77,170775.16,Online,Travel,,Completed,Withdrawal via ATM,0,Worcester,USD,10
1480,633,2024-05-06 06:43:05,Withdrawal,5381.83,58097.14,Mobile App,Retail,,Completed,Withdrawal via ATM,1,Tacoma,USD,0
1481,516,2025-09-18 01:09:22,Deposit,1902.62,34854.7,Branch,Dining,,Completed,Deposit via Mobile App,0,Tucson,USD,0
1482,407,2024-01-14 00:28:19,Fee,6609.34,43192.16,Online,,,Completed,Fee via Branch,0,Phoenix,USD,0
1483,1078,2024-02-06 01:02:34,Bill Payment,5232.46,194530.59,Online,,,Completed,Bill Payment via Mobile App,0,Spokane,USD,0
1484,246,2024-07-26 10:36:22,Deposit,1294.05,246373.59,Online,Healthcare,,Completed,Deposit via Mobile App,0,Orlando,USD,0
1485,180,2024-02-20 14:33:00,Withdrawal,6730.9,60514.65,POS,Travel,,Completed,Withdrawal via POS,0,Albany,USD,0
1486,111,2026-07-24 05:31:47,Bill Payment,5857.37,202745.03,Online,Healthcare,,Completed,Bill Payment via ATM,0,Dallas,USD,0
1487,499,2025-11-25 11:40:59,Bill Payment,2386.23,185399.0,Mobile App,Healthcare,,Completed,Bill Payment via Branch,0,Buffalo,USD,1.5
1488,156,2024-08-06 13:54:27,Bill Payment,194.77,115307.71,ATM,Utilities,,Completed,Bill Payment via Mobile App,0,Mesa,USD,10
1489,393,2024-05-10 22:30:55,Deposit,518.53,156924.58,Online,,,Completed,Deposit via ATM,0,New York City,USD,0
1490,574,2025-12-16 12:08:07,Deposit,2494.55,65022.96,Mobile App,Fuel,,Completed,Deposit via Branch,0,Worcester,USD,2.5
1491,136,2025-05-12 00:44:35,Fee,6439.29,75087.94,Online,,,Completed,Fee via Online,0,San Antonio,USD,0
1492,689,2026-04-28 18:51:08,Withdrawal,7680.54,147660.87,ATM,Fuel,,Completed,Withdrawal via Branch,0,New York City,USD,0
1493,732,2024-05-06 22:30:19,Transfer In,6885.7,32184.94,ATM,,951,Completed,Transfer In via ATM,0,Denver,USD,10
1494,1006,2026-05-24 01:24:48,Transfer In,5885.72,224569.27,Branch,,760,Completed,Transfer In via ATM,0,Orlando,USD,0
1495,1092,2024-08-31 05:05:04,Interest Credit,1789.54,117595.54,Online,,,Completed,Interest Credit via Online,0,Tampa,USD,0
1496,564,2025-12-17 09:59:56,Withdrawal,4697.49,87494.64,Online,Healthcare,,Completed,Withdrawal via ATM,0,Tucson,USD,0
1497,575,2024-02-11 08:18:12,Deposit,4446.39,128641.37,POS,Groceries,,Completed,Deposit via Online,0,San Diego,USD,0
1498,220,2026-02-14 07:01:03,Withdrawal,3878.26,131619.68,Online,Healthcare,,Completed,Withdrawal via ATM,0,Spokane,USD,0
1499,802,2024-05-10 09:09:20,Bill Payment,268.58,214736.54,Online,Entertainment,,Completed,Bill Payment via POS,0,Austin,USD,2.5
1500,516,2024-04-03 08:23:57,Deposit,3287.57,80271.52,Online,Education,,Completed,Deposit via Branch,1,Tucson,USD,0
1501,728,2024-11-30 19:03:40,Deposit,4473.58,46708.79,Mobile App,Entertainment,,Completed,Deposit via Online,0,Tampa,USD,2.5
1502,547,2024-02-16 22:34:41,Withdrawal,6075.77,115946.0,Mobile App,Groceries,,Completed,Withdrawal via POS,0,Tucson,USD,10
1503,1031,2024-09-09 23:00:33,Fee,4306.68,208253.33,Mobile App,,,Completed,Fee via Branch,1,Dallas,USD,0
1504,80,2024-07-15 15:32:12,Transfer In,1123.01,240498.5,ATM,,19,Completed,Transfer In via Online,0,Houston,USD,0
1505,356,2025-11-11 19:37:17,Withdrawal,849.67,94169.99,Online,Fuel,,Completed,Withdrawal via Online,0,San Francisco,USD,1.5
1506,1131,2026-04-03 05:29:19,Transfer In,3870.39,107630.89,POS,,1069,Completed,Transfer In via Mobile App,0,Naperville,USD,1.5
1507,1020,2024-12-09 17:53:29,Deposit,2073.8,106580.16,ATM,Education,,Completed,Deposit via ATM,0,Tucson,USD,0
1508,473,2026-03-02 11:03:59,Withdrawal,2613.77,179549.79,Mobile App,Groceries,,Completed,Withdrawal via ATM,0,New York City,USD,1.5
1509,771,2024-08-18 08:20:24,Bill Payment,6182.56,257871.93,Mobile App,,,Completed,Bill Payment via Online,0,Sacramento,USD,0
1510,117,2026-04-06 12:29:27,Withdrawal,7684.25,255444.4,Mobile App,Education,,Completed,Withdrawal via POS,0,Boulder,USD,0
1511,535,2025-04-01 00:06:04,Transfer In,4591.01,120384.4,Branch,,581,Completed,Transfer In via ATM,1,Miami,USD,0
1512,191,2024-12-21 03:31:58,Transfer In,6143.59,62205.98,Branch,,591,Completed,Transfer In via Online,0,Savannah,USD,0
1513,1045,2026-06-20 06:53:32,Bill Payment,1332.58,153805.47,Mobile App,Healthcare,,Completed,Bill Payment via ATM,0,Jacksonville,USD,10
1514,555,2024-04-05 18:17:07,Deposit,6743.79,230734.45,Mobile App,Healthcare,,Completed,Deposit via ATM,1,Tacoma,USD,0
1515,779,2025-06-20 04:40:07,Deposit,735.82,51842.27,ATM,Dining,,Completed,Deposit via ATM,0,San Antonio,USD,0
1516,282,2024-05-11 18:07:23,Deposit,97.58,62935.81,Online,Utilities,,Completed,Deposit via ATM,0,Savannah,USD,0
1517,362,2024-03-11 21:29:38,Deposit,5400.8,40954.95,Mobile App,Entertainment,,Completed,Deposit via Mobile App,0,Jacksonville,USD,2.5
1518,410,2024-01-23 20:55:34,Transfer Out,5359.85,201038.16,ATM,,648,Completed,Transfer Out via ATM,1,Spokane,USD,1.5
1519,554,2024-06-10 13:48:28,Bill Payment,3307.63,137891.87,Mobile App,Utilities,,Completed,Bill Payment via Branch,0,Spokane,USD,0
1520,823,2025-08-20 00:26:40,Transfer Out,5760.09,13726.9,ATM,,756,Completed,Transfer Out via POS,0,Seattle,USD,0
1521,375,2025-02-18 21:05:58,Bill Payment,1072.86,143452.04,Online,Healthcare,,Completed,Bill Payment via POS,0,Orlando,USD,2.5
1522,352,2026-05-31 16:38:36,Transfer In,246.93,240627.01,Online,,58,Completed,Transfer In via Mobile App,0,Boulder,USD,0
1523,1200,2025-11-15 09:59:15,Bill Payment,7134.38,209773.35,Online,Fuel,,Completed,Bill Payment via Online,0,Atlanta,USD,0
1524,575,2026-01-10 19:28:56,Bill Payment,3789.52,124395.0,Branch,Fuel,,Completed,Bill Payment via POS,0,Jacksonville,USD,0
1525,627,2025-04-13 17:41:26,Transfer In,6454.83,111907.39,Online,,100,Completed,Transfer In via POS,1,Augusta,USD,1.5
1526,1119,2025-01-12 08:43:58,Transfer In,7682.46,93408.46,Online,,937,Completed,Transfer In via Mobile App,0,Atlanta,USD,1.5
1527,778,2025-08-29 21:39:12,Deposit,809.9,3800.5,Mobile App,Utilities,,Completed,Deposit via Branch,0,Chicago,USD,2.5
1528,406,2026-05-08 21:06:20,Transfer Out,352.97,13837.0,Mobile App,,890,Completed,Transfer Out via Branch,0,Chicago,USD,10
1529,64,2024-06-07 19:16:28,Transfer In,1150.87,92469.06,Mobile App,,279,Completed,Transfer In via Mobile App,0,San Antonio,USD,5
1530,117,2026-01-17 13:49:29,Withdrawal,2977.0,194374.08,POS,Travel,,Completed,Withdrawal via Online,0,Boulder,USD,1.5
1531,548,2025-06-13 19:46:47,Interest Credit,3682.13,148180.3,ATM,,,Completed,Interest Credit via Mobile App,0,Denver,USD,1.5
1532,1168,2024-04-29 02:13:52,Transfer In,2104.19,156378.2,Mobile App,,628,Completed,Transfer In via POS,0,Tucson,USD,0
1533,355,2026-02-22 14:06:32,Transfer In,1548.4,127169.02,Mobile App,,224,Completed,Transfer In via Branch,0,Dallas,USD,0
1534,272,2024-09-20 03:26:21,Fee,7454.54,71323.22,ATM,,,Completed,Fee via Branch,0,New York City,USD,10
1535,794,2026-04-20 11:06:05,Deposit,3272.2,184148.93,Mobile App,Entertainment,,Completed,Deposit via ATM,0,Augusta,USD,2.5
1536,751,2026-01-10 09:22:02,Deposit,1311.15,58628.44,ATM,Retail,,Completed,Deposit via ATM,0,New York City,USD,0
1537,1090,2026-03-30 12:51:16,Bill Payment,1299.67,201035.57,Branch,Fuel,,Completed,Bill Payment via POS,0,Aurora,USD,0
1538,906,2024-03-07 17:55:47,Bill Payment,7199.86,124158.02,Branch,Fuel,,Completed,Bill Payment via Branch,0,Chicago,USD,0
1539,470,2025-01-21 07:48:15,Bill Payment,7958.26,48703.9,Mobile App,Fuel,,Completed,Bill Payment via POS,1,Worcester,USD,0
1540,164,2024-06-10 21:04:15,Bill Payment,2760.98,1122.91,Online,Groceries,,Completed,Bill Payment via Branch,0,Miami,USD,1.5
1541,1069,2025-07-20 08:29:55,Withdrawal,7018.28,252467.68,Mobile App,Retail,,Completed,Withdrawal via Mobile App,0,Atlanta,USD,10
1542,510,2026-03-10 20:31:57,Deposit,215.63,-873.03,Online,Dining,,Completed,Deposit via POS,0,San Francisco,USD,2.5
1543,106,2024-07-21 14:49:56,Transfer In,1680.69,120373.04,Mobile App,,478,Completed,Transfer In via ATM,1,Mesa,USD,0
1544,564,2024-04-28 06:40:54,Interest Credit,5937.9,133504.9,ATM,,,Pending,Interest Credit via Branch,0,Tucson,USD,2.5
1545,55,2025-04-30 20:58:49,Transfer Out,3298.74,-1932.22,ATM,,38,Completed,Transfer Out via ATM,0,Mesa,USD,0
1546,321,2025-05-15 02:02:27,Interest Credit,974.3,151097.92,Mobile App,,,Completed,Interest Credit via Branch,0,Spokane,USD,5
1547,78,2025-01-01 03:48:32,Deposit,1681.59,210401.06,Mobile App,Healthcare,,Completed,Deposit via POS,0,Atlanta,USD,0
1548,943,2025-07-10 01:34:35,Withdrawal,6317.53,49797.6,ATM,Groceries,,Completed,Withdrawal via POS,0,Sacramento,USD,5
1549,7,2025-01-02 20:05:38,Fee,2267.66,15563.85,Branch,,,Completed,Fee via Online,0,Tampa,USD,0
1550,97,2026-04-19 13:20:45,Transfer In,5004.06,127329.73,Branch,,867,Completed,Transfer In via Mobile App,0,Tacoma,USD,0
1551,694,2026-04-19 18:02:29,Transfer Out,780.24,9290.66,Online,,687,Completed,Transfer Out via Branch,0,Boston,USD,5
1552,597,2026-06-24 14:18:44,Bill Payment,1027.85,129446.72,POS,Dining,,Completed,Bill Payment via ATM,0,New York City,USD,0
1553,632,2025-04-04 14:00:20,Bill Payment,7351.27,68842.24,Mobile App,Education,,Completed,Bill Payment via Online,0,Buffalo,USD,0
1554,998,2026-01-21 15:16:45,Fee,2090.02,48665.25,Branch,,,Completed,Fee via POS,0,Dallas,USD,5
1555,774,2026-06-08 03:25:45,Transfer In,7749.37,143649.15,Mobile App,,905,Completed,Transfer In via Mobile App,0,Savannah,USD,2.5
1556,915,2025-01-17 09:33:40,Withdrawal,607.63,12305.56,Online,Utilities,,Failed,Withdrawal via Mobile App,0,Cambridge,USD,1.5
1557,188,2025-11-30 00:36:30,Transfer In,5000.39,115904.36,Online,,1186,Completed,Transfer In via Mobile App,0,Houston,USD,0
1558,571,2026-07-17 00:02:38,Transfer Out,7031.12,110963.95,Branch,,225,Completed,Transfer Out via POS,0,Buffalo,USD,1.5
1559,506,2024-03-24 22:40:00,Interest Credit,3511.13,1822.57,Online,,,Completed,Interest Credit via Mobile App,0,Miami,USD,5
1560,706,2025-05-26 02:53:48,Deposit,4074.14,95796.71,Mobile App,Fuel,,Completed,Deposit via Mobile App,0,New York City,USD,0
1561,452,2025-01-27 22:17:41,Bill Payment,7588.65,121041.21,Branch,Dining,,Completed,Bill Payment via Mobile App,0,Savannah,USD,5
1562,991,2024-12-26 22:43:54,Interest Credit,7912.11,38426.39,Branch,,,Completed,Interest Credit via Online,0,Boulder,USD,2.5
1563,236,2024-10-29 14:10:02,Withdrawal,1139.18,45586.72,Mobile App,Entertainment,,Completed,Withdrawal via ATM,0,Los Angeles,USD,2.5
1564,1006,2024-10-13 08:46:48,Bill Payment,1706.79,10098.57,POS,,,Completed,Bill Payment via Online,0,Jacksonville,USD,5
1565,693,2026-01-31 12:58:56,Bill Payment,1004.45,82672.45,Mobile App,Education,,Completed,Bill Payment via POS,0,Phoenix,USD,10
1566,57,2024-09-11 05:25:47,Bill Payment,6411.14,9521.87,Online,Retail,,Failed,Bill Payment via ATM,0,Jacksonville,USD,0
1567,912,2025-10-16 17:09:38,Deposit,411.8,190112.98,ATM,Entertainment,,Completed,Deposit via Mobile App,1,Naperville,USD,0
1568,794,2025-03-16 02:14:22,Transfer Out,664.17,60450.73,Mobile App,,782,Completed,Transfer Out via Branch,0,Atlanta,USD,10
1569,1004,2025-03-06 14:55:58,Bill Payment,6660.43,64801.27,Online,Healthcare,,Completed,Bill Payment via Mobile App,0,Buffalo,USD,1.5
1570,1105,2026-09-04 17:41:31,Bill Payment,2464.31,42629.06,Online,Entertainment,,Completed,Bill Payment via ATM,0,Boulder,USD,10
1571,355,2025-11-14 11:42:51,Transfer In,5671.87,43070.6,Online,,1172,Completed,Transfer In via Branch,0,Aurora,USD,0
1572,252,2025-08-26 10:47:46,Withdrawal,6284.92,118788.81,Mobile App,Groceries,,Completed,Withdrawal via Branch,0,Los Angeles,USD,1.5
1573,560,2024-07-07 04:29:50,Interest Credit,2072.25,202508.34,Online,,,Completed,Interest Credit via Mobile App,0,Springfield,USD,0
1574,952,2024-08-12 06:29:13,Bill Payment,3042.06,75735.63,Online,Groceries,,Completed,Bill Payment via Branch,0,Dallas,USD,5
1575,636,2025-02-19 23:57:58,Withdrawal,5225.0,239203.79,Mobile App,Fuel,,Failed,Withdrawal via Mobile App,1,Mesa,USD,5
1576,789,2024-01-09 12:27:27,Transfer In,2017.4,10279.66,Online,,808,Completed,Transfer In via Online,0,New York City,USD,5
1577,637,2025-10-07 22:17:27,Withdrawal,2568.64,16499.73,Online,Dining,,Completed,Withdrawal via POS,0,Denver,USD,0
1578,1144,2025-01-11 04:11:56,Transfer In,7968.56,92475.32,Mobile App,,959,Completed,Transfer In via ATM,0,Savannah,USD,0
1579,849,2025-03-28 16:59:40,Fee,1365.49,214639.78,Online,,,Completed,Fee via POS,0,Springfield,USD,0
1580,127,2024-05-09 05:12:13,Withdrawal,3834.23,106700.02,POS,Entertainment,,Completed,Withdrawal via ATM,0,Austin,USD,1.5
1581,507,2024-06-17 14:31:48,Deposit,716.25,259954.05,Mobile App,Travel,,Completed,Deposit via ATM,0,Dallas,USD,0
1582,1042,2024-05-14 10:05:09,Withdrawal,176.51,63917.09,Online,Healthcare,,Completed,Withdrawal via Mobile App,0,New York City,USD,1.5
1583,729,2026-05-30 07:12:06,Deposit,3144.6,17602.77,ATM,Healthcare,,Completed,Deposit via Online,0,Aurora,USD,0
1584,650,2024-04-27 05:40:07,Deposit,3627.27,228480.06,ATM,,,Completed,Deposit via ATM,0,Tacoma,USD,2.5
1585,814,2024-10-21 22:14:24,Interest Credit,7311.37,111190.86,Mobile App,,,Completed,Interest Credit via Branch,0,Atlanta,USD,5
1586,513,2024-05-26 13:32:38,Deposit,5228.34,83679.44,Mobile App,Dining,,Completed,Deposit via ATM,0,San Antonio,USD,5
1587,265,2024-08-04 00:13:20,Withdrawal,3399.42,78307.94,Online,,,Completed,Withdrawal via Branch,0,Boston,USD,1.5
1588,282,2025-02-14 02:43:51,Transfer In,6880.75,125134.55,Online,,240,Completed,Transfer In via Mobile App,0,Sacramento,USD,0
1589,9,2024-05-17 04:05:34,Deposit,7904.45,211055.84,Online,Fuel,,Completed,Deposit via POS,0,New York City,USD,0
1590,385,2026-04-07 02:11:15,Transfer Out,5284.97,24425.12,ATM,,326,Completed,Transfer Out via Online,0,San Diego,USD,1.5
1591,721,2024-12-08 20:03:17,Bill Payment,3064.61,211663.45,Mobile App,Entertainment,,Completed,Bill Payment via Branch,0,Dallas,USD,5
1592,690,2025-10-15 05:41:11,Transfer In,1740.44,155625.9,POS,,483,Completed,Transfer In via POS,0,Miami,USD,0
1593,785,2025-11-25 00:51:06,Deposit,1928.46,21932.04,Branch,Education,,Completed,Deposit via Mobile App,0,Aurora,USD,1.5
1594,135,2024-09-23 00:31:35,Bill Payment,7152.28,34979.55,Branch,Groceries,,Completed,Bill Payment via Online,0,Springfield,USD,2.5
1595,30,2024-05-31 00:04:16,Bill Payment,5966.31,191225.33,Branch,Travel,,Completed,Bill Payment via ATM,0,Tucson,USD,0
1596,287,2025-11-08 19:40:00,Withdrawal,36.26,20542.22,Mobile App,Travel,,Completed,Withdrawal via Mobile App,0,Rochester,USD,0
1597,673,2026-04-28 10:48:04,Bill Payment,1936.0,196200.61,Online,Dining,,Completed,Bill Payment via Branch,0,Atlanta,USD,2.5
1598,527,2025-09-26 23:02:02,Transfer In,523.65,114279.04,Online,,261,Completed,Transfer In via Online,0,Dallas,USD,1.5
1599,959,2026-08-11 01:11:47,Interest Credit,1441.9,100084.08,Online,,,Completed,Interest Credit via Branch,0,New York City,USD,1.5
1600,368,2025-06-16 17:36:00,Transfer In,412.78,249970.52,Branch,,285,Failed,Transfer In via ATM,0,Chicago,USD,0
1601,512,2025-05-07 00:09:06,Transfer Out,3496.13,160107.29,Mobile App,,968,Pending,Transfer Out via Online,0,Naperville,USD,10
1602,970,2026-09-11 08:32:40,Deposit,5640.32,16306.14,ATM,,,Completed,Deposit via ATM,0,San Antonio,USD,0
1603,304,2026-08-06 11:17:11,Interest Credit,2776.37,61514.15,Mobile App,,,Completed,Interest Credit via Mobile App,0,Austin,USD,1.5
1604,371,2025-09-08 11:07:56,Deposit,5916.47,244388.07,ATM,Retail,,Completed,Deposit via Mobile App,0,Spokane,USD,0
1605,94,2026-01-08 10:12:41,Deposit,2212.47,47672.52,Branch,Entertainment,,Completed,Deposit via Online,0,Orlando,USD,0
1606,1154,2026-07-17 10:40:08,Bill Payment,3350.13,64255.24,ATM,Utilities,,Completed,Bill Payment via ATM,0,Tucson,USD,0
1607,339,2024-05-27 05:22:22,Fee,7661.34,102269.05,Online,,,Completed,Fee via Mobile App,0,Boulder,USD,10
1608,1117,2024-08-27 14:55:30,Withdrawal,3861.82,155615.22,Branch,Groceries,,Completed,Withdrawal via Online,0,Los Angeles,USD,0
1609,89,2024-11-06 12:18:11,Fee,5326.48,53467.08,POS,,,Completed,Fee via Mobile App,0,Mesa,USD,10
1610,678,2026-03-30 00:27:46,Withdrawal,2960.56,29596.03,ATM,Retail,,Completed,Withdrawal via Mobile App,0,Jacksonville,USD,1.5
1611,562,2024-03-25 11:11:12,Bill Payment,5103.59,46158.35,Branch,Travel,,Completed,Bill Payment via Mobile App,0,Aurora,USD,1.5
1612,134,2025-08-22 14:00:19,Withdrawal,5989.77,85218.99,Online,Travel,,Completed,Withdrawal via Online,1,Houston,USD,2.5
1613,222,2025-11-12 07:59:21,Bill Payment,6745.82,101721.43,Mobile App,Fuel,,Completed,Bill Payment via POS,0,Worcester,USD,2.5
1614,844,2024-09-20 03:25:01,Deposit,6286.2,182798.85,Online,Travel,,Completed,Deposit via Branch,0,Boston,USD,1.5
1615,1057,2024-07-19 14:40:05,Withdrawal,1121.68,145755.86,ATM,Groceries,,Completed,Withdrawal via Online,0,Chicago,USD,2.5
1616,724,2024-12-04 03:47:14,Transfer In,4705.05,217864.91,ATM,,755,Completed,Transfer In via Branch,0,Worcester,USD,0
1617,560,2024-08-26 22:38:03,Deposit,1155.65,78403.86,ATM,Retail,,Completed,Deposit via Mobile App,0,Houston,USD,0
1618,997,2024-05-13 17:02:19,Deposit,4724.75,29927.25,Online,Dining,,Completed,Deposit via Branch,0,Miami,USD,0
1619,341,2026-08-21 18:17:48,Transfer Out,2957.4,185670.38,Mobile App,,179,Failed,Transfer Out via Online,0,New York City,USD,1.5
1620,53,2026-09-14 08:17:09,Transfer In,3462.98,49911.77,ATM,,673,Completed,Transfer In via POS,1,Naperville,USD,10
1621,826,2026-08-03 08:09:56,Transfer In,4991.5,247131.62,Online,,104,Completed,Transfer In via Online,0,Boston,USD,5
1622,633,2026-08-30 03:50:32,Bill Payment,1779.74,176161.91,Online,Groceries,,Completed,Bill Payment via POS,0,Albany,USD,2.5
1623,34,2024-07-05 06:51:22,Transfer Out,2686.45,85559.84,Online,,371,Completed,Transfer Out via Mobile App,0,Augusta,USD,5
1624,1159,2024-12-30 21:38:55,Bill Payment,1175.01,83777.34,Mobile App,Dining,,Completed,Bill Payment via Branch,0,Seattle,USD,5
1625,1107,2024-02-27 11:42:41,Bill Payment,4847.88,122077.08,ATM,Dining,,Completed,Bill Payment via Mobile App,0,Jacksonville,USD,1.5
1626,515,2025-06-14 13:34:18,Fee,7825.24,107041.15,ATM,,,Completed,Fee via Online,0,Augusta,USD,0
1627,1120,2024-08-12 11:06:44,Deposit,3030.54,101714.17,Online,Education,,Completed,Deposit via POS,0,Mesa,USD,0
1628,557,2024-09-17 05:17:36,Interest Credit,4834.55,256064.73,Mobile App,,,Completed,Interest Credit via POS,0,Aurora,USD,5
1629,664,2024-07-20 21:39:15,Transfer In,697.99,69545.04,Mobile App,,614,Pending,Transfer In via Branch,0,Jacksonville,USD,0
1630,1116,2026-03-24 14:32:42,Withdrawal,226.14,149777.16,ATM,Retail,,Completed,Withdrawal via POS,0,New York City,USD,0
1631,1012,2026-03-18 07:10:31,Interest Credit,4821.73,203682.9,Online,,,Completed,Interest Credit via ATM,0,Albany,USD,0
1632,57,2024-08-28 09:41:33,Deposit,1724.41,198268.13,ATM,Education,,Completed,Deposit via Branch,0,Dallas,USD,2.5
1633,312,2024-03-19 12:40:37,Withdrawal,7425.8,211186.43,Online,Travel,,Completed,Withdrawal via Branch,0,Naperville,USD,0
1634,1134,2026-04-12 18:50:17,Deposit,1347.85,46100.84,ATM,Groceries,,Completed,Deposit via Mobile App,0,San Diego,USD,0
1635,375,2026-04-26 15:25:38,Transfer Out,4837.14,23593.0,Mobile App,,502,Completed,Transfer Out via Online,0,Los Angeles,USD,0
1636,12,2025-06-11 22:39:21,Bill Payment,5250.99,247218.98,Online,Utilities,,Completed,Bill Payment via Branch,0,Rochester,USD,1.5
1637,633,2025-02-08 20:33:17,Transfer Out,2061.14,203449.39,Online,,448,Completed,Transfer Out via ATM,0,Houston,USD,2.5
1638,584,2025-01-08 02:44:37,Bill Payment,2439.04,28200.46,Online,,,Completed,Bill Payment via POS,0,New York City,USD,10
1639,289,2025-12-18 07:55:49,Transfer Out,1495.07,219066.72,ATM,,68,Completed,Transfer Out via POS,0,Miami,USD,1.5
1640,1164,2025-01-04 01:19:41,Bill Payment,1433.88,41945.59,Online,Travel,,Completed,Bill Payment via ATM,0,Orlando,USD,0
1641,544,2025-04-10 23:17:46,Bill Payment,4373.34,177009.16,Mobile App,Dining,,Completed,Bill Payment via Mobile App,0,Savannah,USD,0
1642,88,2025-12-27 07:24:29,Fee,710.62,27266.23,Online,,,Completed,Fee via Online,0,Orlando,USD,0
1643,792,2026-07-03 07:19:40,Transfer In,217.45,103033.53,Online,,171,Completed,Transfer In via Mobile App,1,Tucson,USD,5
1644,278,2025-07-16 14:06:47,Interest Credit,61.44,81802.96,Branch,,,Completed,Interest Credit via Online,0,Cambridge,USD,10
1645,479,2024-09-25 00:37:14,Bill Payment,1369.2,159075.43,Branch,Groceries,,Completed,Bill Payment via Online,0,San Francisco,USD,1.5
1646,25,2024-11-26 03:55:28,Withdrawal,1583.1,134739.34,Mobile App,,,Completed,Withdrawal via Online,0,Spokane,USD,2.5
1647,6,2025-03-28 14:59:03,Transfer Out,4016.9,141510.11,Online,,336,Completed,Transfer Out via ATM,0,Denver,USD,1.5
1648,894,2025-08-08 15:40:07,Transfer In,3939.64,144492.72,Mobile App,,15,Pending,Transfer In via Mobile App,0,Naperville,USD,0
1649,696,2026-06-12 02:59:30,Interest Credit,1862.18,83850.35,Mobile App,,,Completed,Interest Credit via Branch,0,Tucson,USD,10
1650,497,2026-03-06 21:25:25,Interest Credit,1104.68,47098.34,ATM,,,Completed,Interest Credit via POS,0,New York City,USD,0
1651,740,2024-09-24 17:09:06,Deposit,6012.49,214521.26,Branch,Utilities,,Completed,Deposit via Branch,0,San Francisco,USD,0
1652,81,2026-02-09 13:04:05,Withdrawal,1434.27,103122.19,ATM,Groceries,,Completed,Withdrawal via Online,0,Mesa,USD,0
1653,182,2026-06-18 16:26:07,Transfer In,5348.01,139681.52,Mobile App,,557,Completed,Transfer In via POS,0,Boulder,USD,5
1654,400,2025-09-26 10:57:10,Transfer Out,721.07,215318.23,Online,,522,Completed,Transfer Out via ATM,0,Seattle,USD,0
1655,505,2026-08-03 02:17:27,Transfer Out,5262.86,149317.9,Mobile App,,247,Completed,Transfer Out via Online,0,Tacoma,USD,5
1656,1024,2024-12-25 18:31:08,Bill Payment,3219.93,107016.34,ATM,Fuel,,Completed,Bill Payment via Branch,0,Boston,USD,0
1657,198,2024-08-27 10:47:00,Transfer In,4548.11,115860.82,Branch,,194,Completed,Transfer In via Mobile App,0,Tucson,USD,0
1658,265,2025-01-04 23:27:26,Fee,5325.52,143441.13,Branch,,,Pending,Fee via Branch,0,Boulder,USD,0
1659,902,2025-04-16 05:51:00,Transfer In,1092.2,188874.42,ATM,,389,Completed,Transfer In via POS,0,Rochester,USD,1.5
1660,1074,2026-05-05 12:45:52,Transfer Out,3797.04,92519.36,Online,,483,Completed,Transfer Out via Mobile App,1,Miami,USD,0
1661,696,2025-01-27 05:47:37,Bill Payment,7134.53,40813.18,Mobile App,Groceries,,Completed,Bill Payment via POS,0,Boulder,USD,5
1662,868,2026-07-18 07:56:31,Deposit,4853.38,78783.72,Online,Education,,Completed,Deposit via Online,0,Tucson,USD,0
1663,1200,2025-08-16 10:59:26,Transfer Out,2556.17,206568.87,Branch,,805,Completed,Transfer Out via POS,0,Worcester,USD,10
1664,830,2025-05-16 18:49:12,Deposit,7769.86,63219.24,POS,Fuel,,Completed,Deposit via Branch,0,Los Angeles,USD,5
1665,324,2026-08-18 08:24:50,Deposit,839.36,48941.1,Branch,Retail,,Completed,Deposit via Online,0,New York City,USD,0
1666,767,2024-03-04 10:55:09,Withdrawal,1573.98,44387.8,Mobile App,Healthcare,,Completed,Withdrawal via Branch,0,Aurora,USD,5
1667,373,2024-07-27 04:54:28,Fee,1563.69,118354.96,Branch,,,Completed,Fee via Online,0,San Antonio,USD,1.5
1668,417,2024-10-06 19:06:56,Withdrawal,2327.47,20021.81,ATM,Dining,,Completed,Withdrawal via POS,0,Tacoma,USD,10
1669,592,2024-03-19 22:05:30,Deposit,6504.54,137247.39,Branch,Education,,Completed,Deposit via Online,0,Boulder,USD,0
1670,752,2024-12-08 13:42:17,Deposit,4994.2,254420.05,Online,Utilities,,Completed,Deposit via POS,0,Chicago,USD,5
1671,591,2025-01-04 04:46:51,Deposit,4771.87,257562.66,ATM,Education,,Completed,Deposit via Branch,0,Aurora,USD,10
1672,768,2025-06-18 09:58:15,Bill Payment,4561.51,92355.0,Mobile App,Utilities,,Completed,Bill Payment via Online,0,Chicago,USD,2.5
1673,155,2026-06-25 10:36:47,Bill Payment,1765.83,123788.04,Online,Entertainment,,Completed,Bill Payment via Branch,0,Tucson,USD,0
1674,533,2025-07-25 12:59:15,Withdrawal,1576.58,4736.3,Online,Utilities,,Completed,Withdrawal via Mobile App,1,Jacksonville,USD,10
1675,1096,2026-07-12 10:37:07,Transfer Out,6608.01,244219.68,Branch,,787,Completed,Transfer Out via ATM,1,Worcester,USD,0
1676,872,2026-07-23 23:20:50,Transfer In,5948.85,27928.75,ATM,,798,Completed,Transfer In via POS,0,Jacksonville,USD,10
1677,634,2026-07-04 05:32:29,Transfer Out,7048.21,207332.67,Mobile App,,302,Completed,Transfer Out via Mobile App,0,San Diego,USD,5
1678,693,2024-11-01 17:40:59,Deposit,624.83,112695.92,Branch,Entertainment,,Completed,Deposit via ATM,0,Spokane,USD,0
1679,285,2024-03-28 08:43:07,Bill Payment,1532.13,9554.18,Mobile App,Retail,,Completed,Bill Payment via Branch,0,Mesa,USD,0
1680,1143,2024-12-07 00:10:14,Interest Credit,4969.77,106893.47,POS,,,Completed,Interest Credit via Branch,0,San Antonio,USD,0
1681,124,2026-01-28 21:31:39,Transfer Out,7109.07,193853.6,Online,,542,Completed,Transfer Out via Online,0,Tucson,USD,5
1682,780,2025-08-17 18:03:49,Transfer Out,6516.24,130376.8,Branch,,928,Completed,Transfer Out via ATM,0,Naperville,USD,0
1683,570,2024-11-18 10:48:26,Bill Payment,1095.64,1626.21,Online,Retail,,Completed,Bill Payment via Branch,0,Cambridge,USD,0
1684,725,2026-07-27 01:42:56,Transfer Out,1361.41,191845.31,Mobile App,,660,Completed,Transfer Out via Mobile App,1,Mesa,USD,5
1685,437,2025-07-28 13:33:48,Fee,7181.87,182009.84,Online,,,Completed,Fee via Branch,0,Spokane,USD,10
1686,979,2025-01-31 06:44:15,Transfer Out,5282.32,220337.82,Branch,,1095,Completed,Transfer Out via ATM,0,Dallas,USD,0
1687,756,2026-04-22 13:13:28,Transfer Out,4843.93,25084.74,ATM,,1097,Completed,Transfer Out via Branch,0,Jacksonville,USD,2.5
1688,889,2024-06-30 08:38:59,Bill Payment,6997.21,91157.94,Online,Education,,Completed,Bill Payment via Mobile App,0,Los Angeles,USD,5
1689,434,2026-05-01 17:47:59,Withdrawal,5413.72,2477.87,Online,Retail,,Completed,Withdrawal via Branch,0,Austin,USD,1.5
1690,266,2024-08-27 01:12:05,Withdrawal,5307.97,79429.99,Mobile App,Retail,,Completed,Withdrawal via POS,0,New York City,USD,1.5
1691,708,2025-03-28 07:03:15,Transfer Out,491.78,255458.9,Online,,715,Completed,Transfer Out via Mobile App,0,Tacoma,USD,0
1692,567,2026-09-05 21:01:03,Bill Payment,3767.68,198111.65,Mobile App,Fuel,,Completed,Bill Payment via Mobile App,0,Worcester,USD,2.5
1693,661,2024-05-16 10:27:02,Transfer In,1791.95,144754.28,Mobile App,,517,Completed,Transfer In via Branch,0,Albany,USD,0
1694,678,2025-01-02 04:57:51,Interest Credit,5957.04,215315.84,Online,,,Completed,Interest Credit via ATM,0,Denver,USD,2.5
1695,348,2025-12-16 23:16:18,Fee,6816.08,152314.98,Online,,,Completed,Fee via Online,0,Cambridge,USD,2.5
1696,332,2026-09-12 07:47:19,Withdrawal,4995.26,64756.36,Mobile App,Fuel,,Failed,Withdrawal via POS,0,Buffalo,USD,0
1697,459,2024-09-22 03:55:43,Bill Payment,2718.66,112666.04,ATM,Groceries,,Completed,Bill Payment via ATM,0,Austin,USD,0
1698,580,2025-01-19 00:52:20,Deposit,4516.03,121083.82,Branch,Healthcare,,Completed,Deposit via POS,0,Miami,USD,10
1699,769,2026-07-20 06:12:51,Bill Payment,2673.01,72491.9,ATM,,,Completed,Bill Payment via Mobile App,0,San Francisco,USD,1.5
1700,122,2024-10-12 08:14:29,Transfer In,1130.19,205138.11,Branch,,815,Completed,Transfer In via ATM,0,Denver,USD,10
1701,387,2026-09-22 16:49:13,Transfer In,4172.63,234306.73,POS,,784,Completed,Transfer In via Branch,0,Boulder,USD,0
1702,588,2026-08-09 17:59:28,Deposit,7635.82,124012.34,Mobile App,Utilities,,Completed,Deposit via ATM,1,Miami,USD,0
1703,126,2025-10-11 08:43:54,Transfer In,2992.77,20751.35,Mobile App,,577,Completed,Transfer In via Mobile App,0,Rochester,USD,0
1704,408,2025-08-05 08:30:00,Deposit,3772.45,139555.27,Mobile App,Education,,Completed,Deposit via ATM,0,Jacksonville,USD,5
1705,995,2024-09-04 07:36:07,Bill Payment,5787.0,128651.73,Online,Retail,,Completed,Bill Payment via Branch,0,Tacoma,USD,10
1706,774,2026-06-14 11:11:11,Withdrawal,2792.01,159779.76,ATM,Healthcare,,Completed,Withdrawal via POS,0,Tacoma,USD,1.5
1707,414,2026-07-28 01:50:28,Withdrawal,5913.93,26264.21,ATM,Utilities,,Completed,Withdrawal via Branch,0,Savannah,USD,0
1708,482,2026-03-25 22:40:35,Bill Payment,4301.16,48340.86,Branch,Dining,,Completed,Bill Payment via ATM,0,Houston,USD,1.5
1709,1066,2024-10-27 09:29:25,Withdrawal,5974.96,119701.64,ATM,Groceries,,Completed,Withdrawal via Mobile App,0,Cambridge,USD,0
1710,790,2024-11-12 02:26:02,Transfer In,5739.82,163647.41,ATM,,656,Completed,Transfer In via Online,0,Mesa,USD,5
1711,322,2024-11-04 07:52:51,Deposit,7490.41,249306.13,Online,Retail,,Completed,Deposit via Online,0,Tucson,USD,10
1712,511,2025-12-17 22:58:50,Deposit,4667.14,112436.95,Branch,Groceries,,Completed,Deposit via Branch,0,San Diego,USD,0
1713,469,2024-02-25 17:23:48,Bill Payment,6200.99,130898.79,Branch,Healthcare,,Completed,Bill Payment via ATM,0,Rochester,USD,1.5
1714,1087,2025-07-19 10:30:52,Interest Credit,4476.92,232231.06,Online,,,Completed,Interest Credit via POS,1,Seattle,USD,2.5
1715,170,2024-08-07 13:41:48,Withdrawal,5803.2,150582.87,Mobile App,,,Completed,Withdrawal via Online,0,Boston,USD,1.5
1716,612,2026-02-07 18:42:07,Transfer In,6140.8,60423.22,Online,,296,Completed,Transfer In via ATM,1,Albany,USD,1.5
1717,320,2024-08-13 13:16:59,Interest Credit,7031.46,191202.44,Online,,,Completed,Interest Credit via Online,0,Los Angeles,USD,0
1718,1029,2026-08-17 03:04:58,Transfer Out,6097.93,198298.63,ATM,,710,Completed,Transfer Out via Mobile App,0,San Diego,USD,0
1719,868,2025-11-10 07:23:55,Transfer In,6071.37,234768.78,Mobile App,,704,Completed,Transfer In via ATM,0,Seattle,USD,0
1720,946,2024-01-19 00:51:35,Transfer In,5690.13,61224.13,Mobile App,,1015,Completed,Transfer In via Branch,0,Dallas,USD,0
1721,611,2025-06-17 02:09:00,Deposit,3901.18,31405.7,Mobile App,,,Completed,Deposit via Online,0,Spokane,USD,0
1722,1000,2025-11-15 21:15:43,Withdrawal,5182.54,184447.2,Mobile App,Education,,Completed,Withdrawal via Branch,0,Boston,USD,10
1723,1029,2024-05-01 17:42:39,Withdrawal,727.03,176174.45,Online,Healthcare,,Completed,Withdrawal via POS,1,Houston,USD,2.5
1724,735,2026-07-27 06:23:35,Bill Payment,882.94,93579.08,Online,Healthcare,,Completed,Bill Payment via Mobile App,0,Seattle,USD,0
1725,1159,2026-03-31 07:23:08,Withdrawal,7474.11,99658.52,Online,Travel,,Completed,Withdrawal via POS,0,Spokane,USD,0
1726,847,2026-07-06 21:54:46,Deposit,7252.57,52247.15,Branch,Travel,,Pending,Deposit via Branch,0,Savannah,USD,0
1727,1047,2024-05-21 19:18:34,Deposit,3162.44,15652.51,ATM,Retail,,Failed,Deposit via Mobile App,0,Phoenix,USD,1.5
1728,1143,2024-04-30 00:09:43,Bill Payment,5599.25,149890.28,Online,Retail,,Completed,Bill Payment via POS,0,Boulder,USD,5
1729,406,2025-01-02 14:58:00,Deposit,3401.74,13315.25,ATM,Travel,,Completed,Deposit via Online,0,Augusta,USD,0
1730,370,2025-07-01 21:14:09,Bill Payment,6510.56,108552.54,ATM,Utilities,,Completed,Bill Payment via ATM,0,Naperville,USD,5
1731,21,2024-04-02 04:38:23,Deposit,3126.67,195324.2,ATM,Utilities,,Completed,Deposit via Mobile App,0,San Francisco,USD,2.5
1732,709,2026-07-19 16:00:23,Withdrawal,3109.51,204486.61,ATM,Retail,,Completed,Withdrawal via Branch,0,Mesa,USD,0
1733,723,2024-10-07 06:57:03,Transfer In,2992.84,41544.74,Online,,593,Completed,Transfer In via ATM,0,Seattle,USD,0
1734,73,2024-06-05 02:32:01,Withdrawal,5957.22,51248.73,Branch,Fuel,,Completed,Withdrawal via POS,0,Phoenix,USD,1.5
1735,781,2024-12-28 00:32:33,Withdrawal,6351.46,177079.8,Branch,Dining,,Completed,Withdrawal via Mobile App,0,Boulder,USD,0
1736,27,2026-08-25 12:31:48,Interest Credit,6679.26,139491.21,Mobile App,,,Completed,Interest Credit via POS,0,Worcester,USD,0
1737,138,2024-10-05 19:14:03,Transfer Out,1602.97,184064.8,ATM,,132,Failed,Transfer Out via POS,0,Tucson,USD,10
1738,62,2026-06-13 11:14:50,Bill Payment,1676.74,109061.47,Online,Retail,,Completed,Bill Payment via POS,0,Rochester,USD,0
1739,505,2025-03-08 01:54:44,Deposit,7613.5,150356.27,Branch,Healthcare,,Completed,Deposit via Branch,1,Denver,USD,0
1740,355,2026-06-23 00:45:53,Bill Payment,4811.73,216141.98,Online,Groceries,,Completed,Bill Payment via Branch,0,Dallas,USD,0
1741,319,2026-03-06 21:58:15,Bill Payment,5918.42,219501.11,Online,Dining,,Completed,Bill Payment via Mobile App,0,Dallas,USD,2.5
1742,98,2024-09-16 05:48:34,Bill Payment,6627.52,12282.83,Online,Travel,,Completed,Bill Payment via ATM,0,Houston,USD,0
1743,816,2026-04-22 10:52:40,Withdrawal,2275.89,74532.8,Online,,,Completed,Withdrawal via Online,0,Boulder,USD,0
1744,1040,2025-10-11 04:27:39,Transfer In,1358.14,235616.93,ATM,,9,Completed,Transfer In via POS,0,Denver,USD,5
1745,550,2025-11-08 08:31:27,Transfer Out,1972.5,104950.92,Online,,174,Completed,Transfer Out via Online,0,Albany,USD,0
1746,793,2024-02-18 12:17:34,Deposit,4542.14,170015.81,Mobile App,Healthcare,,Completed,Deposit via ATM,0,New York City,USD,1.5
1747,1151,2025-05-11 05:24:55,Fee,4645.31,75683.68,Mobile App,,,Completed,Fee via Online,0,Spokane,USD,10
1748,984,2025-10-03 12:43:27,Bill Payment,7894.08,18127.95,Mobile App,Retail,,Completed,Bill Payment via POS,0,Tacoma,USD,2.5
1749,34,2024-06-12 06:33:45,Bill Payment,7653.14,183242.87,Online,Groceries,,Completed,Bill Payment via Online,0,Boston,USD,10
1750,1056,2025-10-08 19:24:17,Deposit,7568.99,180605.09,POS,,,Completed,Deposit via Online,1,Miami,USD,5
1751,32,2026-03-25 05:40:03,Interest Credit,4635.49,72611.57,ATM,,,Completed,Interest Credit via Mobile App,0,Spokane,USD,0
1752,840,2024-01-26 06:20:47,Deposit,4250.77,8896.1,Mobile App,Education,,Completed,Deposit via Branch,0,Tampa,USD,0
1753,1128,2025-06-11 23:29:18,Interest Credit,806.08,15473.16,ATM,,,Completed,Interest Credit via POS,0,Mesa,USD,5
1754,451,2026-03-06 00:56:41,Transfer In,7554.34,167479.43,Branch,,409,Completed,Transfer In via POS,0,Augusta,USD,2.5
1755,862,2026-05-23 13:28:29,Transfer In,3682.71,149777.97,Mobile App,,207,Completed,Transfer In via Online,0,Naperville,USD,0
1756,836,2026-03-29 17:09:42,Transfer In,276.57,100466.49,Online,,534,Completed,Transfer In via ATM,0,Los Angeles,USD,2.5
1757,555,2024-08-10 02:51:44,Interest Credit,7154.65,169296.24,Online,,,Failed,Interest Credit via ATM,0,Aurora,USD,5
1758,1094,2025-03-19 19:41:01,Deposit,6799.43,53634.44,ATM,Healthcare,,Failed,Deposit via Branch,0,Worcester,USD,0
1759,648,2025-03-28 01:26:59,Withdrawal,3965.23,232381.58,Mobile App,Education,,Completed,Withdrawal via POS,0,Los Angeles,USD,0
1760,602,2025-07-30 03:36:09,Withdrawal,6656.7,204314.97,Mobile App,,,Completed,Withdrawal via ATM,0,Sacramento,USD,0
1761,924,2025-02-03 12:06:19,Withdrawal,4054.21,65499.89,Online,Healthcare,,Completed,Withdrawal via Branch,0,Denver,USD,1.5
1762,500,2024-11-19 06:23:00,Fee,6027.13,58778.01,Online,,,Failed,Fee via POS,0,Dallas,USD,0
1763,220,2024-07-06 22:10:05,Transfer Out,2547.07,97026.33,ATM,,1179,Completed,Transfer Out via ATM,0,Los Angeles,USD,2.5
1764,602,2025-04-12 02:16:06,Deposit,5284.06,169543.47,Mobile App,Entertainment,,Completed,Deposit via ATM,0,San Diego,USD,0
1765,724,2024-04-21 06:03:07,Transfer Out,6879.25,149389.75,ATM,,30,Completed,Transfer Out via ATM,0,Spokane,USD,10
1766,75,2026-06-28 04:54:44,Bill Payment,1830.01,62688.46,Online,Dining,,Completed,Bill Payment via Mobile App,1,Augusta,USD,5
1767,75,2025-10-06 09:56:17,Interest Credit,3101.0,41313.49,Mobile App,,,Completed,Interest Credit via Online,0,Houston,USD,0
1768,635,2024-02-16 13:09:12,Deposit,1703.56,212343.82,Online,,,Completed,Deposit via Mobile App,0,Miami,USD,0
1769,1082,2026-01-31 15:58:39,Deposit,1576.44,40202.95,Mobile App,Travel,,Completed,Deposit via POS,0,Phoenix,USD,0
1770,370,2025-11-29 20:46:13,Withdrawal,3058.12,41713.16,ATM,Education,,Completed,Withdrawal via Online,0,Spokane,USD,0
1771,456,2026-03-24 15:51:08,Withdrawal,6937.64,210929.5,Online,Utilities,,Completed,Withdrawal via Mobile App,0,Boston,USD,10
1772,1011,2026-03-23 01:03:26,Deposit,1097.08,142800.0,ATM,Education,,Completed,Deposit via Branch,0,Buffalo,USD,10
1773,655,2026-07-19 13:32:24,Bill Payment,2162.18,129912.14,Mobile App,Healthcare,,Completed,Bill Payment via ATM,0,Los Angeles,USD,5
1774,897,2024-03-03 18:08:41,Transfer In,3859.99,67767.56,Online,,348,Completed,Transfer In via Branch,0,Tacoma,USD,10
1775,132,2026-07-14 17:11:39,Deposit,3241.98,218480.24,Online,,,Completed,Deposit via Online,0,Seattle,USD,2.5
1776,469,2025-01-01 18:03:50,Transfer In,6125.31,114171.44,Branch,,728,Completed,Transfer In via POS,0,Spokane,USD,0
1777,859,2025-10-09 18:41:45,Bill Payment,7585.38,251391.01,Mobile App,,,Completed,Bill Payment via Online,1,Dallas,USD,0
1778,645,2025-10-18 23:14:57,Bill Payment,3813.2,204284.77,Online,Travel,,Completed,Bill Payment via Online,0,Naperville,USD,5
1779,1013,2024-02-15 12:56:11,Interest Credit,5193.83,13794.56,Online,,,Completed,Interest Credit via POS,0,Miami,USD,0
1780,139,2024-01-26 06:23:55,Fee,1790.6,111686.49,Mobile App,,,Completed,Fee via Mobile App,0,Cambridge,USD,0
1781,510,2024-05-31 16:17:54,Interest Credit,2397.07,193332.96,Branch,,,Completed,Interest Credit via Branch,0,Buffalo,USD,0
1782,616,2026-05-04 14:55:57,Transfer Out,7086.47,71070.87,Branch,,284,Completed,Transfer Out via ATM,0,Tacoma,USD,10
1783,1087,2024-06-26 19:48:03,Interest Credit,5105.55,103436.27,Online,,,Completed,Interest Credit via Branch,0,Springfield,USD,0
1784,951,2024-05-07 18:25:13,Deposit,885.26,193829.56,Online,Education,,Completed,Deposit via POS,0,Augusta,USD,10
1785,514,2024-11-04 13:41:21,Transfer In,5788.1,247600.75,POS,,369,Completed,Transfer In via ATM,0,Atlanta,USD,1.5
1786,962,2024-11-15 03:34:36,Transfer Out,3553.98,106260.53,ATM,,380,Pending,Transfer Out via Branch,0,Buffalo,USD,0
1787,1172,2025-10-23 05:49:49,Interest Credit,726.76,206076.62,POS,,,Failed,Interest Credit via Branch,0,Los Angeles,USD,5
1788,380,2026-08-01 11:20:07,Withdrawal,5483.2,225295.85,ATM,Entertainment,,Completed,Withdrawal via Online,0,Springfield,USD,0
1789,1105,2024-04-29 16:12:22,Transfer Out,2549.79,230608.05,Mobile App,,1086,Completed,Transfer Out via ATM,0,Tampa,USD,2.5
1790,824,2024-01-27 10:00:13,Withdrawal,1628.19,130332.62,Online,Dining,,Completed,Withdrawal via Online,0,Los Angeles,USD,1.5
1791,915,2024-10-27 12:31:12,Transfer Out,6041.3,92395.85,ATM,,779,Completed,Transfer Out via POS,0,Cambridge,USD,0
1792,190,2026-08-23 17:22:53,Deposit,6236.79,13636.83,Online,Healthcare,,Completed,Deposit via Mobile App,0,Spokane,USD,5
1793,599,2025-11-21 21:57:45,Interest Credit,1686.56,112822.53,ATM,,,Completed,Interest Credit via POS,0,San Francisco,USD,0
1794,741,2024-05-03 04:06:19,Transfer Out,1420.86,101505.79,Mobile App,,593,Completed,Transfer Out via Mobile App,0,Boston,USD,0
1795,500,2026-07-05 15:15:58,Deposit,4435.1,8972.65,Online,Retail,,Completed,Deposit via Branch,0,Los Angeles,USD,0
1796,425,2026-01-31 12:54:17,Bill Payment,3244.78,10864.59,Mobile App,,,Completed,Bill Payment via Mobile App,0,Austin,USD,0
1797,888,2025-06-12 00:40:55,Bill Payment,1920.14,222913.28,Mobile App,Travel,,Completed,Bill Payment via ATM,0,Dallas,USD,5
1798,844,2025-09-18 06:59:39,Withdrawal,3005.89,255999.93,POS,Dining,,Completed,Withdrawal via Online,0,Seattle,USD,0
1799,595,2024-03-27 16:06:06,Bill Payment,4269.71,116873.28,Mobile App,Healthcare,,Completed,Bill Payment via Mobile App,0,Atlanta,USD,0
1800,214,2026-09-18 11:13:28,Transfer Out,4094.04,109871.25,ATM,,1080,Completed,Transfer Out via Mobile App,0,Sacramento,USD,0
1801,798,2026-06-25 14:47:24,Fee,2373.07,152878.11,Online,,,Completed,Fee via POS,0,Miami,USD,0
1802,778,2024-07-17 01:30:05,Fee,1077.11,79813.06,ATM,,,Completed,Fee via Mobile App,0,Naperville,USD,2.5
1803,964,2024-07-16 17:15:53,Fee,1770.69,214860.28,Mobile App,,,Completed,Fee via ATM,0,Springfield,USD,0
1804,434,2025-09-13 04:32:53,Bill Payment,4580.02,67712.11,Branch,Healthcare,,Completed,Bill Payment via Mobile App,0,Houston,USD,0
1805,951,2024-12-16 08:41:42,Bill Payment,4934.28,4282.29,Branch,Healthcare,,Completed,Bill Payment via Online,0,San Francisco,USD,5
1806,889,2024-06-02 20:47:32,Transfer In,2024.39,59304.06,Branch,,696,Completed,Transfer In via ATM,0,Austin,USD,1.5
1807,933,2026-02-13 00:20:37,Transfer Out,2537.73,190712.1,ATM,,524,Completed,Transfer Out via POS,0,Naperville,USD,0
1808,321,2024-06-24 15:47:51,Deposit,6265.11,249050.3,Mobile App,Education,,Completed,Deposit via Branch,0,Atlanta,USD,0
1809,227,2025-12-20 09:41:58,Fee,6984.15,141456.33,ATM,,,Completed,Fee via Mobile App,0,Albany,USD,2.5
1810,94,2025-08-22 17:32:54,Fee,6075.15,123033.34,Branch,,,Completed,Fee via Online,0,Houston,USD,0
1811,605,2024-07-05 02:44:14,Withdrawal,1980.28,93728.18,Mobile App,Dining,,Completed,Withdrawal via Online,0,Buffalo,USD,0
1812,1150,2025-12-25 19:14:38,Withdrawal,7682.46,10385.5,Mobile App,Entertainment,,Failed,Withdrawal via Branch,0,Boston,USD,2.5
1813,527,2026-05-04 05:35:57,Withdrawal,4674.34,38442.28,Mobile App,Entertainment,,Completed,Withdrawal via POS,0,Tampa,USD,0
1814,1071,2026-02-21 12:35:46,Transfer In,2041.01,73320.34,Online,,197,Completed,Transfer In via Branch,0,San Diego,USD,2.5
1815,42,2024-12-09 06:45:18,Withdrawal,462.52,243586.71,Online,Entertainment,,Completed,Withdrawal via ATM,0,San Francisco,USD,2.5
1816,242,2025-12-18 16:45:26,Transfer Out,7290.89,125915.37,ATM,,956,Completed,Transfer Out via Mobile App,0,Chicago,USD,10
1817,1173,2026-08-22 10:15:34,Bill Payment,4546.16,121576.37,Online,Utilities,,Completed,Bill Payment via ATM,0,Chicago,USD,2.5
1818,808,2024-12-17 13:03:55,Transfer Out,7117.87,237823.45,Online,,568,Completed,Transfer Out via Mobile App,0,Mesa,USD,1.5
1819,570,2026-06-10 11:09:19,Transfer Out,3241.87,113930.63,Branch,,11,Completed,Transfer Out via ATM,0,Mesa,USD,1.5
1820,213,2025-10-19 22:55:40,Deposit,4468.84,-1588.11,Online,Education,,Completed,Deposit via POS,0,Atlanta,USD,0
1821,1093,2024-07-31 18:46:25,Bill Payment,4687.11,-756.25,Branch,Entertainment,,Completed,Bill Payment via Online,0,San Francisco,USD,0
1822,811,2024-08-22 03:53:18,Transfer Out,5669.87,253259.65,Online,,990,Completed,Transfer Out via Mobile App,0,Naperville,USD,0
1823,445,2024-06-17 15:18:43,Bill Payment,793.68,102900.3,Online,Travel,,Completed,Bill Payment via Branch,0,Houston,USD,0
1824,693,2025-09-30 15:45:43,Withdrawal,3086.86,39063.79,Mobile App,Entertainment,,Failed,Withdrawal via Branch,0,Tampa,USD,0
1825,429,2026-02-08 07:35:11,Interest Credit,6104.17,91768.8,Online,,,Completed,Interest Credit via Mobile App,0,Atlanta,USD,0
1826,371,2025-03-17 19:24:19,Transfer Out,4473.04,228471.97,Branch,,959,Completed,Transfer Out via ATM,0,Denver,USD,1.5
1827,933,2025-11-28 21:53:07,Interest Credit,2182.32,126234.36,Mobile App,,,Completed,Interest Credit via Mobile App,0,San Diego,USD,5
1828,940,2024-07-08 17:22:25,Transfer Out,4827.22,213594.71,Online,,747,Completed,Transfer Out via POS,0,Phoenix,USD,0
1829,789,2025-06-05 04:01:58,Deposit,7436.06,200608.53,Branch,Travel,,Completed,Deposit via Branch,0,Boston,USD,0
1830,105,2025-08-29 16:59:19,Transfer In,5967.82,210313.79,Mobile App,,601,Completed,Transfer In via Online,0,Springfield,USD,0
1831,65,2024-01-02 10:06:42,Transfer In,5708.71,208940.61,Mobile App,,331,Completed,Transfer In via POS,0,Tucson,USD,0
1832,870,2024-12-28 20:43:17,Interest Credit,4611.51,24427.33,Branch,,,Completed,Interest Credit via Branch,0,Seattle,USD,0
1833,244,2025-04-17 17:37:02,Deposit,4306.54,113189.27,Online,Healthcare,,Completed,Deposit via Mobile App,1,San Antonio,USD,0
1834,789,2025-11-23 02:32:17,Withdrawal,3819.1,141894.78,ATM,Dining,,Failed,Withdrawal via POS,0,Albany,USD,10
1835,1152,2026-06-11 14:42:55,Transfer Out,6783.68,94162.25,Online,,1043,Completed,Transfer Out via POS,0,Boston,USD,0
1836,1086,2026-04-09 22:24:10,Withdrawal,5753.75,175475.46,Online,Healthcare,,Completed,Withdrawal via Online,0,Tampa,USD,0
1837,570,2026-02-19 07:04:46,Withdrawal,7194.11,30482.4,Branch,Travel,,Completed,Withdrawal via Mobile App,0,San Antonio,USD,5
1838,524,2024-08-13 01:13:12,Withdrawal,5681.34,68997.64,Branch,Utilities,,Completed,Withdrawal via Online,0,Phoenix,USD,2.5
1839,841,2024-08-14 04:24:48,Deposit,1911.34,11340.03,Online,Utilities,,Failed,Deposit via ATM,0,Denver,USD,0
1840,1197,2025-03-01 23:13:40,Transfer In,5925.97,190039.83,Online,,362,Completed,Transfer In via Online,0,Orlando,USD,1.5
1841,530,2025-05-21 06:16:20,Interest Credit,5690.9,148839.48,Mobile App,,,Completed,Interest Credit via Online,0,Mesa,USD,0
1842,842,2026-08-28 01:10:23,Transfer In,6592.96,257848.41,Online,,659,Failed,Transfer In via POS,0,Tucson,USD,0
1843,992,2025-04-13 14:28:49,Fee,7282.52,217950.99,Branch,,,Pending,Fee via Branch,0,Sacramento,USD,5
1844,1015,2024-04-01 10:54:51,Transfer In,4468.17,185255.42,ATM,,400,Completed,Transfer In via Mobile App,0,Tampa,USD,0
1845,527,2024-02-18 20:34:06,Deposit,7398.17,96779.41,Mobile App,Healthcare,,Completed,Deposit via ATM,0,Dallas,USD,5
1846,813,2026-09-01 04:06:08,Fee,3721.46,36686.78,Mobile App,,,Completed,Fee via ATM,1,Phoenix,USD,10
1847,211,2024-02-15 11:17:35,Transfer In,1707.86,428.9,Mobile App,,668,Completed,Transfer In via Branch,1,Tucson,USD,0
1848,1167,2024-07-06 01:30:15,Bill Payment,7334.61,53192.72,Online,Entertainment,,Completed,Bill Payment via Mobile App,0,New York City,USD,0
1849,898,2025-08-28 22:04:50,Deposit,5907.25,62602.57,ATM,Entertainment,,Completed,Deposit via Branch,0,Spokane,USD,1.5
1850,863,2026-02-25 08:04:22,Withdrawal,3862.53,107657.93,Mobile App,Healthcare,,Completed,Withdrawal via Mobile App,1,Boulder,USD,0
1851,92,2024-04-30 13:14:16,Bill Payment,3489.52,100384.61,Mobile App,Groceries,,Completed,Bill Payment via Online,0,Rochester,USD,5
1852,133,2025-05-19 15:43:16,Withdrawal,240.95,226162.1,Online,,,Completed,Withdrawal via Branch,0,Sacramento,USD,5
1853,787,2024-06-07 01:52:30,Transfer In,3250.53,73059.6,ATM,,662,Completed,Transfer In via Branch,0,San Antonio,USD,5
1854,1158,2026-05-01 19:59:36,Withdrawal,2682.85,245602.46,Online,Dining,,Completed,Withdrawal via ATM,0,Los Angeles,USD,2.5
1855,1135,2025-01-15 08:53:49,Fee,1921.88,251358.24,ATM,,,Completed,Fee via Branch,0,Tampa,USD,5
1856,909,2024-04-08 11:21:02,Fee,6058.88,237106.1,Online,,,Completed,Fee via Online,0,New York City,USD,5
1857,226,2025-05-05 09:49:33,Withdrawal,246.23,258140.67,Branch,Groceries,,Completed,Withdrawal via Mobile App,0,Albany,USD,2.5
1858,74,2024-06-04 15:48:55,Transfer Out,4255.16,73794.97,ATM,,547,Completed,Transfer Out via POS,0,Cambridge,USD,0
1859,652,2024-04-09 13:51:03,Transfer Out,4775.63,62585.4,Online,,818,Completed,Transfer Out via Branch,0,Atlanta,USD,0
1860,750,2025-10-05 12:23:49,Deposit,6403.71,226609.59,Online,,,Failed,Deposit via ATM,0,Miami,USD,10
1861,1067,2026-08-08 05:54:05,Withdrawal,2679.93,216799.07,ATM,Utilities,,Completed,Withdrawal via Online,0,Chicago,USD,2.5
1862,1086,2026-09-05 12:33:14,Bill Payment,5353.96,258319.19,Online,,,Completed,Bill Payment via Branch,1,Worcester,USD,0
1863,813,2024-08-09 19:36:16,Withdrawal,3016.77,36958.61,Mobile App,Healthcare,,Completed,Withdrawal via Online,0,Buffalo,USD,0
1864,536,2026-08-18 19:41:18,Fee,6191.37,8251.04,Mobile App,,,Completed,Fee via ATM,0,Aurora,USD,0
1865,344,2025-11-07 09:58:07,Transfer Out,3544.61,138233.95,ATM,,1144,Completed,Transfer Out via POS,0,Chicago,USD,0
1866,917,2025-09-22 20:32:18,Bill Payment,7587.47,172498.89,Mobile App,Education,,Completed,Bill Payment via ATM,0,Boston,USD,0
1867,999,2024-07-01 12:27:41,Bill Payment,4813.78,188690.99,Online,Groceries,,Completed,Bill Payment via POS,0,Los Angeles,USD,2.5
1868,1041,2024-03-30 11:04:14,Deposit,970.3,48458.63,Branch,Groceries,,Completed,Deposit via Online,1,San Antonio,USD,0
1869,695,2026-05-07 07:29:24,Withdrawal,7591.23,87413.86,Online,Travel,,Completed,Withdrawal via Mobile App,0,San Diego,USD,0
1870,217,2025-10-26 21:19:00,Bill Payment,7997.2,105664.22,Online,Utilities,,Completed,Bill Payment via ATM,0,Houston,USD,0
1871,596,2026-04-20 03:08:28,Fee,7702.52,215318.54,Mobile App,,,Completed,Fee via ATM,0,Atlanta,USD,0
1872,813,2025-03-09 20:56:08,Bill Payment,417.34,160936.23,Mobile App,Entertainment,,Completed,Bill Payment via Online,0,Spokane,USD,0
1873,353,2025-12-07 00:52:39,Withdrawal,6896.53,-1872.24,Branch,Dining,,Completed,Withdrawal via Online,0,Savannah,USD,5
1874,725,2024-09-18 14:44:17,Transfer In,7212.54,196861.28,Online,,246,Completed,Transfer In via POS,0,Orlando,USD,0
1875,585,2026-05-07 19:26:43,Interest Credit,4990.86,220533.54,Branch,,,Completed,Interest Credit via POS,0,Boston,USD,1.5
1876,206,2026-02-16 19:00:28,Withdrawal,2816.92,99032.24,Mobile App,Education,,Completed,Withdrawal via POS,0,Miami,USD,0
1877,261,2025-04-22 12:27:57,Fee,188.62,258997.97,POS,,,Completed,Fee via POS,0,Augusta,USD,1.5
1878,193,2024-11-19 15:55:02,Fee,3308.7,231861.31,Mobile App,,,Completed,Fee via Online,0,Spokane,USD,5
1879,243,2026-01-22 05:51:34,Transfer In,111.5,222073.02,Branch,,662,Completed,Transfer In via ATM,0,Savannah,USD,1.5
1880,572,2024-05-10 18:17:23,Fee,5404.25,122142.44,Online,,,Completed,Fee via POS,0,Rochester,USD,0
1881,888,2024-07-28 09:36:47,Transfer Out,2986.25,44578.34,Mobile App,,402,Completed,Transfer Out via Branch,1,Cambridge,USD,0
1882,285,2026-08-25 22:11:46,Withdrawal,4313.29,209224.53,Online,Utilities,,Completed,Withdrawal via Online,0,Orlando,USD,2.5
1883,695,2024-08-04 06:10:53,Transfer Out,3765.04,213152.04,Mobile App,,1149,Completed,Transfer Out via Branch,0,San Francisco,USD,0
1884,931,2025-11-20 11:16:45,Transfer In,5425.16,108169.63,Online,,55,Completed,Transfer In via ATM,0,Augusta,USD,1.5
1885,548,2024-06-01 11:03:27,Transfer In,6216.68,70724.11,POS,,438,Completed,Transfer In via Online,0,Houston,USD,0
1886,445,2026-08-08 09:06:26,Deposit,1910.48,214669.56,Online,Utilities,,Completed,Deposit via Mobile App,1,Sacramento,USD,5
1887,865,2026-07-06 19:16:50,Transfer Out,7677.82,121321.9,Online,,527,Completed,Transfer Out via ATM,0,Dallas,USD,0
1888,126,2025-05-22 08:11:50,Withdrawal,4412.68,63584.57,Mobile App,Education,,Completed,Withdrawal via Branch,0,Austin,USD,10
1889,961,2025-09-25 11:18:10,Bill Payment,6287.86,166819.74,ATM,Healthcare,,Failed,Bill Payment via Online,0,Spokane,USD,0
1890,463,2026-01-22 20:56:28,Interest Credit,1041.73,67083.56,Online,,,Completed,Interest Credit via Mobile App,0,Rochester,USD,10
1891,935,2024-10-18 10:52:06,Withdrawal,3569.98,10550.19,POS,Healthcare,,Completed,Withdrawal via POS,0,Atlanta,USD,0
1892,191,2026-09-22 03:27:21,Deposit,7404.94,78961.11,POS,Education,,Completed,Deposit via Mobile App,0,Tampa,USD,5
1893,1095,2024-12-11 09:56:01,Transfer In,6658.32,44202.65,Mobile App,,610,Completed,Transfer In via Online,0,Jacksonville,USD,2.5
1894,1031,2026-09-15 09:48:36,Bill Payment,2492.03,12666.16,Online,Fuel,,Completed,Bill Payment via Branch,0,Rochester,USD,2.5
1895,495,2026-05-06 08:21:25,Deposit,5113.56,257584.47,Mobile App,Dining,,Completed,Deposit via ATM,0,Mesa,USD,1.5
1896,843,2025-07-18 22:35:34,Bill Payment,3563.62,135638.87,Mobile App,Fuel,,Completed,Bill Payment via POS,0,Cambridge,USD,0
1897,849,2025-12-16 22:05:05,Bill Payment,632.04,225868.8,Branch,Travel,,Completed,Bill Payment via Online,1,New York City,USD,0
1898,236,2025-10-25 16:10:37,Bill Payment,2685.85,43304.13,POS,Fuel,,Completed,Bill Payment via ATM,0,Springfield,USD,10
1899,438,2025-11-14 22:58:41,Transfer In,4569.72,103069.43,ATM,,282,Completed,Transfer In via POS,0,Atlanta,USD,1.5
1900,1153,2026-05-08 12:17:08,Interest Credit,7023.48,175889.18,Online,,,Completed,Interest Credit via POS,0,Buffalo,USD,0
1901,42,2024-06-27 06:44:32,Deposit,5746.2,4089.23,ATM,Utilities,,Completed,Deposit via Branch,0,Worcester,USD,5
1902,119,2026-08-14 10:30:08,Withdrawal,2561.3,125971.98,Online,Healthcare,,Completed,Withdrawal via POS,0,San Diego,USD,5
1903,912,2025-02-08 05:12:56,Deposit,5579.8,171915.62,ATM,Groceries,,Completed,Deposit via Online,0,Mesa,USD,0
1904,559,2025-01-11 06:32:57,Deposit,1400.09,227661.35,Mobile App,Entertainment,,Completed,Deposit via Mobile App,0,New York City,USD,1.5
1905,1058,2026-03-30 09:51:31,Deposit,363.77,28121.36,ATM,Healthcare,,Completed,Deposit via Online,0,Orlando,USD,1.5
1906,422,2025-09-08 16:43:03,Bill Payment,1883.95,245471.27,Online,Travel,,Completed,Bill Payment via Mobile App,0,Orlando,USD,1.5
1907,267,2026-09-18 01:43:37,Withdrawal,6664.65,137392.5,Online,Healthcare,,Completed,Withdrawal via ATM,0,Phoenix,USD,0
1908,526,2024-07-29 15:23:37,Deposit,7300.13,162941.62,Mobile App,Utilities,,Completed,Deposit via POS,0,Worcester,USD,0
1909,1181,2025-10-16 18:39:39,Transfer Out,3853.55,259069.58,Online,,542,Completed,Transfer Out via Mobile App,0,Denver,USD,1.5
1910,972,2026-06-17 10:01:32,Deposit,6758.25,118379.43,Mobile App,Utilities,,Completed,Deposit via Branch,0,Cambridge,USD,0
1911,104,2024-08-29 18:12:30,Withdrawal,2789.38,99356.63,POS,Travel,,Completed,Withdrawal via Online,0,Savannah,USD,2.5
1912,1090,2026-06-14 07:04:18,Transfer In,5888.74,126280.5,Branch,,778,Completed,Transfer In via POS,0,Sacramento,USD,10
1913,361,2026-02-27 18:36:06,Transfer Out,1795.86,210663.37,Mobile App,,610,Completed,Transfer Out via Mobile App,0,Houston,USD,0
1914,776,2025-04-22 19:56:28,Deposit,4877.1,51607.71,Online,,,Failed,Deposit via ATM,0,Boston,USD,0
1915,904,2026-03-08 03:22:24,Withdrawal,5585.8,56416.87,Mobile App,Entertainment,,Completed,Withdrawal via Online,0,Tacoma,USD,5
1916,822,2024-03-07 12:51:29,Withdrawal,137.0,50623.09,ATM,Retail,,Completed,Withdrawal via ATM,0,Houston,USD,5
1917,531,2025-10-08 11:00:38,Deposit,4085.79,226226.9,Mobile App,Groceries,,Completed,Deposit via ATM,0,Savannah,USD,0
1918,976,2025-06-14 12:13:40,Bill Payment,7948.85,156340.23,Online,Travel,,Completed,Bill Payment via Branch,0,Spokane,USD,5
1919,903,2024-09-28 00:18:35,Transfer In,5577.3,92462.02,Online,,686,Completed,Transfer In via ATM,0,Rochester,USD,5
1920,197,2025-11-13 07:21:52,Withdrawal,5631.91,253175.92,Mobile App,Dining,,Completed,Withdrawal via Branch,0,Orlando,USD,0
1921,435,2025-05-05 19:01:33,Interest Credit,3131.8,147845.25,Online,,,Completed,Interest Credit via ATM,0,Jacksonville,USD,5
1922,1117,2024-04-14 07:58:31,Fee,2300.58,92243.01,Online,,,Completed,Fee via POS,1,Aurora,USD,1.5
1923,354,2024-08-23 20:12:39,Bill Payment,5170.95,187277.48,Online,Utilities,,Completed,Bill Payment via ATM,0,Savannah,USD,2.5
1924,1143,2025-04-29 14:17:48,Transfer Out,1245.33,92721.15,ATM,,755,Completed,Transfer Out via POS,0,San Francisco,USD,5
1925,400,2024-11-10 14:59:42,Deposit,5336.85,141297.75,Mobile App,Dining,,Completed,Deposit via Branch,0,Atlanta,USD,0
1926,1113,2026-05-05 01:23:57,Fee,4219.61,128437.48,Online,,,Completed,Fee via Online,0,Worcester,USD,1.5
1927,993,2026-08-05 21:04:48,Interest Credit,3287.26,172017.45,Mobile App,,,Completed,Interest Credit via Mobile App,0,Savannah,USD,2.5
1928,70,2026-02-09 15:01:15,Transfer In,1211.37,62292.06,Mobile App,,1065,Completed,Transfer In via ATM,1,Atlanta,USD,0
1929,1078,2025-10-13 21:28:27,Transfer Out,7477.37,80816.1,Mobile App,,984,Completed,Transfer Out via Online,0,Tacoma,USD,0
1930,25,2024-11-19 07:27:46,Withdrawal,89.25,145247.14,Online,Groceries,,Completed,Withdrawal via Mobile App,0,Denver,USD,1.5
1931,520,2024-01-14 12:35:55,Transfer In,639.64,114992.62,Mobile App,,435,Completed,Transfer In via Mobile App,0,Augusta,USD,1.5
1932,796,2025-10-20 16:06:45,Bill Payment,1941.68,59300.22,Mobile App,Travel,,Completed,Bill Payment via POS,0,Tampa,USD,0
1933,983,2024-08-07 07:29:20,Transfer Out,6885.65,205822.0,Mobile App,,320,Completed,Transfer Out via Branch,0,Houston,USD,2.5
1934,2,2025-01-19 14:18:18,Deposit,3881.96,141946.78,Online,Travel,,Completed,Deposit via Online,0,Albany,USD,0
1935,594,2025-02-04 11:45:40,Deposit,7266.73,64154.6,ATM,Groceries,,Completed,Deposit via POS,0,Cambridge,USD,0
1936,156,2024-02-27 05:12:51,Withdrawal,7596.06,116134.97,POS,Fuel,,Completed,Withdrawal via ATM,0,Spokane,USD,0
1937,1141,2026-02-21 23:25:25,Deposit,6012.25,253969.7,Branch,Fuel,,Completed,Deposit via Branch,0,Aurora,USD,2.5
1938,1074,2025-10-24 15:24:51,Transfer In,2399.01,234627.41,Mobile App,,710,Completed,Transfer In via Branch,0,Chicago,USD,1.5
1939,541,2024-08-16 18:43:22,Interest Credit,5783.57,242368.95,ATM,,,Completed,Interest Credit via POS,0,Tacoma,USD,10
1940,514,2026-04-06 12:22:27,Transfer In,3869.56,112910.12,ATM,,486,Completed,Transfer In via POS,0,Tucson,USD,10
1941,757,2025-04-17 13:54:31,Withdrawal,6519.49,19322.46,Online,,,Completed,Withdrawal via POS,0,Savannah,USD,10
1942,1102,2024-12-30 15:27:44,Fee,1771.43,189383.51,Mobile App,,,Completed,Fee via ATM,0,Spokane,USD,0
1943,655,2024-03-04 03:08:41,Withdrawal,5916.81,58290.06,Branch,Fuel,,Completed,Withdrawal via ATM,0,Houston,USD,0
1944,568,2025-12-30 00:52:40,Withdrawal,1483.31,30929.48,Mobile App,Retail,,Completed,Withdrawal via ATM,1,Miami,USD,0
1945,506,2026-02-28 04:08:36,Interest Credit,7282.63,200991.46,Mobile App,,,Completed,Interest Credit via Branch,0,Miami,USD,2.5
1946,968,2024-02-14 22:37:43,Withdrawal,7255.23,173683.08,ATM,,,Completed,Withdrawal via Branch,0,San Antonio,USD,5
1947,1,2024-11-13 18:48:23,Transfer Out,4483.32,163818.21,Online,,667,Completed,Transfer Out via Branch,0,Mesa,USD,0
1948,953,2025-07-21 12:57:02,Fee,3402.26,10419.35,Mobile App,,,Completed,Fee via POS,0,Boulder,USD,0
1949,896,2026-03-08 16:24:23,Fee,3298.26,147135.37,Mobile App,,,Pending,Fee via POS,0,Tacoma,USD,0
1950,114,2026-07-23 21:50:17,Bill Payment,2342.23,171381.03,Online,Healthcare,,Completed,Bill Payment via Mobile App,0,San Francisco,USD,0
1951,36,2025-10-20 08:51:09,Interest Credit,4899.17,184195.61,Mobile App,,,Completed,Interest Credit via Online,0,Aurora,USD,0
1952,708,2025-01-02 13:13:14,Withdrawal,1904.63,160741.83,Mobile App,Healthcare,,Completed,Withdrawal via Mobile App,0,Houston,USD,10
1953,906,2025-03-03 06:18:28,Withdrawal,4674.51,41122.7,Mobile App,Fuel,,Completed,Withdrawal via ATM,0,Tucson,USD,0
1954,1037,2025-12-19 22:32:20,Bill Payment,2436.75,84284.68,Branch,Fuel,,Completed,Bill Payment via POS,0,Savannah,USD,0
1955,803,2024-03-12 21:02:38,Withdrawal,5015.11,112593.22,Branch,Dining,,Completed,Withdrawal via Online,0,Tucson,USD,0
1956,716,2025-07-19 02:15:20,Deposit,1523.11,105091.45,Online,Groceries,,Completed,Deposit via Branch,0,Spokane,USD,5
1957,1122,2026-07-05 11:24:32,Withdrawal,3601.97,214921.32,ATM,Groceries,,Completed,Withdrawal via POS,1,Tampa,USD,10
1958,1166,2024-12-07 12:52:31,Fee,4456.18,38765.15,Branch,,,Failed,Fee via POS,0,Austin,USD,0
1959,969,2025-03-03 09:48:29,Deposit,1934.46,178384.34,Online,Retail,,Completed,Deposit via POS,0,Orlando,USD,0
1960,836,2024-01-17 20:57:22,Transfer Out,5469.33,51497.42,Mobile App,,1028,Completed,Transfer Out via POS,1,Cambridge,USD,10
1961,332,2026-07-20 11:29:04,Deposit,3160.35,172677.61,ATM,Healthcare,,Completed,Deposit via Mobile App,0,Atlanta,USD,2.5
1962,920,2024-04-01 03:23:31,Bill Payment,5881.43,74139.99,Mobile App,Healthcare,,Completed,Bill Payment via Mobile App,0,New York City,USD,2.5
1963,25,2025-12-20 10:54:48,Withdrawal,1434.79,168558.44,Mobile App,Education,,Completed,Withdrawal via ATM,0,Spokane,USD,2.5
1964,1083,2025-08-14 05:45:55,Transfer In,1693.79,130008.88,Mobile App,,993,Completed,Transfer In via Branch,0,San Francisco,USD,0
1965,591,2024-07-30 02:19:33,Interest Credit,136.25,72999.69,Online,,,Completed,Interest Credit via Online,0,San Antonio,USD,5
1966,777,2024-11-16 09:33:47,Deposit,5370.58,198830.01,Mobile App,Retail,,Completed,Deposit via Online,0,Cambridge,USD,0
1967,474,2025-06-30 00:39:36,Bill Payment,138.08,113398.07,Mobile App,Entertainment,,Completed,Bill Payment via ATM,0,Seattle,USD,2.5
1968,1131,2024-12-23 00:53:33,Withdrawal,7591.96,151836.18,ATM,Education,,Completed,Withdrawal via Mobile App,0,San Diego,USD,5
1969,636,2024-07-03 11:49:58,Transfer Out,2465.47,84992.79,Online,,496,Completed,Transfer Out via POS,1,Tampa,USD,5
1970,433,2025-04-21 04:56:43,Transfer Out,3230.58,34707.43,ATM,,998,Completed,Transfer Out via POS,0,Dallas,USD,10
1971,79,2024-01-01 12:38:42,Transfer Out,1771.34,14930.82,Mobile App,,716,Completed,Transfer Out via Branch,0,Worcester,USD,5
1972,508,2024-05-16 19:31:42,Bill Payment,286.57,189163.37,Branch,Groceries,,Completed,Bill Payment via POS,0,Worcester,USD,10
1973,340,2024-09-10 02:43:43,Fee,840.4,684.34,Online,,,Completed,Fee via Mobile App,0,Boulder,USD,10
1974,432,2025-03-09 17:27:44,Deposit,6597.96,129284.31,ATM,,,Completed,Deposit via Mobile App,1,Dallas,USD,0
1975,37,2024-06-06 23:29:55,Withdrawal,5015.52,97488.7,ATM,Entertainment,,Completed,Withdrawal via ATM,0,Dallas,USD,5
1976,517,2024-01-15 21:05:55,Withdrawal,7420.2,258775.94,Online,Retail,,Completed,Withdrawal via Branch,0,Tampa,USD,5
1977,222,2025-09-13 12:05:33,Deposit,3222.47,116536.22,ATM,Education,,Completed,Deposit via POS,0,Denver,USD,1.5
1978,1001,2025-10-12 17:23:52,Withdrawal,301.81,163287.95,Online,Groceries,,Completed,Withdrawal via Mobile App,0,Tampa,USD,0
1979,184,2024-04-05 21:38:35,Bill Payment,6193.18,242403.2,ATM,Utilities,,Completed,Bill Payment via Mobile App,1,Austin,USD,1.5
1980,518,2025-12-28 12:08:56,Transfer In,7173.75,7665.67,Branch,,682,Completed,Transfer In via Online,0,Chicago,USD,1.5
1981,707,2024-03-30 15:01:07,Bill Payment,4004.3,155093.91,Mobile App,Dining,,Completed,Bill Payment via Online,0,Savannah,USD,1.5
1982,177,2024-11-02 20:47:05,Bill Payment,6715.04,216828.72,Mobile App,Utilities,,Completed,Bill Payment via POS,0,Boulder,USD,10
1983,878,2026-07-27 22:03:35,Deposit,4825.51,209689.29,Online,Education,,Completed,Deposit via Online,0,Seattle,USD,0
1984,974,2025-07-24 10:19:53,Bill Payment,24.43,71705.3,Mobile App,Fuel,,Completed,Bill Payment via Online,0,Springfield,USD,0
1985,349,2026-01-20 09:27:18,Transfer In,996.17,48115.81,ATM,,722,Completed,Transfer In via Mobile App,0,Miami,USD,0
1986,882,2025-03-05 03:16:31,Bill Payment,6649.82,137740.96,Mobile App,Travel,,Completed,Bill Payment via Online,0,Los Angeles,USD,2.5
1987,560,2026-08-02 17:47:58,Interest Credit,6966.51,162648.51,Mobile App,,,Completed,Interest Credit via Online,0,Boston,USD,0
1988,1046,2025-02-06 17:26:18,Fee,5179.61,135705.01,ATM,,,Completed,Fee via Branch,0,Buffalo,USD,5
1989,386,2025-06-14 21:59:31,Withdrawal,265.79,170022.69,Branch,Dining,,Completed,Withdrawal via ATM,0,Jacksonville,USD,0
1990,833,2025-10-07 23:19:18,Transfer In,3613.16,38518.56,Online,,500,Completed,Transfer In via Mobile App,0,Cambridge,USD,2.5
1991,1038,2025-02-09 04:06:55,Bill Payment,6880.05,164254.4,Branch,,,Completed,Bill Payment via Mobile App,0,Tucson,USD,1.5
1992,1196,2025-07-19 06:17:08,Bill Payment,7805.17,68343.41,Online,Entertainment,,Completed,Bill Payment via Branch,0,Atlanta,USD,10
1993,322,2025-06-06 04:09:41,Interest Credit,6634.88,194569.58,Online,,,Completed,Interest Credit via POS,1,Los Angeles,USD,2.5
1994,471,2024-08-03 04:31:00,Transfer In,3384.42,167295.77,Branch,,900,Completed,Transfer In via Branch,0,San Antonio,USD,0
1995,220,2024-06-13 15:26:59,Transfer In,4777.0,61751.34,ATM,,700,Completed,Transfer In via POS,0,Miami,USD,0
1996,654,2025-05-04 13:38:29,Bill Payment,5319.65,132167.81,ATM,Utilities,,Completed,Bill Payment via POS,0,Albany,USD,0
1997,868,2025-04-27 21:43:10,Deposit,471.28,226281.66,Branch,Utilities,,Completed,Deposit via POS,0,Savannah,USD,0
1998,148,2024-03-20 17:50:05,Deposit,2211.87,145602.36,Online,Travel,,Completed,Deposit via Mobile App,0,Austin,USD,2.5
1999,1188,2025-08-23 17:43:03,Bill Payment,176.8,201023.82,ATM,Retail,,Completed,Bill Payment via Branch,0,Augusta,USD,2.5
2000,123,2026-02-07 22:48:21,Withdrawal,307.8,105524.27,POS,Dining,,Completed,Withdrawal via Branch,0,Denver,USD,0
2001,297,2024-05-11 14:06:35,Interest Credit,7673.8,25448.54,Mobile App,,,Pending,Interest Credit via Branch,0,Cambridge,USD,0
2002,502,2025-10-12 17:31:33,Withdrawal,7643.97,15045.67,Online,Dining,,Completed,Withdrawal via Online,0,Denver,USD,0
2003,809,2025-11-04 14:24:15,Deposit,4922.95,14845.43,Online,Education,,Completed,Deposit via Online,0,Cambridge,USD,5
2004,857,2024-01-29 06:16:53,Interest Credit,401.69,137750.52,Online,,,Completed,Interest Credit via Mobile App,0,Albany,USD,0
2005,596,2026-08-15 05:24:46,Deposit,7630.78,256237.31,ATM,Fuel,,Completed,Deposit via Mobile App,0,Springfield,USD,0
2006,1185,2025-11-25 01:29:13,Deposit,4954.87,232139.02,ATM,,,Completed,Deposit via Online,0,Boston,USD,0
2007,815,2026-08-19 21:46:09,Bill Payment,3861.59,256056.26,Mobile App,Dining,,Completed,Bill Payment via POS,0,Phoenix,USD,0
2008,130,2025-06-17 16:41:42,Withdrawal,3697.46,28707.51,Branch,Education,,Completed,Withdrawal via POS,0,Orlando,USD,0
2009,277,2025-04-19 04:53:46,Transfer Out,5366.62,250586.58,Branch,,358,Completed,Transfer Out via Online,0,Jacksonville,USD,1.5
2010,1003,2025-06-27 14:34:24,Bill Payment,2945.79,165911.58,Online,Travel,,Completed,Bill Payment via Online,0,Springfield,USD,10
2011,1119,2024-12-17 17:05:20,Deposit,3807.04,43509.3,POS,,,Completed,Deposit via Branch,0,Aurora,USD,0
2012,980,2026-04-18 23:29:24,Fee,2879.01,165293.58,Online,,,Completed,Fee via Online,0,Denver,USD,2.5
2013,80,2026-07-23 02:20:19,Deposit,5934.76,251958.25,Online,Fuel,,Completed,Deposit via Branch,0,Buffalo,USD,0
2014,160,2026-07-27 19:45:25,Bill Payment,6128.25,183132.7,ATM,,,Completed,Bill Payment via Branch,0,Savannah,USD,5
2015,1190,2025-11-14 13:37:48,Transfer In,152.0,19849.78,Online,,100,Completed,Transfer In via POS,0,Orlando,USD,2.5
2016,381,2026-06-17 07:24:58,Deposit,7487.88,256388.95,Mobile App,Dining,,Completed,Deposit via POS,0,Augusta,USD,1.5
2017,268,2025-11-27 21:17:18,Bill Payment,3191.87,58548.93,Online,Travel,,Completed,Bill Payment via POS,1,Miami,USD,0
2018,16,2024-11-04 03:35:47,Deposit,690.29,29721.89,Mobile App,Fuel,,Completed,Deposit via Mobile App,1,Chicago,USD,0
2019,685,2024-04-25 01:22:53,Bill Payment,4831.77,92838.39,Online,,,Completed,Bill Payment via ATM,0,Tacoma,USD,5
2020,904,2024-04-01 12:17:27,Bill Payment,1865.84,39212.0,Online,Healthcare,,Completed,Bill Payment via POS,0,Mesa,USD,5
2021,489,2026-02-07 10:09:47,Withdrawal,2113.54,168865.96,ATM,Travel,,Completed,Withdrawal via POS,0,Augusta,USD,10
2022,201,2024-11-24 03:47:34,Deposit,3316.63,3685.95,Branch,Retail,,Completed,Deposit via Branch,0,Phoenix,USD,10
2023,909,2024-07-06 23:59:03,Withdrawal,5316.02,9487.35,Online,,,Completed,Withdrawal via Branch,0,Denver,USD,10
2024,713,2026-08-09 21:43:37,Deposit,7880.31,136053.94,Mobile App,Healthcare,,Completed,Deposit via POS,0,San Antonio,USD,5
2025,1135,2025-11-01 18:27:44,Fee,793.58,252350.78,Branch,,,Failed,Fee via ATM,0,Albany,USD,1.5
2026,238,2026-02-23 01:35:40,Deposit,5615.24,79679.53,Online,Education,,Completed,Deposit via Mobile App,0,Houston,USD,0
2027,909,2025-09-27 15:50:52,Deposit,5929.87,22210.93,Mobile App,Entertainment,,Completed,Deposit via Mobile App,0,Spokane,USD,1.5
2028,651,2024-06-30 07:48:54,Bill Payment,4344.28,191952.51,ATM,Fuel,,Completed,Bill Payment via ATM,0,Austin,USD,10
2029,826,2024-05-04 10:33:21,Fee,719.24,5578.91,ATM,,,Completed,Fee via ATM,0,New York City,USD,10
2030,437,2024-02-15 14:08:37,Transfer Out,6857.4,163443.96,Online,,1070,Completed,Transfer Out via ATM,1,Spokane,USD,10
2031,780,2024-04-30 19:25:21,Withdrawal,6709.46,1200.43,ATM,Entertainment,,Completed,Withdrawal via Online,0,New York City,USD,5
2032,118,2024-03-10 02:44:59,Bill Payment,6985.82,212815.06,ATM,Education,,Completed,Bill Payment via ATM,0,Springfield,USD,0
2033,556,2026-04-20 11:32:01,Bill Payment,1384.36,217088.57,Branch,Utilities,,Pending,Bill Payment via Online,0,Boston,USD,5
2034,296,2026-02-12 01:07:01,Withdrawal,6024.39,31255.53,POS,Dining,,Completed,Withdrawal via Mobile App,0,Naperville,USD,0
2035,151,2025-04-30 07:37:01,Bill Payment,3384.72,66568.42,ATM,Education,,Completed,Bill Payment via POS,0,Dallas,USD,2.5
2036,305,2025-01-12 09:06:42,Withdrawal,7355.2,100418.55,ATM,Retail,,Completed,Withdrawal via Mobile App,0,Chicago,USD,2.5
2037,386,2026-09-18 04:49:21,Bill Payment,1872.8,195040.51,Branch,Retail,,Completed,Bill Payment via ATM,0,Spokane,USD,1.5
2038,212,2025-07-15 21:56:33,Deposit,7053.8,254864.73,Mobile App,Fuel,,Completed,Deposit via Branch,0,Naperville,USD,5
2039,496,2025-03-31 04:22:58,Transfer Out,6056.53,245977.53,Online,,25,Completed,Transfer Out via ATM,0,Cambridge,USD,2.5
2040,928,2026-07-08 19:37:11,Bill Payment,432.84,207790.79,Online,Education,,Pending,Bill Payment via Online,0,Spokane,USD,1.5
2041,581,2025-04-23 23:28:24,Transfer In,6703.32,60386.9,Mobile App,,493,Completed,Transfer In via POS,0,Cambridge,USD,10
2042,71,2025-12-10 13:04:05,Deposit,3415.44,38934.02,POS,Healthcare,,Completed,Deposit via ATM,0,Mesa,USD,2.5
2043,100,2024-01-02 04:31:03,Withdrawal,37.76,54137.88,ATM,,,Completed,Withdrawal via ATM,0,Boston,USD,10
2044,551,2025-02-24 00:33:21,Bill Payment,5903.32,42317.82,ATM,Healthcare,,Completed,Bill Payment via Online,0,Atlanta,USD,10
2045,1169,2025-07-14 03:21:25,Deposit,544.03,115091.1,ATM,Entertainment,,Completed,Deposit via ATM,0,Orlando,USD,0
2046,590,2025-01-29 20:26:47,Deposit,7519.56,21680.96,Branch,Utilities,,Completed,Deposit via Mobile App,0,Denver,USD,0
2047,1046,2024-11-04 13:38:34,Interest Credit,7975.17,193223.46,ATM,,,Completed,Interest Credit via Branch,0,San Antonio,USD,0
2048,242,2025-10-26 01:12:44,Transfer In,4662.63,228087.61,ATM,,286,Completed,Transfer In via Branch,0,Austin,USD,0
2049,675,2025-03-10 09:18:36,Withdrawal,3989.46,-1395.0,Mobile App,Healthcare,,Completed,Withdrawal via POS,0,Cambridge,USD,0
2050,870,2025-02-04 02:41:05,Deposit,3686.65,248989.04,Branch,Utilities,,Completed,Deposit via Branch,0,Denver,USD,0
2051,295,2025-07-25 06:01:32,Withdrawal,5206.21,181278.87,Mobile App,Travel,,Completed,Withdrawal via ATM,0,Seattle,USD,0
2052,25,2025-08-14 21:35:32,Transfer Out,1485.16,153606.67,Mobile App,,900,Completed,Transfer Out via Online,0,Tucson,USD,0
2053,589,2026-07-10 12:15:09,Deposit,408.06,259050.22,ATM,Healthcare,,Failed,Deposit via Online,0,Los Angeles,USD,2.5
2054,736,2026-06-02 01:03:12,Bill Payment,5914.83,126824.46,Online,Education,,Failed,Bill Payment via POS,0,Naperville,USD,0
2055,1001,2024-03-29 20:22:19,Withdrawal,4681.84,37028.08,Online,Fuel,,Completed,Withdrawal via Mobile App,1,Houston,USD,0
2056,1194,2026-03-25 13:59:57,Deposit,1918.63,24718.09,Mobile App,Utilities,,Completed,Deposit via Branch,0,San Francisco,USD,10
2057,673,2025-01-19 21:15:16,Deposit,7564.59,44667.46,Branch,Groceries,,Pending,Deposit via Online,1,Naperville,USD,0
2058,350,2024-12-12 20:43:36,Withdrawal,6583.09,45516.29,Mobile App,Dining,,Completed,Withdrawal via POS,0,Jacksonville,USD,2.5
2059,972,2025-11-20 05:52:44,Deposit,6146.25,77754.49,Online,,,Completed,Deposit via Branch,0,Aurora,USD,2.5
2060,1151,2024-02-03 16:58:19,Fee,7670.52,51736.69,Online,,,Completed,Fee via ATM,0,Rochester,USD,0
2061,770,2026-05-06 04:26:36,Bill Payment,4129.34,258824.6,Online,,,Completed,Bill Payment via Online,0,Tampa,USD,0
2062,920,2024-02-02 23:02:40,Fee,2416.26,185164.73,Online,,,Completed,Fee via Branch,0,Miami,USD,10
2063,570,2025-02-09 21:25:23,Interest Credit,3504.18,191992.5,Branch,,,Completed,Interest Credit via Branch,0,Phoenix,USD,0
2064,513,2024-12-18 07:08:08,Transfer Out,3168.53,218686.27,Branch,,628,Completed,Transfer Out via Mobile App,0,Los Angeles,USD,0
2065,658,2025-11-28 15:12:16,Fee,7346.15,82340.28,Mobile App,,,Completed,Fee via Branch,0,Dallas,USD,0
2066,1047,2025-04-14 07:39:43,Deposit,4445.47,145938.5,Mobile App,Dining,,Completed,Deposit via Online,0,New York City,USD,1.5
2067,1008,2024-02-07 13:26:05,Transfer In,7802.41,249920.53,Online,,340,Completed,Transfer In via Branch,0,Savannah,USD,5
2068,604,2026-01-07 15:16:37,Deposit,7074.59,54687.59,ATM,Travel,,Completed,Deposit via Mobile App,0,Denver,USD,0
2069,823,2026-08-31 02:26:00,Withdrawal,7243.84,24165.73,Mobile App,Utilities,,Completed,Withdrawal via Mobile App,0,Dallas,USD,2.5
2070,691,2025-07-17 21:59:20,Bill Payment,209.37,126399.51,Mobile App,Travel,,Completed,Bill Payment via Online,0,Tampa,USD,10
2071,1010,2025-09-07 05:25:07,Transfer Out,7780.38,200776.74,Branch,,18,Completed,Transfer Out via Branch,0,Dallas,USD,0
2072,105,2026-08-18 23:02:48,Fee,2297.93,238919.95,Online,,,Completed,Fee via Branch,0,Boston,USD,0
2073,554,2025-03-16 11:55:12,Transfer In,5543.72,76221.2,Online,,261,Failed,Transfer In via Branch,0,Spokane,USD,0
2074,870,2024-04-19 16:33:47,Interest Credit,6676.65,148789.75,Online,,,Completed,Interest Credit via Branch,0,Phoenix,USD,0
2075,265,2025-09-25 17:16:26,Deposit,3605.12,235509.63,Mobile App,Dining,,Completed,Deposit via Online,0,San Francisco,USD,0
2076,643,2025-10-10 18:34:08,Bill Payment,5615.23,239143.01,Online,Groceries,,Completed,Bill Payment via Mobile App,0,Chicago,USD,1.5
2077,660,2024-05-17 01:53:00,Transfer In,7611.94,259711.22,Mobile App,,915,Completed,Transfer In via ATM,0,Phoenix,USD,1.5
2078,603,2025-11-25 13:17:06,Interest Credit,273.76,80423.69,ATM,,,Failed,Interest Credit via Online,0,Savannah,USD,2.5
2079,860,2024-08-10 07:04:20,Transfer In,7895.59,145761.85,ATM,,20,Completed,Transfer In via Mobile App,0,Spokane,USD,0
2080,73,2024-07-24 11:26:41,Interest Credit,197.17,56708.11,Branch,,,Completed,Interest Credit via Online,0,Atlanta,USD,0
2081,794,2025-11-24 07:58:09,Transfer Out,157.74,218840.82,Mobile App,,148,Completed,Transfer Out via Mobile App,0,Aurora,USD,1.5
2082,12,2025-08-15 09:03:20,Interest Credit,113.34,231038.51,ATM,,,Completed,Interest Credit via Mobile App,0,Atlanta,USD,1.5
2083,947,2025-12-18 13:52:03,Withdrawal,6336.52,189730.77,Online,Entertainment,,Completed,Withdrawal via Branch,0,San Francisco,USD,1.5
2084,1130,2024-06-27 21:18:22,Transfer Out,1140.04,101834.63,ATM,,578,Completed,Transfer Out via ATM,0,Miami,USD,0
2085,964,2024-12-15 01:33:39,Transfer Out,5909.14,256787.99,ATM,,183,Completed,Transfer Out via ATM,0,Augusta,USD,2.5
2086,363,2024-06-10 04:32:07,Bill Payment,2986.06,174859.73,Online,Education,,Completed,Bill Payment via ATM,0,Dallas,USD,2.5
2087,45,2024-06-09 18:43:18,Transfer In,6706.26,201281.24,Branch,,145,Completed,Transfer In via Online,0,Mesa,USD,5
2088,387,2025-02-16 16:45:43,Bill Payment,6666.05,161970.99,Mobile App,Utilities,,Completed,Bill Payment via Branch,0,San Antonio,USD,10
2089,824,2024-07-24 22:58:32,Transfer In,1301.48,250413.13,ATM,,630,Completed,Transfer In via Online,0,Worcester,USD,1.5
2090,749,2024-10-26 02:38:45,Bill Payment,5150.84,234471.68,ATM,,,Completed,Bill Payment via ATM,1,Tampa,USD,0
2091,1042,2026-09-12 11:21:28,Fee,543.15,21060.79,Mobile App,,,Completed,Fee via Mobile App,0,Springfield,USD,1.5
2092,1010,2026-05-01 14:50:57,Interest Credit,4767.6,184083.15,Mobile App,,,Completed,Interest Credit via Online,1,Austin,USD,1.5
2093,614,2025-09-04 20:28:49,Interest Credit,7276.36,148716.63,Branch,,,Completed,Interest Credit via POS,0,Augusta,USD,2.5
2094,1115,2026-07-03 07:59:14,Withdrawal,3244.39,38522.77,Mobile App,,,Completed,Withdrawal via POS,0,San Francisco,USD,10
2095,500,2025-09-11 12:33:41,Transfer In,5330.3,107532.26,Branch,,978,Completed,Transfer In via Branch,0,San Diego,USD,2.5
2096,509,2025-07-12 11:19:34,Withdrawal,1188.38,145480.54,Mobile App,Utilities,,Completed,Withdrawal via Mobile App,0,Phoenix,USD,1.5
2097,905,2025-07-22 18:38:47,Transfer In,3664.56,179880.39,Online,,871,Completed,Transfer In via POS,0,San Antonio,USD,0
2098,748,2024-11-30 17:28:53,Deposit,6709.64,87738.03,Mobile App,Dining,,Completed,Deposit via ATM,0,Denver,USD,0
2099,1088,2025-01-27 16:24:55,Bill Payment,3366.58,81462.43,ATM,Fuel,,Completed,Bill Payment via Mobile App,0,Orlando,USD,5
2100,994,2026-07-09 18:11:34,Deposit,2427.57,203695.42,Online,Entertainment,,Completed,Deposit via ATM,0,Atlanta,USD,10
2101,959,2025-02-17 02:52:14,Interest Credit,447.96,251946.99,POS,,,Completed,Interest Credit via ATM,0,Naperville,USD,1.5
2102,578,2025-03-09 18:07:36,Deposit,6646.64,179296.54,Mobile App,,,Completed,Deposit via Online,0,Augusta,USD,0
2103,1005,2024-10-24 22:33:38,Withdrawal,7252.1,68500.73,Branch,Education,,Completed,Withdrawal via Mobile App,0,Worcester,USD,0
2104,496,2024-11-25 17:55:20,Bill Payment,5520.34,-1155.29,Mobile App,Dining,,Completed,Bill Payment via POS,0,Orlando,USD,0
2105,921,2024-09-18 04:50:33,Deposit,7428.64,32254.15,Online,Fuel,,Completed,Deposit via Branch,0,Spokane,USD,10
2106,124,2026-06-18 07:47:01,Interest Credit,4444.8,257636.14,Mobile App,,,Completed,Interest Credit via Mobile App,0,San Francisco,USD,0
2107,840,2026-07-10 11:58:39,Interest Credit,6488.6,139560.22,Mobile App,,,Completed,Interest Credit via Mobile App,0,Seattle,USD,1.5
2108,1108,2026-01-13 20:07:16,Deposit,7236.23,250152.9,Mobile App,,,Completed,Deposit via Online,0,Mesa,USD,5
2109,211,2024-11-02 18:38:32,Transfer In,1795.35,226115.53,Online,,1016,Completed,Transfer In via Branch,0,Dallas,USD,5
2110,590,2024-09-13 21:11:37,Transfer Out,521.71,100072.89,Mobile App,,229,Completed,Transfer Out via Online,0,Mesa,USD,0
2111,703,2024-03-13 20:21:02,Transfer Out,2757.43,99707.65,ATM,,203,Completed,Transfer Out via Mobile App,0,Mesa,USD,0
2112,427,2026-06-13 21:28:02,Deposit,5360.78,135258.09,ATM,Groceries,,Completed,Deposit via Online,0,San Francisco,USD,0
2113,428,2025-09-02 18:18:20,Interest Credit,3845.2,58704.98,Mobile App,,,Completed,Interest Credit via Branch,0,Springfield,USD,1.5
2114,201,2025-01-29 17:32:28,Transfer Out,726.84,174258.03,Online,,777,Completed,Transfer Out via POS,0,Rochester,USD,1.5
2115,862,2026-07-15 03:31:43,Fee,320.21,15860.88,ATM,,,Completed,Fee via Mobile App,1,Dallas,USD,1.5
2116,891,2025-08-10 21:50:31,Fee,4723.04,23122.71,ATM,,,Completed,Fee via Branch,0,Sacramento,USD,2.5
2117,789,2026-01-21 11:24:46,Interest Credit,5441.41,167331.49,Branch,,,Completed,Interest Credit via Online,0,Orlando,USD,10
2118,732,2024-08-29 23:21:19,Fee,5409.11,229906.51,Branch,,,Completed,Fee via POS,0,Jacksonville,USD,10
2119,982,2025-12-05 06:37:11,Withdrawal,5024.33,12072.23,Branch,Healthcare,,Completed,Withdrawal via Branch,0,Mesa,USD,0
2120,163,2026-05-06 00:13:31,Interest Credit,4605.76,211273.55,Online,,,Completed,Interest Credit via Online,0,Albany,USD,5
2121,909,2024-10-02 05:40:22,Transfer Out,1169.79,175000.27,Mobile App,,626,Completed,Transfer Out via Mobile App,0,Tucson,USD,10
2122,493,2025-03-25 23:43:36,Bill Payment,7038.1,147181.64,Branch,Education,,Completed,Bill Payment via Branch,0,Cambridge,USD,10
2123,340,2024-08-13 23:05:27,Transfer In,3843.61,204574.6,Online,,1020,Completed,Transfer In via ATM,0,Phoenix,USD,5
2124,339,2026-05-29 03:44:11,Transfer Out,6930.27,80135.97,Mobile App,,781,Completed,Transfer Out via Online,0,Houston,USD,0
2125,289,2026-05-25 07:39:45,Deposit,166.4,182543.7,ATM,Utilities,,Completed,Deposit via POS,0,Springfield,USD,0
2126,509,2024-09-20 06:24:08,Transfer In,7907.09,108651.31,Online,,369,Completed,Transfer In via Online,0,Tampa,USD,2.5
2127,651,2025-06-08 18:32:57,Deposit,4661.61,52764.88,ATM,Healthcare,,Completed,Deposit via ATM,0,Boulder,USD,1.5
2128,757,2025-11-05 16:04:12,Withdrawal,6747.54,210904.47,Online,Utilities,,Completed,Withdrawal via ATM,1,Tucson,USD,1.5
2129,1162,2025-10-18 01:37:46,Deposit,7242.0,92178.67,POS,Fuel,,Completed,Deposit via Branch,0,Dallas,USD,10
2130,437,2025-07-14 05:37:42,Transfer In,1892.21,210556.64,Mobile App,,986,Completed,Transfer In via ATM,0,Naperville,USD,0
2131,848,2024-05-25 19:29:11,Deposit,6617.55,159544.1,ATM,Education,,Completed,Deposit via Online,0,Los Angeles,USD,5
2132,159,2024-02-17 15:34:11,Withdrawal,3053.24,219776.68,Online,Entertainment,,Completed,Withdrawal via ATM,0,Spokane,USD,0
2133,555,2024-11-23 12:45:32,Withdrawal,4342.17,216649.34,Mobile App,Groceries,,Completed,Withdrawal via POS,0,San Francisco,USD,0
2134,621,2025-02-23 06:54:41,Withdrawal,667.83,193546.32,Mobile App,Healthcare,,Completed,Withdrawal via POS,1,Worcester,USD,0
2135,310,2025-08-27 05:28:08,Transfer In,4805.4,207295.44,Mobile App,,391,Completed,Transfer In via Mobile App,1,Cambridge,USD,5
2136,102,2025-04-21 01:46:32,Fee,2057.06,129635.36,Mobile App,,,Completed,Fee via Online,0,Los Angeles,USD,1.5
2137,347,2026-07-22 07:24:48,Deposit,3208.69,196365.91,Online,Entertainment,,Completed,Deposit via POS,0,San Antonio,USD,10
2138,692,2026-09-13 08:24:44,Fee,7039.08,191547.28,ATM,,,Completed,Fee via ATM,0,Seattle,USD,0
2139,784,2025-10-29 16:04:34,Deposit,7716.25,246179.57,Online,Groceries,,Completed,Deposit via Online,0,Denver,USD,0
2140,1141,2025-06-16 02:41:37,Deposit,3937.78,97931.1,POS,Education,,Completed,Deposit via Online,0,Naperville,USD,0
2141,613,2026-02-07 23:54:10,Fee,2235.55,33998.51,POS,,,Completed,Fee via Branch,0,Denver,USD,0
2142,1086,2025-06-05 08:09:52,Transfer Out,5601.32,14976.96,Mobile App,,90,Completed,Transfer Out via POS,0,Rochester,USD,5
2143,1045,2026-05-06 10:00:56,Withdrawal,4941.3,9266.1,ATM,Fuel,,Completed,Withdrawal via POS,0,San Antonio,USD,1.5
2144,307,2024-09-26 01:40:05,Fee,7415.63,114664.71,Online,,,Completed,Fee via Mobile App,0,San Diego,USD,5
2145,1096,2024-09-05 16:17:33,Deposit,2121.11,92306.19,Online,Retail,,Completed,Deposit via Branch,0,Tucson,USD,5
2146,842,2024-04-13 09:41:55,Bill Payment,5466.95,63912.74,Mobile App,Healthcare,,Completed,Bill Payment via Online,0,Denver,USD,5
2147,29,2024-01-08 23:02:36,Deposit,6654.54,89140.17,POS,Fuel,,Completed,Deposit via POS,0,Los Angeles,USD,10
2148,970,2026-06-11 10:16:01,Transfer Out,1436.26,253166.68,Online,,582,Completed,Transfer Out via POS,0,Mesa,USD,10
2149,94,2025-07-23 20:45:30,Transfer In,3907.39,156277.4,ATM,,190,Completed,Transfer In via POS,0,Seattle,USD,0
2150,531,2024-05-08 19:56:02,Withdrawal,7605.69,206434.25,ATM,,,Completed,Withdrawal via Branch,0,Denver,USD,0
2151,402,2025-11-20 21:20:44,Transfer In,6630.88,203708.16,ATM,,575,Completed,Transfer In via POS,0,San Diego,USD,2.5
2152,1197,2024-04-24 21:55:04,Bill Payment,6466.03,162549.12,Mobile App,Fuel,,Completed,Bill Payment via POS,1,San Francisco,USD,0
2153,362,2025-04-22 18:42:47,Bill Payment,1325.55,206970.49,ATM,Retail,,Completed,Bill Payment via ATM,0,San Diego,USD,0
2154,733,2024-02-13 06:21:38,Transfer In,5267.15,220674.48,Mobile App,,144,Completed,Transfer In via ATM,0,Boston,USD,0
2155,938,2024-11-22 04:04:33,Deposit,7212.72,160192.4,Mobile App,Healthcare,,Completed,Deposit via Online,0,Phoenix,USD,5
2156,158,2026-06-16 10:32:35,Transfer In,3309.73,104337.79,Mobile App,,1173,Completed,Transfer In via Mobile App,1,Miami,USD,5
2157,112,2025-06-01 12:50:21,Deposit,2881.16,132519.27,ATM,Retail,,Completed,Deposit via ATM,0,Rochester,USD,2.5
2158,566,2024-07-11 07:56:34,Withdrawal,6441.55,99449.11,Branch,Groceries,,Completed,Withdrawal via POS,0,Tucson,USD,0
2159,1145,2025-09-21 00:52:47,Transfer In,779.72,237669.11,Online,,1098,Completed,Transfer In via ATM,0,Sacramento,USD,0
2160,896,2026-02-21 19:12:23,Withdrawal,4321.6,73245.42,POS,Education,,Failed,Withdrawal via POS,0,San Francisco,USD,0
2161,567,2025-01-04 19:16:13,Transfer In,1805.04,217173.88,Mobile App,,642,Completed,Transfer In via POS,0,Denver,USD,0
2162,787,2025-04-16 16:08:15,Withdrawal,6898.31,121221.38,Online,Travel,,Completed,Withdrawal via Online,0,Sacramento,USD,2.5
2163,1136,2025-08-07 10:24:49,Bill Payment,466.19,1866.13,Online,Fuel,,Completed,Bill Payment via ATM,0,Tucson,USD,5
2164,539,2026-05-07 10:12:19,Withdrawal,7982.31,177634.78,Mobile App,Groceries,,Completed,Withdrawal via ATM,0,San Antonio,USD,2.5
2165,1006,2024-05-05 09:49:51,Withdrawal,3860.16,131080.99,ATM,Education,,Completed,Withdrawal via Mobile App,0,Augusta,USD,0
2166,1046,2024-08-31 22:40:46,Deposit,2607.4,114436.0,Branch,Groceries,,Completed,Deposit via ATM,0,New York City,USD,2.5
2167,150,2024-02-12 19:47:52,Withdrawal,2961.5,28671.38,Branch,Groceries,,Completed,Withdrawal via ATM,0,Phoenix,USD,10
2168,708,2024-10-04 13:57:12,Deposit,2894.74,255647.12,Online,Travel,,Completed,Deposit via POS,0,Austin,USD,0
2169,735,2025-03-07 23:19:08,Bill Payment,6574.64,31319.99,POS,Utilities,,Failed,Bill Payment via ATM,0,San Diego,USD,1.5
2170,766,2024-10-30 18:40:10,Deposit,3425.43,237520.28,Branch,,,Completed,Deposit via Branch,0,Buffalo,USD,5
2171,1151,2026-07-16 01:01:19,Transfer Out,7339.39,115395.25,Online,,544,Completed,Transfer Out via Branch,0,Buffalo,USD,2.5
2172,365,2024-05-28 02:02:18,Fee,4823.83,96374.15,ATM,,,Completed,Fee via Mobile App,0,Phoenix,USD,0
2173,305,2025-09-01 17:11:49,Withdrawal,6505.07,51339.44,Branch,Utilities,,Completed,Withdrawal via POS,0,Spokane,USD,0
2174,1163,2025-07-19 10:34:09,Withdrawal,3444.88,73237.12,ATM,,,Completed,Withdrawal via Mobile App,0,Miami,USD,0
2175,628,2026-04-01 07:33:00,Fee,7749.98,179561.73,Online,,,Completed,Fee via Online,1,San Antonio,USD,2.5
2176,65,2024-05-21 03:39:16,Bill Payment,4671.36,238030.47,Online,Utilities,,Completed,Bill Payment via ATM,0,Mesa,USD,5
2177,468,2026-01-05 19:43:51,Withdrawal,5391.94,31726.67,ATM,Groceries,,Completed,Withdrawal via Branch,0,Tampa,USD,0
2178,213,2024-12-21 01:26:20,Bill Payment,3095.75,82991.71,Online,Dining,,Completed,Bill Payment via Branch,0,Chicago,USD,0
2179,50,2024-05-16 02:06:17,Bill Payment,1965.05,238229.59,Mobile App,Education,,Completed,Bill Payment via Online,0,Denver,USD,0
2180,797,2024-04-24 13:39:34,Deposit,1285.74,122877.57,Online,Healthcare,,Completed,Deposit via Mobile App,0,Boulder,USD,0
2181,731,2026-01-02 08:54:30,Withdrawal,7964.54,136837.94,Mobile App,Travel,,Completed,Withdrawal via Branch,0,San Diego,USD,10
2182,61,2025-04-05 13:09:06,Deposit,6378.15,140005.95,Branch,,,Completed,Deposit via Mobile App,0,Aurora,USD,5
2183,284,2026-05-06 18:06:49,Deposit,4509.73,217947.79,Online,Retail,,Completed,Deposit via Branch,0,Houston,USD,5
2184,1116,2026-05-12 14:10:20,Interest Credit,3100.72,1608.17,Mobile App,,,Completed,Interest Credit via POS,0,Aurora,USD,0
2185,327,2025-06-11 16:58:46,Transfer In,380.36,94805.16,Online,,335,Completed,Transfer In via Online,0,San Francisco,USD,5
2186,1119,2025-08-16 17:10:43,Bill Payment,5422.53,33151.09,Online,,,Completed,Bill Payment via POS,0,Tucson,USD,10
2187,18,2024-07-08 22:24:53,Withdrawal,335.09,137167.21,Branch,Groceries,,Completed,Withdrawal via POS,0,Atlanta,USD,1.5
2188,528,2025-08-04 04:27:13,Fee,7888.7,142356.86,ATM,,,Completed,Fee via Online,0,Jacksonville,USD,0
2189,523,2025-09-18 17:57:44,Transfer In,6368.35,96812.43,Mobile App,,1105,Completed,Transfer In via Branch,0,Rochester,USD,0
2190,444,2026-04-17 21:41:21,Deposit,7966.62,108657.54,Online,Groceries,,Completed,Deposit via Online,0,Mesa,USD,1.5
2191,456,2026-08-19 21:57:08,Bill Payment,4251.98,256.93,Mobile App,Education,,Completed,Bill Payment via Branch,1,Tacoma,USD,0
2192,899,2025-07-08 06:23:44,Deposit,3349.05,136205.76,ATM,Education,,Pending,Deposit via ATM,0,Spokane,USD,10
2193,1107,2025-03-05 09:12:25,Interest Credit,791.95,163515.9,Online,,,Completed,Interest Credit via Online,0,San Antonio,USD,10
2194,693,2026-03-15 13:15:01,Withdrawal,1104.52,153680.51,Branch,Fuel,,Completed,Withdrawal via Branch,0,San Antonio,USD,10
2195,1116,2026-07-09 20:27:34,Deposit,1812.12,90186.52,Mobile App,Groceries,,Completed,Deposit via Mobile App,0,Aurora,USD,1.5
2196,29,2025-08-31 06:21:33,Interest Credit,3527.05,69851.34,Mobile App,,,Completed,Interest Credit via ATM,0,Tacoma,USD,10
2197,920,2026-07-31 11:50:01,Withdrawal,7764.34,28613.18,Online,Dining,,Completed,Withdrawal via Online,0,Tacoma,USD,0
2198,648,2024-09-17 13:39:45,Fee,5313.59,76783.02,Branch,,,Completed,Fee via Mobile App,0,Rochester,USD,0
2199,1173,2024-12-25 18:36:18,Transfer Out,7951.84,33440.95,Mobile App,,332,Completed,Transfer Out via Online,0,San Francisco,USD,0
2200,644,2024-10-24 17:57:02,Interest Credit,2081.98,57648.13,ATM,,,Completed,Interest Credit via Branch,0,Aurora,USD,0
2201,485,2024-09-15 20:32:51,Transfer Out,6428.86,172599.14,Online,,1099,Completed,Transfer Out via Branch,0,Chicago,USD,5
2202,1027,2024-11-22 14:26:15,Bill Payment,1497.79,232081.26,POS,Retail,,Completed,Bill Payment via Online,0,Denver,USD,1.5
2203,1136,2025-01-22 02:39:09,Deposit,7311.76,126540.48,Mobile App,Travel,,Completed,Deposit via POS,0,Buffalo,USD,10
2204,475,2024-03-25 11:20:48,Transfer Out,37.52,6241.11,Mobile App,,817,Completed,Transfer Out via Mobile App,0,Naperville,USD,5
2205,75,2024-08-10 09:02:21,Transfer Out,3474.35,156475.52,ATM,,584,Completed,Transfer Out via ATM,0,Dallas,USD,5
2206,804,2025-06-24 22:56:10,Withdrawal,5329.72,78933.28,Mobile App,Healthcare,,Failed,Withdrawal via Branch,0,Dallas,USD,10
2207,1063,2025-01-05 05:52:16,Fee,6834.42,32136.78,Mobile App,,,Completed,Fee via Online,0,Albany,USD,0
2208,645,2026-06-02 05:57:04,Deposit,5714.1,172286.07,Online,Healthcare,,Completed,Deposit via Mobile App,0,Miami,USD,0
2209,1023,2024-10-23 00:43:25,Bill Payment,1590.37,105856.56,Online,Utilities,,Completed,Bill Payment via Mobile App,0,Dallas,USD,0
2210,917,2024-07-02 04:48:03,Deposit,4260.05,194763.89,ATM,Retail,,Completed,Deposit via Mobile App,0,Chicago,USD,0
2211,301,2026-04-07 03:44:33,Withdrawal,7604.03,68670.43,ATM,Retail,,Completed,Withdrawal via Mobile App,0,Chicago,USD,0
2212,636,2024-06-06 06:08:54,Bill Payment,5172.65,86669.07,Mobile App,Retail,,Completed,Bill Payment via Online,0,Spokane,USD,0
2213,583,2025-10-31 09:46:05,Transfer In,3925.31,18837.36,POS,,540,Completed,Transfer In via POS,0,Atlanta,USD,0
2214,1126,2024-05-15 11:02:58,Transfer Out,3990.77,155070.48,Mobile App,,736,Completed,Transfer Out via Online,0,Rochester,USD,0
2215,534,2026-05-06 06:13:24,Bill Payment,5386.48,40876.49,Mobile App,Healthcare,,Completed,Bill Payment via Branch,0,Sacramento,USD,0
2216,818,2024-07-13 12:18:42,Interest Credit,2193.87,58519.89,Mobile App,,,Completed,Interest Credit via Branch,0,Denver,USD,10
2217,572,2025-04-01 14:30:07,Withdrawal,6197.43,57710.14,Mobile App,Travel,,Completed,Withdrawal via Online,0,Tucson,USD,5
2218,1022,2024-07-01 17:53:20,Bill Payment,5853.03,75272.98,Mobile App,Groceries,,Completed,Bill Payment via Mobile App,0,Boston,USD,1.5
2219,985,2025-02-09 18:20:36,Deposit,6943.48,53305.39,Mobile App,Education,,Completed,Deposit via ATM,0,Houston,USD,0
2220,66,2025-10-16 17:04:10,Transfer Out,3541.13,74390.61,ATM,,598,Completed,Transfer Out via POS,0,Houston,USD,5
2221,532,2024-01-19 16:17:57,Deposit,1033.77,109001.81,Online,Dining,,Failed,Deposit via Mobile App,1,Sacramento,USD,0
2222,583,2024-08-19 12:38:28,Transfer In,576.15,166532.57,Online,,702,Completed,Transfer In via ATM,0,Aurora,USD,1.5
2223,469,2025-03-25 20:39:26,Withdrawal,7903.8,89772.85,ATM,Retail,,Completed,Withdrawal via Branch,0,Chicago,USD,1.5
2224,115,2025-08-01 06:52:48,Bill Payment,3741.85,132697.46,ATM,Groceries,,Completed,Bill Payment via Branch,0,Jacksonville,USD,2.5
2225,599,2025-05-18 10:13:11,Withdrawal,7463.99,194373.73,Mobile App,Education,,Completed,Withdrawal via Online,0,Mesa,USD,0
2226,253,2025-11-22 18:14:36,Deposit,1312.49,206066.8,ATM,Utilities,,Completed,Deposit via Branch,0,Boulder,USD,0
2227,655,2026-03-10 09:27:43,Withdrawal,6146.5,130367.69,Branch,Education,,Completed,Withdrawal via Mobile App,0,Sacramento,USD,2.5
2228,58,2025-01-30 10:51:42,Transfer In,4975.62,165276.75,Mobile App,,41,Completed,Transfer In via Branch,0,Boston,USD,0
2229,523,2026-03-30 21:52:15,Bill Payment,6988.82,32060.5,Branch,Travel,,Completed,Bill Payment via Mobile App,0,Sacramento,USD,1.5
2230,1006,2026-04-09 12:47:06,Deposit,4109.83,113523.43,Mobile App,Travel,,Completed,Deposit via Online,0,Miami,USD,5
2231,400,2024-02-02 14:30:03,Withdrawal,6445.28,76741.94,Branch,Education,,Completed,Withdrawal via POS,0,Tampa,USD,2.5
2232,927,2026-02-28 21:16:58,Interest Credit,7122.91,38246.35,ATM,,,Completed,Interest Credit via POS,0,Worcester,USD,2.5
2233,215,2026-09-13 14:23:10,Withdrawal,5789.38,41478.1,Mobile App,Healthcare,,Completed,Withdrawal via POS,0,Denver,USD,0
2234,740,2025-10-11 19:44:54,Bill Payment,5877.92,249830.41,ATM,Travel,,Completed,Bill Payment via POS,1,Tampa,USD,0
2235,437,2025-12-10 08:01:07,Bill Payment,6539.17,232946.83,Mobile App,Healthcare,,Completed,Bill Payment via Mobile App,0,Tucson,USD,5
2236,739,2026-06-14 09:24:30,Transfer Out,1144.27,208064.05,Mobile App,,42,Completed,Transfer Out via POS,0,Atlanta,USD,10
2237,116,2025-07-21 22:37:29,Bill Payment,2811.52,244881.96,Branch,Dining,,Completed,Bill Payment via ATM,0,Worcester,USD,0
2238,196,2024-10-07 00:26:48,Transfer Out,27.36,230426.15,Mobile App,,442,Completed,Transfer Out via POS,0,Tucson,USD,0
2239,1020,2026-01-21 18:09:39,Withdrawal,6741.14,200973.47,ATM,Retail,,Completed,Withdrawal via POS,0,Miami,USD,0
2240,158,2026-08-15 08:16:28,Bill Payment,2786.57,197029.03,Branch,Entertainment,,Completed,Bill Payment via ATM,0,Phoenix,USD,0
2241,199,2024-06-01 16:25:54,Withdrawal,5209.8,169384.55,Branch,Entertainment,,Completed,Withdrawal via ATM,0,Augusta,USD,1.5
2242,647,2026-03-14 02:35:51,Interest Credit,4599.64,252717.31,Mobile App,,,Completed,Interest Credit via Online,0,Springfield,USD,0
2243,1177,2024-03-30 11:47:23,Interest Credit,5734.02,34970.01,Online,,,Failed,Interest Credit via ATM,0,Phoenix,USD,0
2244,848,2025-10-23 08:07:56,Transfer Out,49.29,13403.53,Mobile App,,911,Completed,Transfer Out via Branch,0,San Antonio,USD,0
2245,393,2025-05-01 07:42:10,Deposit,4252.37,32212.0,ATM,Fuel,,Completed,Deposit via ATM,0,Savannah,USD,5
2246,880,2026-06-06 11:45:38,Interest Credit,621.99,104943.7,Online,,,Completed,Interest Credit via Mobile App,0,Austin,USD,2.5
2247,112,2024-03-05 06:46:45,Bill Payment,1880.55,199399.59,ATM,Groceries,,Completed,Bill Payment via Online,0,Augusta,USD,1.5
2248,946,2024-09-19 23:15:18,Withdrawal,6754.04,93041.4,Online,Retail,,Completed,Withdrawal via Branch,0,Mesa,USD,10
2249,617,2026-09-18 13:26:15,Deposit,473.97,111503.81,Branch,Groceries,,Completed,Deposit via Branch,0,Sacramento,USD,1.5
2250,873,2024-10-28 11:51:11,Bill Payment,1490.62,182179.11,Online,Entertainment,,Completed,Bill Payment via ATM,0,Tacoma,USD,0
2251,948,2026-04-19 18:56:48,Withdrawal,6683.55,82358.15,Mobile App,Groceries,,Completed,Withdrawal via Branch,0,Los Angeles,USD,10
2252,1082,2024-02-28 07:52:58,Deposit,7128.25,37020.41,Branch,Retail,,Failed,Deposit via Mobile App,0,Sacramento,USD,10
2253,229,2024-08-15 22:10:44,Fee,408.6,102296.75,Online,,,Completed,Fee via Mobile App,0,Tucson,USD,0
2254,680,2026-03-03 08:25:55,Transfer Out,2157.21,118551.74,Mobile App,,245,Completed,Transfer Out via Mobile App,0,Cambridge,USD,0
2255,213,2026-04-13 01:05:53,Transfer Out,7830.14,114109.07,Online,,845,Completed,Transfer Out via ATM,0,Springfield,USD,5
2256,142,2026-08-03 08:30:44,Fee,1200.85,224058.82,Online,,,Completed,Fee via Mobile App,0,Seattle,USD,10
2257,927,2024-06-12 01:01:36,Fee,4315.57,235456.61,ATM,,,Completed,Fee via Mobile App,0,Boston,USD,5
2258,1102,2026-03-24 10:28:42,Bill Payment,7969.88,256466.37,Mobile App,Fuel,,Completed,Bill Payment via Branch,0,San Diego,USD,10
2259,133,2025-08-31 06:47:26,Fee,2062.46,211365.86,Online,,,Completed,Fee via ATM,0,Miami,USD,0
2260,788,2024-10-06 18:29:10,Transfer In,1215.34,15196.73,Branch,,180,Completed,Transfer In via POS,1,Springfield,USD,0
2261,1098,2025-01-25 01:28:55,Deposit,4280.01,195112.77,Online,Entertainment,,Failed,Deposit via ATM,0,Phoenix,USD,0
2262,861,2024-06-29 19:28:49,Bill Payment,452.21,173568.26,ATM,Entertainment,,Completed,Bill Payment via Branch,0,Savannah,USD,5
2263,483,2026-01-20 02:28:39,Transfer In,4311.78,28958.47,Mobile App,,457,Completed,Transfer In via Online,0,Houston,USD,0
2264,781,2025-12-29 08:57:11,Bill Payment,6427.62,70251.28,Online,Groceries,,Completed,Bill Payment via Mobile App,0,Naperville,USD,1.5
2265,123,2026-01-22 09:12:50,Bill Payment,5460.42,15006.46,ATM,Education,,Completed,Bill Payment via POS,0,Buffalo,USD,10
2266,1147,2026-01-27 06:12:07,Transfer Out,749.52,161029.48,Mobile App,,149,Completed,Transfer Out via POS,0,San Francisco,USD,5
2267,103,2024-07-17 13:44:14,Bill Payment,6615.79,17025.08,POS,Education,,Completed,Bill Payment via ATM,0,Cambridge,USD,5
2268,197,2024-05-13 05:01:50,Deposit,6075.12,216838.03,Branch,Dining,,Pending,Deposit via Mobile App,0,Mesa,USD,0
2269,1141,2026-09-19 00:40:40,Interest Credit,2741.58,133946.18,POS,,,Completed,Interest Credit via Online,1,Los Angeles,USD,1.5
2270,983,2025-09-14 08:40:13,Transfer In,5474.9,181836.19,ATM,,661,Pending,Transfer In via ATM,0,Miami,USD,0
2271,749,2024-08-21 07:20:01,Deposit,6292.08,22199.37,Branch,Retail,,Completed,Deposit via Mobile App,0,Buffalo,USD,1.5
2272,623,2024-05-16 00:28:12,Transfer Out,3748.63,167060.21,ATM,,541,Completed,Transfer Out via Online,0,Orlando,USD,0
2273,744,2024-05-14 04:09:21,Deposit,4582.85,625.84,Mobile App,Utilities,,Completed,Deposit via Branch,0,New York City,USD,0
2274,908,2025-02-04 11:16:58,Fee,3893.18,197065.28,ATM,,,Completed,Fee via Online,0,Albany,USD,5
2275,1037,2026-09-16 12:33:50,Deposit,4937.93,192245.47,Branch,Healthcare,,Completed,Deposit via Online,0,Rochester,USD,0
2276,494,2024-08-03 02:17:04,Transfer Out,38.45,80097.57,Mobile App,,248,Completed,Transfer Out via POS,0,Dallas,USD,2.5
2277,211,2026-05-26 01:25:05,Withdrawal,4367.61,255459.77,Mobile App,Healthcare,,Completed,Withdrawal via Branch,0,Los Angeles,USD,0
2278,1014,2024-08-17 06:17:49,Withdrawal,3705.45,211742.47,ATM,Dining,,Pending,Withdrawal via Branch,0,Jacksonville,USD,1.5
2279,297,2024-08-07 00:29:45,Deposit,1640.11,206992.34,Online,Healthcare,,Completed,Deposit via Mobile App,0,Cambridge,USD,0
2280,1130,2024-09-10 03:09:31,Deposit,1582.24,95931.89,ATM,Travel,,Completed,Deposit via Online,0,Aurora,USD,0
2281,625,2025-04-12 12:13:09,Bill Payment,1369.67,8916.79,Mobile App,Entertainment,,Completed,Bill Payment via POS,0,Savannah,USD,2.5
2282,1069,2024-03-08 14:02:56,Transfer In,1441.7,225230.2,Mobile App,,388,Completed,Transfer In via Mobile App,0,Albany,USD,2.5
2283,1038,2025-11-21 20:57:49,Interest Credit,5792.97,97698.7,Online,,,Completed,Interest Credit via POS,0,New York City,USD,5
2284,295,2025-10-30 23:41:05,Bill Payment,7496.96,252653.5,POS,Utilities,,Completed,Bill Payment via ATM,0,Savannah,USD,0
2285,278,2025-03-02 22:05:51,Transfer Out,3596.65,256909.75,Branch,,51,Completed,Transfer Out via ATM,0,Naperville,USD,10
2286,977,2025-03-31 09:09:35,Interest Credit,6058.17,221010.19,Online,,,Completed,Interest Credit via Mobile App,0,Denver,USD,0
2287,485,2026-07-19 22:46:37,Interest Credit,7900.86,152016.9,Online,,,Completed,Interest Credit via Online,0,Rochester,USD,0
2288,361,2024-01-11 16:26:02,Bill Payment,5239.46,255926.28,Mobile App,Travel,,Completed,Bill Payment via Online,0,Savannah,USD,0
2289,997,2026-05-04 04:35:00,Bill Payment,3114.42,85029.91,ATM,Entertainment,,Completed,Bill Payment via Mobile App,0,Albany,USD,0
2290,25,2024-05-21 17:03:04,Transfer Out,7014.79,203650.63,Mobile App,,421,Completed,Transfer Out via Online,0,New York City,USD,5
2291,250,2025-04-22 10:21:08,Withdrawal,459.76,144458.24,Mobile App,Utilities,,Completed,Withdrawal via Mobile App,0,Miami,USD,1.5
2292,697,2025-08-31 17:47:22,Deposit,7609.58,50316.43,Mobile App,Education,,Completed,Deposit via ATM,0,Aurora,USD,5
2293,31,2026-01-19 09:38:48,Withdrawal,1488.4,95793.36,Online,Education,,Completed,Withdrawal via ATM,0,Miami,USD,0
2294,738,2024-11-10 13:23:59,Withdrawal,2667.77,237183.88,Branch,Retail,,Completed,Withdrawal via POS,0,Seattle,USD,0
2295,288,2026-06-15 20:20:42,Withdrawal,1349.05,141130.2,Online,Education,,Completed,Withdrawal via ATM,0,Boulder,USD,5
2296,64,2024-02-26 13:15:10,Transfer Out,738.64,118622.13,Branch,,8,Completed,Transfer Out via Branch,0,San Francisco,USD,0
2297,848,2024-10-04 10:30:45,Transfer In,4063.21,255168.57,Mobile App,,684,Completed,Transfer In via Online,0,Denver,USD,0
2298,232,2025-01-04 10:54:47,Fee,1394.42,223027.38,Mobile App,,,Completed,Fee via Mobile App,0,Orlando,USD,0
2299,149,2024-02-25 22:30:38,Bill Payment,612.0,12363.27,Branch,Education,,Completed,Bill Payment via Online,0,San Diego,USD,10
2300,1168,2026-07-28 16:17:46,Interest Credit,2638.95,200096.08,Online,,,Completed,Interest Credit via Branch,0,San Antonio,USD,0
2301,135,2024-06-21 16:41:29,Bill Payment,6786.59,71169.66,ATM,Fuel,,Completed,Bill Payment via Branch,0,Albany,USD,5
2302,731,2024-08-18 08:50:54,Transfer Out,3528.92,-69.03,ATM,,794,Completed,Transfer Out via ATM,0,Denver,USD,0
2303,918,2025-08-03 13:23:10,Bill Payment,140.61,182251.67,Mobile App,Dining,,Completed,Bill Payment via Online,0,Austin,USD,0
2304,1092,2026-02-07 01:02:21,Withdrawal,6496.22,106600.32,ATM,Groceries,,Completed,Withdrawal via Mobile App,0,Tucson,USD,0
2305,812,2026-03-25 10:22:57,Deposit,7106.1,537.21,Branch,Utilities,,Completed,Deposit via ATM,0,Houston,USD,10
2306,371,2024-06-19 06:51:56,Bill Payment,520.16,225269.59,ATM,Retail,,Completed,Bill Payment via ATM,0,Phoenix,USD,0
2307,362,2024-01-29 23:38:49,Deposit,4527.65,230566.06,ATM,Education,,Completed,Deposit via ATM,0,Springfield,USD,5
2308,794,2024-09-27 07:28:35,Deposit,5637.61,7393.94,Online,Retail,,Completed,Deposit via Mobile App,0,Naperville,USD,2.5
2309,100,2026-07-05 01:32:09,Bill Payment,4573.41,-113.43,Mobile App,Education,,Completed,Bill Payment via Online,0,Orlando,USD,2.5
2310,56,2026-03-01 19:39:17,Deposit,3220.99,108357.79,Branch,Dining,,Completed,Deposit via Online,0,Springfield,USD,5
2311,245,2024-02-16 13:45:39,Transfer In,288.79,172372.11,Mobile App,,744,Failed,Transfer In via ATM,0,New York City,USD,0
2312,811,2025-06-23 02:28:53,Transfer In,445.61,74875.11,ATM,,307,Completed,Transfer In via Branch,0,Worcester,USD,5
2313,692,2025-04-02 12:51:29,Withdrawal,4509.9,206383.55,Branch,Travel,,Pending,Withdrawal via Online,0,Miami,USD,0
2314,208,2026-08-02 15:43:04,Transfer Out,6989.37,182073.55,ATM,,40,Completed,Transfer Out via ATM,0,Augusta,USD,10
2315,739,2026-03-08 22:56:21,Deposit,5708.38,134112.95,Online,Retail,,Completed,Deposit via Online,0,San Francisco,USD,0
2316,1183,2026-03-18 21:07:48,Withdrawal,5066.83,225218.86,Online,Healthcare,,Completed,Withdrawal via Online,0,Naperville,USD,0
2317,121,2026-03-06 13:39:16,Deposit,848.88,3569.21,Branch,,,Completed,Deposit via Mobile App,1,Dallas,USD,0
2318,832,2026-07-04 10:28:58,Bill Payment,6745.38,221130.65,Mobile App,Utilities,,Completed,Bill Payment via Online,0,Albany,USD,5
2319,946,2024-01-17 08:27:57,Transfer In,2837.78,71507.7,ATM,,43,Completed,Transfer In via Branch,0,Boulder,USD,1.5
2320,402,2025-03-29 07:27:02,Bill Payment,5392.58,109343.7,Mobile App,Healthcare,,Completed,Bill Payment via POS,0,Denver,USD,0
2321,21,2024-06-11 17:14:10,Deposit,32.95,254518.85,ATM,Education,,Completed,Deposit via Branch,0,Tacoma,USD,0
2322,583,2024-06-12 01:54:52,Transfer In,6017.88,64160.61,Mobile App,,182,Completed,Transfer In via Mobile App,0,Phoenix,USD,1.5
2323,691,2026-03-06 11:23:21,Withdrawal,6909.71,150082.64,Online,Healthcare,,Failed,Withdrawal via ATM,0,San Francisco,USD,5
2324,1194,2024-10-19 02:07:46,Withdrawal,3766.42,109278.03,Mobile App,Healthcare,,Completed,Withdrawal via Mobile App,0,Chicago,USD,0
2325,846,2026-05-29 07:37:44,Transfer Out,308.98,146159.11,Mobile App,,51,Completed,Transfer Out via ATM,0,San Antonio,USD,1.5
2326,882,2024-02-28 08:56:42,Bill Payment,3538.41,217042.22,Online,Dining,,Completed,Bill Payment via ATM,0,Cambridge,USD,0
2327,343,2026-03-23 16:41:36,Deposit,1362.55,235913.38,Branch,Healthcare,,Completed,Deposit via Branch,0,Austin,USD,10
2328,863,2025-12-21 18:25:47,Deposit,1497.74,235759.97,Branch,Groceries,,Completed,Deposit via Mobile App,0,San Diego,USD,0
2329,796,2026-07-03 11:01:18,Withdrawal,7822.57,7477.1,Mobile App,,,Completed,Withdrawal via Branch,0,Phoenix,USD,0
2330,419,2024-09-15 10:12:53,Withdrawal,6783.35,160030.5,Mobile App,Retail,,Completed,Withdrawal via POS,0,Cambridge,USD,2.5
2331,889,2026-05-31 07:57:32,Interest Credit,1097.26,13957.59,Mobile App,,,Completed,Interest Credit via Mobile App,0,Worcester,USD,10
2332,771,2025-04-06 15:28:31,Withdrawal,4442.26,98192.6,Branch,Healthcare,,Completed,Withdrawal via Online,1,Sacramento,USD,0
2333,627,2026-02-13 15:15:10,Withdrawal,7873.68,150051.47,ATM,,,Completed,Withdrawal via ATM,0,Albany,USD,5
2334,246,2024-04-11 09:17:26,Deposit,4170.13,198354.01,ATM,Healthcare,,Completed,Deposit via Branch,0,Tacoma,USD,0
2335,23,2026-07-04 12:13:48,Withdrawal,7510.95,197442.98,Branch,Education,,Completed,Withdrawal via POS,0,San Antonio,USD,0
2336,715,2025-10-02 21:48:34,Deposit,6850.72,200099.1,Mobile App,,,Completed,Deposit via Online,0,Cambridge,USD,10
2337,450,2025-11-20 14:26:40,Fee,5872.95,139812.1,Mobile App,,,Completed,Fee via POS,0,Dallas,USD,5
2338,973,2024-11-16 11:20:40,Transfer In,3217.77,180365.81,Mobile App,,292,Completed,Transfer In via ATM,0,Tacoma,USD,0
2339,1003,2024-09-16 22:18:03,Fee,4631.22,7171.0,Online,,,Completed,Fee via Online,0,Springfield,USD,0
2340,894,2024-04-15 15:49:06,Transfer Out,7906.73,231082.38,Branch,,239,Completed,Transfer Out via Mobile App,0,Seattle,USD,0
2341,239,2026-02-24 02:04:26,Bill Payment,7406.38,193218.95,Online,Healthcare,,Completed,Bill Payment via POS,0,Tucson,USD,0
2342,1154,2025-08-22 12:27:01,Withdrawal,5896.21,40985.0,Online,Travel,,Completed,Withdrawal via Online,1,Denver,USD,0
2343,391,2026-05-10 12:59:01,Bill Payment,5079.43,147595.48,POS,Utilities,,Completed,Bill Payment via Mobile App,0,Dallas,USD,1.5
2344,129,2026-07-12 19:23:30,Bill Payment,2468.99,231909.16,Online,Groceries,,Completed,Bill Payment via Branch,0,Boulder,USD,10
2345,788,2024-02-19 22:42:44,Bill Payment,4380.74,6749.05,Online,Retail,,Completed,Bill Payment via ATM,0,Mesa,USD,0
2346,328,2024-12-25 00:59:22,Bill Payment,1492.75,110073.12,Branch,Travel,,Completed,Bill Payment via Branch,0,San Diego,USD,0
2347,447,2025-06-24 12:58:40,Interest Credit,4206.63,66851.96,Branch,,,Completed,Interest Credit via Mobile App,0,Cambridge,USD,0
2348,848,2025-06-19 17:58:58,Deposit,873.68,118851.78,Mobile App,Entertainment,,Completed,Deposit via Mobile App,0,Tucson,USD,10
2349,469,2026-07-07 15:46:22,Bill Payment,2499.73,214101.94,Branch,Entertainment,,Completed,Bill Payment via Mobile App,0,Phoenix,USD,0
2350,132,2024-06-02 18:40:18,Bill Payment,6228.63,137853.5,Online,Education,,Completed,Bill Payment via Branch,0,San Francisco,USD,0
2351,1118,2025-11-07 06:47:29,Fee,4183.85,156357.62,Branch,,,Completed,Fee via ATM,0,Savannah,USD,10
2352,1039,2025-09-19 15:56:49,Bill Payment,7121.15,95862.85,Online,Retail,,Completed,Bill Payment via ATM,0,Chicago,USD,0
2353,1041,2024-12-04 19:11:11,Bill Payment,306.79,71701.04,Mobile App,Dining,,Completed,Bill Payment via Branch,0,Albany,USD,5
2354,135,2026-05-20 11:10:12,Transfer In,2102.11,6903.88,Mobile App,,774,Completed,Transfer In via Branch,0,Cambridge,USD,0
2355,161,2024-03-04 23:03:35,Withdrawal,1565.2,133265.2,ATM,Utilities,,Completed,Withdrawal via Branch,0,Miami,USD,0
2356,626,2024-06-04 05:46:39,Withdrawal,5201.22,201372.58,Online,Groceries,,Completed,Withdrawal via Branch,0,San Antonio,USD,0
2357,823,2025-08-20 14:23:26,Withdrawal,3302.29,46449.45,Online,,,Completed,Withdrawal via Mobile App,0,Dallas,USD,0
2358,479,2026-03-12 01:25:08,Interest Credit,3803.13,32451.23,Mobile App,,,Completed,Interest Credit via POS,0,Houston,USD,2.5
2359,708,2025-08-06 18:19:18,Fee,5275.0,46575.62,Mobile App,,,Completed,Fee via ATM,1,Austin,USD,0
2360,815,2025-11-17 17:11:37,Transfer In,3267.67,62019.97,Branch,,489,Completed,Transfer In via Mobile App,0,Tucson,USD,5
2361,28,2025-01-19 12:09:50,Deposit,3947.47,258453.74,Online,,,Completed,Deposit via Online,0,Houston,USD,0
2362,694,2026-01-26 17:35:27,Bill Payment,1989.21,107371.59,Online,Utilities,,Completed,Bill Payment via POS,0,Phoenix,USD,0
2363,1107,2024-10-08 04:24:51,Withdrawal,5075.45,244743.15,POS,Travel,,Completed,Withdrawal via Branch,1,Rochester,USD,10
2364,1059,2024-09-11 05:06:44,Deposit,3408.46,63481.03,Branch,Healthcare,,Completed,Deposit via Mobile App,0,Buffalo,USD,0
2365,358,2025-05-21 02:51:18,Deposit,1343.31,211325.53,Online,Entertainment,,Completed,Deposit via ATM,0,Albany,USD,0
2366,107,2026-01-08 00:26:47,Bill Payment,3113.48,5691.94,Mobile App,Education,,Completed,Bill Payment via Mobile App,0,Austin,USD,1.5
2367,159,2026-08-03 06:14:24,Fee,4493.07,258776.09,Branch,,,Completed,Fee via Branch,0,Miami,USD,5
2368,263,2025-04-29 11:55:27,Withdrawal,3574.25,84388.32,ATM,Education,,Completed,Withdrawal via POS,0,Cambridge,USD,0
2369,983,2025-09-17 22:43:10,Interest Credit,6424.86,32042.7,Online,,,Failed,Interest Credit via ATM,0,Miami,USD,2.5
2370,136,2025-03-26 11:12:09,Bill Payment,3264.07,223270.84,ATM,,,Completed,Bill Payment via Mobile App,0,Worcester,USD,1.5
2371,450,2026-02-06 21:10:16,Interest Credit,3324.59,242050.22,Branch,,,Completed,Interest Credit via Online,0,Austin,USD,1.5
2372,725,2024-03-17 03:45:23,Withdrawal,3857.41,185192.58,Mobile App,Fuel,,Completed,Withdrawal via Branch,0,Springfield,USD,2.5
2373,1035,2024-07-04 22:25:19,Withdrawal,594.32,236941.48,ATM,Education,,Completed,Withdrawal via POS,0,Albany,USD,0
2374,773,2024-05-09 17:32:16,Deposit,1048.56,82991.31,ATM,Entertainment,,Completed,Deposit via Mobile App,0,Sacramento,USD,0
2375,247,2024-03-26 18:44:18,Interest Credit,6497.04,43341.25,Branch,,,Failed,Interest Credit via POS,0,Houston,USD,5
2376,223,2024-02-17 01:14:51,Bill Payment,7700.46,186841.34,Branch,Fuel,,Completed,Bill Payment via Online,0,Boulder,USD,0
2377,623,2025-06-13 20:29:47,Withdrawal,2047.41,112505.34,Mobile App,Dining,,Completed,Withdrawal via ATM,0,Augusta,USD,2.5
2378,654,2026-08-22 01:52:40,Fee,126.36,106259.37,Mobile App,,,Completed,Fee via POS,0,Los Angeles,USD,10
2379,1029,2024-02-11 21:06:46,Withdrawal,6326.67,59546.67,Online,Utilities,,Completed,Withdrawal via Mobile App,0,Naperville,USD,0
2380,736,2025-11-26 11:53:13,Fee,532.34,244403.64,Online,,,Completed,Fee via Online,0,Aurora,USD,5
2381,435,2026-09-07 13:19:26,Transfer Out,4444.18,177597.33,Mobile App,,23,Completed,Transfer Out via ATM,0,Boston,USD,0
2382,691,2025-07-05 16:38:22,Interest Credit,3833.37,135123.18,Online,,,Failed,Interest Credit via Online,0,Boston,USD,0
2383,59,2026-03-16 17:27:56,Bill Payment,7425.22,104901.3,POS,Utilities,,Completed,Bill Payment via ATM,0,Miami,USD,0
2384,903,2026-01-11 06:16:58,Withdrawal,171.67,74840.12,Mobile App,Dining,,Completed,Withdrawal via Mobile App,0,Austin,USD,0
2385,601,2024-02-19 21:31:08,Withdrawal,6074.38,225103.92,POS,Retail,,Completed,Withdrawal via Online,0,Savannah,USD,1.5
2386,806,2026-07-03 11:57:17,Bill Payment,3079.12,68300.32,POS,Travel,,Completed,Bill Payment via Online,0,Aurora,USD,0
2387,636,2026-09-01 01:06:12,Transfer Out,4712.62,152157.02,Online,,892,Completed,Transfer Out via ATM,0,Spokane,USD,0
2388,591,2024-03-14 18:51:54,Deposit,5117.2,107787.46,Branch,Travel,,Completed,Deposit via Mobile App,0,Dallas,USD,0
2389,800,2026-05-03 08:20:35,Deposit,4512.23,225043.66,Online,Travel,,Completed,Deposit via Branch,0,Orlando,USD,0
2390,597,2026-05-11 05:28:15,Withdrawal,7550.31,177864.94,ATM,Utilities,,Completed,Withdrawal via Online,0,Phoenix,USD,0
2391,84,2025-04-28 18:16:59,Transfer In,2744.39,202790.16,Mobile App,,794,Completed,Transfer In via Branch,1,Sacramento,USD,5
2392,430,2025-11-23 04:46:14,Interest Credit,2790.92,224241.81,POS,,,Completed,Interest Credit via ATM,0,Savannah,USD,0
2393,108,2026-03-07 08:12:17,Withdrawal,1892.97,117323.12,POS,Fuel,,Pending,Withdrawal via POS,0,Miami,USD,0
2394,272,2026-07-19 16:00:57,Withdrawal,4813.81,55147.88,ATM,Fuel,,Completed,Withdrawal via Online,0,Phoenix,USD,0
2395,271,2025-08-20 01:37:29,Deposit,4840.31,67160.69,ATM,Healthcare,,Completed,Deposit via POS,0,Springfield,USD,1.5
2396,417,2024-12-17 19:36:05,Transfer Out,5895.44,96791.74,Online,,284,Completed,Transfer Out via Online,1,Jacksonville,USD,5
2397,793,2025-08-09 13:57:16,Transfer In,6133.43,109725.61,Online,,1067,Pending,Transfer In via Mobile App,0,Los Angeles,USD,10
2398,1062,2025-09-10 04:30:00,Transfer In,4520.94,256568.25,Branch,,162,Completed,Transfer In via Branch,0,San Diego,USD,1.5
2399,109,2024-09-08 07:34:20,Bill Payment,6320.68,120213.78,ATM,Entertainment,,Completed,Bill Payment via Branch,0,Springfield,USD,2.5
2400,309,2024-12-20 05:59:36,Transfer In,3298.66,155611.19,Branch,,125,Completed,Transfer In via Branch,0,Springfield,USD,0
2401,935,2025-08-19 23:33:01,Withdrawal,727.49,62370.28,ATM,,,Completed,Withdrawal via ATM,0,Albany,USD,0
2402,468,2026-01-03 17:57:25,Withdrawal,4187.94,157639.55,ATM,,,Completed,Withdrawal via POS,0,Savannah,USD,10
2403,984,2026-06-14 14:31:19,Transfer In,7125.72,91855.88,ATM,,962,Completed,Transfer In via POS,0,Rochester,USD,2.5
2404,807,2024-04-19 04:09:23,Interest Credit,3617.54,158332.93,POS,,,Pending,Interest Credit via Online,0,Boston,USD,0
2405,189,2024-04-11 19:40:14,Bill Payment,3836.22,15566.75,Online,Fuel,,Completed,Bill Payment via Mobile App,0,Aurora,USD,5
2406,144,2024-06-24 03:38:42,Transfer In,1863.3,198588.2,Online,,464,Completed,Transfer In via ATM,0,Miami,USD,0
2407,840,2026-06-22 12:07:46,Deposit,5480.29,133116.84,Branch,,,Completed,Deposit via Mobile App,0,Springfield,USD,10
2408,927,2026-08-01 10:56:17,Deposit,2505.85,75799.09,POS,Retail,,Completed,Deposit via Online,1,Tacoma,USD,1.5
2409,212,2026-01-16 22:35:38,Deposit,5223.78,42641.42,Mobile App,Retail,,Completed,Deposit via ATM,0,Aurora,USD,0
2410,522,2024-09-06 06:34:15,Fee,1312.34,397.77,ATM,,,Completed,Fee via Branch,0,Atlanta,USD,0
2411,790,2025-07-10 10:35:19,Withdrawal,2314.24,102639.35,Online,Healthcare,,Completed,Withdrawal via ATM,0,Austin,USD,0
2412,448,2024-06-30 10:11:01,Deposit,6286.15,32854.61,Branch,Healthcare,,Failed,Deposit via ATM,1,Tucson,USD,2.5
2413,1053,2024-01-22 10:06:21,Bill Payment,5563.05,119088.42,Online,Dining,,Pending,Bill Payment via ATM,0,Rochester,USD,10
2414,920,2026-05-05 10:34:36,Bill Payment,5827.2,192603.66,ATM,,,Completed,Bill Payment via Branch,0,Cambridge,USD,1.5
2415,317,2024-05-29 08:30:03,Deposit,4413.53,206689.36,Online,Entertainment,,Failed,Deposit via ATM,0,Rochester,USD,2.5
2416,109,2024-04-22 18:15:41,Bill Payment,2254.33,54017.1,Online,Groceries,,Completed,Bill Payment via Mobile App,0,Rochester,USD,5
2417,755,2024-06-24 19:05:11,Bill Payment,1699.54,94797.2,Mobile App,Retail,,Completed,Bill Payment via Mobile App,0,New York City,USD,0
2418,452,2025-11-08 18:27:17,Bill Payment,4335.44,117199.84,ATM,Retail,,Completed,Bill Payment via ATM,0,Boulder,USD,0
2419,1045,2025-11-14 17:29:46,Fee,920.62,76620.02,Branch,,,Completed,Fee via Branch,0,Chicago,USD,0
2420,703,2024-09-17 03:38:29,Transfer Out,7712.19,30847.44,POS,,881,Completed,Transfer Out via Mobile App,0,Los Angeles,USD,10
2421,1047,2026-05-27 07:29:10,Deposit,6070.1,72336.07,Mobile App,Education,,Completed,Deposit via ATM,0,Chicago,USD,0
2422,949,2025-01-16 17:38:36,Bill Payment,4949.41,225794.12,Branch,Education,,Completed,Bill Payment via POS,0,New York City,USD,1.5
2423,107,2026-08-14 04:44:49,Bill Payment,5374.6,199436.71,Online,Healthcare,,Completed,Bill Payment via Branch,0,San Francisco,USD,5
2424,223,2026-06-25 22:53:52,Deposit,7574.62,200080.56,Online,Healthcare,,Completed,Deposit via Branch,0,Los Angeles,USD,0
2425,244,2026-01-08 13:23:16,Withdrawal,2186.61,57709.89,Mobile App,Entertainment,,Completed,Withdrawal via Online,0,New York City,USD,0
2426,657,2024-01-02 12:06:47,Withdrawal,139.84,257333.7,Mobile App,,,Completed,Withdrawal via Branch,0,Atlanta,USD,0
2427,968,2025-06-22 11:59:00,Transfer Out,1947.28,177349.57,Online,,701,Completed,Transfer Out via Branch,0,Orlando,USD,0
2428,326,2024-07-14 02:39:51,Fee,1141.79,232124.87,Mobile App,,,Completed,Fee via Online,0,Augusta,USD,0
2429,1035,2026-09-01 05:01:53,Withdrawal,3985.12,206724.37,Mobile App,Retail,,Completed,Withdrawal via Branch,0,Tampa,USD,0
2430,1189,2024-10-20 20:07:51,Bill Payment,1664.13,149528.39,Online,Groceries,,Pending,Bill Payment via POS,0,Phoenix,USD,10
2431,1087,2025-03-17 22:23:29,Interest Credit,6282.77,136689.28,Mobile App,,,Completed,Interest Credit via POS,0,Rochester,USD,0
2432,913,2026-06-22 00:48:47,Transfer In,101.88,144943.88,Online,,146,Completed,Transfer In via POS,0,Aurora,USD,1.5
2433,828,2024-01-19 11:37:52,Bill Payment,5082.13,216135.46,Mobile App,Groceries,,Completed,Bill Payment via Mobile App,0,Spokane,USD,5
2434,958,2025-05-16 04:46:28,Deposit,1677.54,115247.38,Mobile App,Dining,,Completed,Deposit via POS,0,Aurora,USD,10
2435,673,2025-06-01 12:40:02,Deposit,4640.23,172107.11,ATM,Groceries,,Completed,Deposit via Branch,0,Boston,USD,0
2436,948,2025-05-22 13:22:41,Interest Credit,1669.22,3467.86,Online,,,Completed,Interest Credit via POS,0,Denver,USD,0
2437,344,2025-08-01 22:48:33,Deposit,2386.49,214069.8,Mobile App,Entertainment,,Completed,Deposit via Mobile App,0,Dallas,USD,10
2438,166,2024-11-25 22:22:42,Fee,5223.51,194238.0,ATM,,,Completed,Fee via ATM,0,Boston,USD,10
2439,369,2024-09-27 10:05:05,Transfer Out,7763.33,190563.29,Online,,148,Completed,Transfer Out via Branch,0,Austin,USD,5
2440,851,2024-01-21 18:25:50,Bill Payment,2200.32,257644.93,Online,Utilities,,Completed,Bill Payment via Online,0,Tacoma,USD,5
2441,751,2024-06-14 21:03:52,Deposit,5609.55,140451.51,ATM,Groceries,,Completed,Deposit via Branch,0,Los Angeles,USD,0
2442,792,2026-05-08 11:03:53,Deposit,6927.01,44760.06,Branch,Travel,,Pending,Deposit via ATM,0,Denver,USD,1.5
2443,143,2025-09-04 14:55:38,Bill Payment,3068.56,184371.6,Branch,Retail,,Failed,Bill Payment via POS,0,Naperville,USD,0
2444,1140,2025-01-11 18:26:04,Fee,1884.95,102229.28,ATM,,,Completed,Fee via Online,0,Chicago,USD,1.5
2445,972,2025-05-21 11:19:29,Deposit,3049.33,14062.42,Online,Retail,,Completed,Deposit via Mobile App,0,Aurora,USD,0
2446,149,2024-12-14 15:53:29,Withdrawal,4349.35,13710.31,ATM,Groceries,,Completed,Withdrawal via POS,0,Mesa,USD,0
2447,215,2025-09-02 20:28:43,Bill Payment,3651.52,199057.72,Branch,Healthcare,,Completed,Bill Payment via Mobile App,0,Savannah,USD,10
2448,747,2026-05-23 04:56:43,Transfer In,175.2,209055.7,Branch,,462,Completed,Transfer In via Online,0,Springfield,USD,10
2449,171,2024-07-08 02:06:04,Bill Payment,170.73,197369.25,Mobile App,,,Completed,Bill Payment via Branch,0,Mesa,USD,1.5
2450,1106,2025-11-11 12:10:27,Bill Payment,3220.71,54909.62,ATM,Dining,,Completed,Bill Payment via Online,0,Miami,USD,1.5
2451,435,2025-05-10 20:11:47,Deposit,4896.9,43613.48,Mobile App,Education,,Completed,Deposit via ATM,0,Boston,USD,10
2452,716,2025-09-14 15:59:21,Withdrawal,3576.13,210859.03,Mobile App,Travel,,Completed,Withdrawal via Online,0,Austin,USD,5
2453,432,2026-06-20 23:11:19,Transfer Out,2735.28,121429.57,Mobile App,,214,Completed,Transfer Out via Branch,0,Atlanta,USD,0
2454,184,2025-01-31 11:11:39,Transfer In,7662.88,248644.13,Mobile App,,796,Completed,Transfer In via POS,0,Sacramento,USD,1.5
2455,1134,2025-09-25 09:23:46,Interest Credit,6744.07,164963.63,Online,,,Completed,Interest Credit via POS,0,Austin,USD,0
2456,341,2024-07-27 18:49:55,Bill Payment,4019.43,77791.62,Mobile App,Entertainment,,Completed,Bill Payment via Online,0,Tucson,USD,10
2457,260,2026-08-03 17:36:04,Deposit,1072.64,182020.39,Online,Utilities,,Completed,Deposit via POS,0,Tucson,USD,5
2458,879,2025-08-19 12:53:33,Interest Credit,7303.31,31718.21,Branch,,,Failed,Interest Credit via Mobile App,0,Phoenix,USD,0
2459,149,2024-11-11 21:35:03,Deposit,6119.81,137942.47,Online,Retail,,Completed,Deposit via Mobile App,1,Seattle,USD,0
2460,596,2024-08-20 16:55:21,Transfer In,1885.66,110065.61,Online,,637,Completed,Transfer In via Mobile App,0,Rochester,USD,2.5
2461,354,2024-07-03 14:47:50,Withdrawal,3556.84,139052.54,Mobile App,Retail,,Completed,Withdrawal via Mobile App,0,Tampa,USD,2.5
2462,182,2026-07-08 10:32:38,Withdrawal,7204.58,56833.05,ATM,Groceries,,Completed,Withdrawal via Branch,0,San Francisco,USD,0
2463,543,2025-04-18 05:12:26,Bill Payment,140.66,90469.74,Online,,,Completed,Bill Payment via Mobile App,0,Houston,USD,2.5
2464,200,2026-03-04 04:49:11,Transfer Out,7568.12,34898.39,ATM,,456,Completed,Transfer Out via Mobile App,0,Worcester,USD,0
2465,188,2024-06-08 16:45:01,Withdrawal,7716.19,253886.56,Branch,,,Completed,Withdrawal via Branch,0,Boulder,USD,1.5
2466,188,2024-12-23 23:24:29,Withdrawal,7392.93,177073.28,Mobile App,,,Completed,Withdrawal via Mobile App,0,Boulder,USD,0
2467,658,2024-06-02 07:17:22,Bill Payment,5834.84,12035.22,Mobile App,Retail,,Completed,Bill Payment via ATM,1,Sacramento,USD,2.5
2468,172,2025-02-21 12:34:45,Transfer Out,1727.65,69817.22,Online,,410,Completed,Transfer Out via Online,0,Sacramento,USD,10
2469,908,2026-06-03 01:12:52,Transfer Out,7353.51,72506.12,ATM,,510,Completed,Transfer Out via Online,0,Cambridge,USD,10
2470,794,2024-12-14 14:11:11,Deposit,6406.9,193239.64,Branch,Fuel,,Completed,Deposit via Online,0,New York City,USD,0
2471,287,2024-03-24 13:08:26,Withdrawal,1893.87,134892.86,ATM,Entertainment,,Completed,Withdrawal via Branch,0,Tacoma,USD,0
2472,862,2026-03-18 21:39:07,Bill Payment,4483.41,8614.84,Branch,,,Completed,Bill Payment via Branch,0,Phoenix,USD,10
2473,422,2024-05-13 13:17:09,Withdrawal,6893.1,86456.17,ATM,Dining,,Completed,Withdrawal via POS,0,Boston,USD,5
2474,457,2025-10-14 19:28:41,Withdrawal,2052.56,161193.66,POS,Utilities,,Completed,Withdrawal via Online,1,Tucson,USD,5
2475,699,2025-07-25 13:25:15,Bill Payment,6799.0,77477.98,Mobile App,Dining,,Completed,Bill Payment via Online,1,San Antonio,USD,5
2476,365,2026-07-14 14:11:50,Deposit,2968.8,25329.77,Online,Fuel,,Completed,Deposit via POS,0,Chicago,USD,10
2477,60,2024-05-30 14:34:52,Bill Payment,6672.91,161911.42,Online,Groceries,,Completed,Bill Payment via Online,0,Aurora,USD,0
2478,993,2024-10-12 06:22:50,Transfer In,2502.66,133626.15,ATM,,942,Completed,Transfer In via Branch,0,Tucson,USD,5
2479,96,2024-03-12 04:38:12,Transfer In,6185.33,89738.65,Branch,,403,Completed,Transfer In via Branch,1,Savannah,USD,0
2480,588,2026-07-11 05:05:54,Bill Payment,6428.77,138628.77,Online,Education,,Completed,Bill Payment via Branch,0,Jacksonville,USD,1.5
2481,221,2026-08-11 03:21:48,Transfer In,5602.84,79587.65,ATM,,723,Completed,Transfer In via ATM,0,Dallas,USD,0
2482,205,2026-02-06 01:37:31,Withdrawal,6208.13,146861.19,Mobile App,Travel,,Completed,Withdrawal via Branch,0,Boulder,USD,0
2483,642,2024-08-05 22:18:34,Transfer In,2257.44,174640.56,ATM,,17,Completed,Transfer In via Branch,0,Denver,USD,0
2484,659,2024-05-31 07:57:21,Withdrawal,4017.7,48994.49,Mobile App,Healthcare,,Completed,Withdrawal via POS,0,Phoenix,USD,1.5
2485,556,2024-11-13 02:39:17,Transfer In,7280.88,1670.39,Online,,517,Completed,Transfer In via ATM,0,Albany,USD,0
2486,1160,2026-01-25 22:27:44,Transfer Out,6898.4,214966.72,Online,,536,Completed,Transfer Out via Online,0,Naperville,USD,0
2487,317,2025-11-30 17:29:59,Bill Payment,1964.62,63979.49,ATM,Retail,,Completed,Bill Payment via Online,0,New York City,USD,0
2488,346,2025-02-05 10:02:59,Withdrawal,7029.17,107982.75,POS,Healthcare,,Completed,Withdrawal via ATM,0,Savannah,USD,0
2489,247,2025-03-11 00:28:36,Fee,6148.4,132001.88,ATM,,,Completed,Fee via ATM,0,Miami,USD,10
2490,1102,2025-04-07 08:17:57,Deposit,7776.75,190874.83,Online,Education,,Completed,Deposit via Branch,0,Miami,USD,0
2491,931,2025-12-19 18:16:03,Deposit,7880.44,14380.55,Mobile App,Education,,Completed,Deposit via Branch,1,Orlando,USD,10
2492,776,2024-06-02 20:39:49,Interest Credit,3135.74,27566.29,Branch,,,Completed,Interest Credit via ATM,1,Sacramento,USD,10
2493,6,2025-02-11 18:55:12,Bill Payment,5433.32,117037.86,ATM,Dining,,Completed,Bill Payment via POS,0,Buffalo,USD,5
2494,444,2026-04-05 00:21:19,Withdrawal,6152.44,78264.07,ATM,Travel,,Completed,Withdrawal via Branch,0,Denver,USD,1.5
2495,664,2025-12-22 06:35:10,Withdrawal,712.13,34888.44,Mobile App,,,Completed,Withdrawal via Branch,0,Aurora,USD,2.5
2496,933,2025-10-24 18:03:05,Fee,1192.33,133050.32,Branch,,,Completed,Fee via Branch,0,Dallas,USD,5
2497,168,2026-08-10 01:08:19,Bill Payment,218.82,249526.62,Online,Healthcare,,Completed,Bill Payment via ATM,0,Buffalo,USD,5
2498,177,2024-02-12 15:50:16,Withdrawal,4683.57,254945.27,Mobile App,Groceries,,Completed,Withdrawal via POS,0,Cambridge,USD,10
2499,1160,2025-01-11 05:30:06,Withdrawal,5270.83,47020.8,Online,Groceries,,Completed,Withdrawal via POS,0,Dallas,USD,1.5
2500,673,2024-11-30 13:17:49,Fee,7377.49,19189.83,ATM,,,Failed,Fee via ATM,0,Albany,USD,1.5
2501,691,2024-09-15 16:34:21,Bill Payment,2410.31,68857.82,Branch,Fuel,,Completed,Bill Payment via POS,0,Worcester,USD,0
2502,1132,2025-05-28 08:14:22,Fee,4136.5,102232.01,Mobile App,,,Completed,Fee via Mobile App,0,San Francisco,USD,0
2503,1142,2025-10-07 00:20:54,Transfer Out,184.92,208167.47,ATM,,936,Completed,Transfer Out via Online,0,Spokane,USD,10
2504,659,2025-07-04 02:56:14,Bill Payment,5262.48,31758.09,Branch,,,Completed,Bill Payment via Online,0,Worcester,USD,0
2505,1121,2024-04-06 21:38:39,Withdrawal,6544.52,-1623.73,Branch,Groceries,,Completed,Withdrawal via ATM,0,Orlando,USD,5
2506,313,2024-07-23 08:28:35,Withdrawal,1501.93,167126.66,Mobile App,,,Completed,Withdrawal via ATM,0,Atlanta,USD,0
2507,1172,2024-04-16 18:07:30,Bill Payment,3148.21,234886.63,Branch,Fuel,,Completed,Bill Payment via Mobile App,0,Savannah,USD,10
2508,993,2025-10-15 09:24:18,Fee,6701.91,137556.43,Online,,,Completed,Fee via Branch,1,Sacramento,USD,0
2509,683,2026-01-28 18:18:04,Transfer In,5356.56,245517.22,ATM,,61,Completed,Transfer In via ATM,0,Worcester,USD,0
2510,547,2024-02-10 08:47:54,Bill Payment,2462.62,130281.18,Mobile App,Utilities,,Completed,Bill Payment via Branch,0,Buffalo,USD,0
2511,399,2024-09-29 01:35:13,Deposit,6248.98,122904.0,Branch,,,Completed,Deposit via Mobile App,1,Rochester,USD,10
2512,775,2025-06-17 08:43:54,Withdrawal,3597.35,88925.95,Branch,Healthcare,,Completed,Withdrawal via Online,1,Savannah,USD,0
2513,873,2026-04-29 06:56:50,Bill Payment,2142.65,122961.77,ATM,Education,,Completed,Bill Payment via POS,0,Tampa,USD,0
2514,106,2025-12-03 23:07:46,Deposit,2750.52,104164.88,Branch,Entertainment,,Completed,Deposit via Branch,0,Boulder,USD,2.5
2515,280,2024-06-05 17:16:35,Transfer Out,5085.3,72972.92,Online,,1042,Completed,Transfer Out via ATM,0,Seattle,USD,2.5
2516,73,2026-03-28 06:49:15,Withdrawal,5962.79,198469.53,Online,Travel,,Completed,Withdrawal via Online,0,Houston,USD,0
2517,807,2024-03-24 12:58:22,Bill Payment,1586.6,222142.36,Online,Fuel,,Completed,Bill Payment via Online,0,Albany,USD,0
2518,1178,2026-04-28 19:15:55,Transfer Out,830.02,62491.55,Mobile App,,392,Completed,Transfer Out via ATM,0,Tucson,USD,10
2519,179,2024-04-04 04:08:23,Deposit,51.44,185023.02,Online,Utilities,,Completed,Deposit via Mobile App,0,Miami,USD,5
2520,106,2026-04-07 04:16:20,Bill Payment,4366.3,224909.91,Online,Groceries,,Completed,Bill Payment via Mobile App,0,Chicago,USD,0
2521,852,2026-02-19 13:07:18,Transfer Out,2174.08,259689.88,Branch,,518,Completed,Transfer Out via Mobile App,0,Aurora,USD,0
2522,1036,2025-01-06 08:51:18,Transfer In,3130.74,181560.09,Online,,186,Completed,Transfer In via Mobile App,0,Spokane,USD,0
2523,1106,2024-10-22 11:31:44,Withdrawal,654.95,106536.02,Branch,,,Completed,Withdrawal via Mobile App,0,San Diego,USD,0
2524,658,2025-10-23 10:05:56,Deposit,522.97,3197.48,Branch,Retail,,Completed,Deposit via Online,0,Seattle,USD,2.5
2525,753,2026-05-31 16:03:13,Transfer Out,7748.37,108946.29,Branch,,905,Completed,Transfer Out via ATM,0,Worcester,USD,0
2526,466,2025-12-10 19:21:07,Deposit,4149.84,225106.92,ATM,Fuel,,Completed,Deposit via Branch,0,Seattle,USD,0
2527,351,2025-06-21 05:59:38,Bill Payment,6120.56,83878.94,Mobile App,Entertainment,,Completed,Bill Payment via Online,0,Sacramento,USD,0
2528,592,2026-05-17 23:46:39,Withdrawal,6694.38,238270.57,Mobile App,Utilities,,Pending,Withdrawal via Mobile App,0,Orlando,USD,2.5
2529,211,2025-06-26 08:28:18,Fee,2267.54,30896.76,Mobile App,,,Completed,Fee via Mobile App,0,Buffalo,USD,0
2530,205,2025-06-18 17:08:00,Transfer In,5073.42,31984.35,Mobile App,,69,Completed,Transfer In via Mobile App,0,Denver,USD,5
2531,476,2026-09-16 10:49:32,Bill Payment,2193.98,71316.76,Online,Travel,,Completed,Bill Payment via Mobile App,1,Orlando,USD,0
2532,751,2024-10-24 08:36:00,Withdrawal,595.32,165239.22,Online,Retail,,Completed,Withdrawal via Mobile App,0,Albany,USD,2.5
2533,309,2024-01-09 10:03:41,Deposit,5770.14,68473.78,Online,Utilities,,Completed,Deposit via Online,0,Dallas,USD,10
2534,268,2026-02-01 01:10:13,Bill Payment,5350.05,93854.24,Branch,Education,,Completed,Bill Payment via Online,0,Albany,USD,5
2535,106,2024-04-19 12:22:45,Transfer Out,6010.56,85456.0,Mobile App,,504,Completed,Transfer Out via Branch,0,Spokane,USD,2.5
2536,486,2024-11-22 01:30:59,Deposit,3247.82,249833.97,POS,Utilities,,Completed,Deposit via ATM,0,Aurora,USD,0
2537,970,2025-07-09 03:49:38,Withdrawal,5078.3,68204.94,Online,Travel,,Completed,Withdrawal via Online,0,Tampa,USD,0
2538,685,2024-02-28 08:53:45,Withdrawal,2864.89,131389.15,Online,Travel,,Completed,Withdrawal via Branch,0,Orlando,USD,10
2539,609,2024-11-04 16:26:48,Transfer Out,3119.44,9093.89,Mobile App,,1148,Completed,Transfer Out via Mobile App,0,Orlando,USD,0
2540,1075,2024-10-31 23:36:15,Deposit,4991.86,104386.68,Online,Dining,,Completed,Deposit via Online,0,Chicago,USD,10
2541,759,2024-05-13 07:09:14,Deposit,3642.57,2066.07,Online,Healthcare,,Completed,Deposit via Online,0,Aurora,USD,0
2542,815,2026-04-15 03:30:59,Withdrawal,7466.83,128171.31,Mobile App,,,Completed,Withdrawal via Branch,0,Albany,USD,1.5
2543,373,2024-01-01 22:59:37,Deposit,1925.65,102615.65,Mobile App,Groceries,,Completed,Deposit via ATM,0,Mesa,USD,0
2544,505,2026-03-04 00:33:27,Withdrawal,1941.23,18575.91,Mobile App,,,Completed,Withdrawal via Online,1,Buffalo,USD,0
2545,316,2024-06-26 07:20:41,Transfer Out,874.94,54670.04,Online,,296,Completed,Transfer Out via ATM,0,New York City,USD,1.5
2546,676,2026-07-15 05:06:01,Withdrawal,1169.41,38924.27,Branch,,,Completed,Withdrawal via Branch,0,Sacramento,USD,0
2547,56,2026-07-02 17:38:36,Deposit,1039.66,243820.25,ATM,Education,,Completed,Deposit via Branch,0,Jacksonville,USD,2.5
2548,126,2025-05-11 19:58:36,Bill Payment,6690.22,23121.27,Mobile App,,,Completed,Bill Payment via Branch,0,Augusta,USD,0
2549,993,2025-09-29 00:06:18,Interest Credit,1474.43,71537.57,Mobile App,,,Completed,Interest Credit via Mobile App,0,Augusta,USD,1.5
2550,115,2025-04-24 11:32:08,Fee,4301.16,251226.23,Mobile App,,,Completed,Fee via Mobile App,0,Savannah,USD,0
2551,770,2026-04-10 05:52:03,Deposit,2204.19,47575.43,Online,Education,,Completed,Deposit via ATM,0,Jacksonville,USD,5
2552,113,2025-06-03 17:44:45,Deposit,7587.57,186986.09,Branch,Utilities,,Completed,Deposit via Branch,0,Denver,USD,0
2553,880,2026-02-13 09:16:34,Deposit,1168.91,210652.85,Mobile App,Healthcare,,Completed,Deposit via Mobile App,0,Miami,USD,0
2554,616,2026-08-15 20:14:12,Deposit,4022.09,71193.17,ATM,Utilities,,Completed,Deposit via Branch,1,Aurora,USD,0
2555,404,2025-09-28 12:43:35,Transfer Out,6292.01,243968.4,Branch,,1025,Completed,Transfer Out via Branch,0,San Francisco,USD,5
2556,297,2024-10-08 04:55:49,Transfer In,224.11,223790.94,Branch,,1190,Pending,Transfer In via ATM,0,Dallas,USD,1.5
2557,613,2026-05-18 11:25:13,Deposit,2495.44,46607.53,POS,Dining,,Completed,Deposit via Online,0,San Francisco,USD,0
2558,1179,2026-01-17 10:28:30,Bill Payment,7240.92,7066.66,Online,Healthcare,,Completed,Bill Payment via POS,0,Miami,USD,10
2559,571,2026-02-12 12:29:44,Deposit,7385.54,142837.99,Mobile App,Healthcare,,Completed,Deposit via Branch,0,Aurora,USD,10
2560,1042,2024-04-28 12:20:48,Bill Payment,4662.17,18877.87,Mobile App,,,Completed,Bill Payment via ATM,0,San Diego,USD,1.5
2561,697,2025-03-10 11:22:09,Transfer Out,2894.46,13509.33,Mobile App,,708,Completed,Transfer Out via Mobile App,0,Rochester,USD,0
2562,29,2024-05-09 01:01:18,Deposit,40.81,226981.84,ATM,Retail,,Completed,Deposit via Online,0,Seattle,USD,5
2563,935,2024-10-22 14:26:44,Withdrawal,5754.17,42065.16,Online,Healthcare,,Completed,Withdrawal via Branch,0,Augusta,USD,2.5
2564,85,2024-06-28 22:22:06,Transfer Out,6170.0,33731.19,Mobile App,,1171,Completed,Transfer Out via ATM,0,Tacoma,USD,0
2565,756,2025-09-01 07:03:19,Bill Payment,5082.94,231785.37,ATM,Entertainment,,Completed,Bill Payment via ATM,0,Savannah,USD,2.5
2566,841,2025-12-14 10:18:11,Deposit,2429.74,35422.69,Mobile App,Utilities,,Completed,Deposit via POS,0,Chicago,USD,0
2567,642,2025-03-11 05:54:55,Transfer Out,2421.23,63069.06,Online,,73,Completed,Transfer Out via Online,0,Spokane,USD,0
2568,320,2024-05-24 12:58:54,Deposit,2564.74,34740.88,Online,Travel,,Completed,Deposit via Branch,0,Sacramento,USD,0
2569,980,2024-03-15 22:53:03,Deposit,1199.11,47796.82,ATM,Entertainment,,Completed,Deposit via Online,0,Worcester,USD,0
2570,62,2024-07-01 15:44:11,Transfer Out,7146.57,61081.79,POS,,748,Completed,Transfer Out via Branch,0,Savannah,USD,0
2571,823,2024-11-01 00:38:52,Withdrawal,3556.51,141844.18,ATM,Fuel,,Completed,Withdrawal via Mobile App,0,Albany,USD,5
2572,477,2024-03-04 20:03:43,Deposit,7861.4,118573.17,ATM,Groceries,,Completed,Deposit via ATM,0,Dallas,USD,0
2573,603,2024-10-10 18:04:59,Interest Credit,7759.59,135212.38,ATM,,,Completed,Interest Credit via Online,1,Dallas,USD,0
2574,1043,2025-09-02 12:15:30,Transfer In,5733.08,4685.86,Branch,,41,Completed,Transfer In via ATM,0,Sacramento,USD,10
2575,348,2025-06-14 20:00:35,Bill Payment,5503.27,238389.04,ATM,Entertainment,,Completed,Bill Payment via POS,0,San Francisco,USD,5
2576,593,2026-03-05 05:54:15,Deposit,2122.88,17226.75,Online,Dining,,Completed,Deposit via Online,0,Orlando,USD,0
2577,60,2024-04-22 13:01:00,Bill Payment,2966.89,54861.03,Online,Groceries,,Completed,Bill Payment via Mobile App,0,San Diego,USD,5
2578,851,2026-01-01 06:33:45,Deposit,3448.07,167640.37,Branch,Healthcare,,Completed,Deposit via Branch,0,Houston,USD,2.5
2579,826,2026-07-24 18:51:14,Deposit,2812.69,186476.75,Mobile App,Entertainment,,Completed,Deposit via Branch,0,Tampa,USD,5
2580,236,2026-07-04 04:51:36,Deposit,2682.96,18769.44,Mobile App,Utilities,,Completed,Deposit via Mobile App,0,Chicago,USD,0
2581,758,2025-07-21 05:09:58,Transfer Out,2109.64,100936.29,Online,,74,Completed,Transfer Out via Online,0,Chicago,USD,10
2582,383,2026-05-10 03:33:56,Interest Credit,2785.37,29829.42,Mobile App,,,Completed,Interest Credit via Mobile App,0,Rochester,USD,0
2583,15,2026-05-14 02:37:33,Transfer In,2578.65,140983.95,POS,,66,Completed,Transfer In via Branch,0,San Francisco,USD,5
2584,71,2024-03-30 20:49:12,Bill Payment,3430.97,31622.16,Mobile App,,,Completed,Bill Payment via Branch,0,Dallas,USD,0
2585,1193,2026-05-10 23:24:39,Bill Payment,4906.74,202920.58,Mobile App,Travel,,Completed,Bill Payment via ATM,1,Springfield,USD,0
2586,53,2025-03-21 14:53:29,Bill Payment,4891.2,27937.1,Mobile App,Education,,Completed,Bill Payment via Mobile App,1,San Antonio,USD,0
2587,379,2026-04-03 17:33:28,Transfer In,3582.48,190041.23,Branch,,627,Completed,Transfer In via Online,0,Atlanta,USD,1.5
2588,393,2025-02-09 10:31:49,Withdrawal,2649.56,36946.09,Online,Groceries,,Completed,Withdrawal via Mobile App,0,Cambridge,USD,5
2589,896,2025-08-31 04:35:49,Fee,4391.89,228226.38,ATM,,,Completed,Fee via Branch,0,New York City,USD,10
2590,304,2026-09-01 19:27:24,Bill Payment,1516.26,127089.78,Online,Retail,,Completed,Bill Payment via Mobile App,0,Boulder,USD,0
2591,24,2024-10-04 03:06:46,Transfer In,4087.89,63878.34,ATM,,276,Completed,Transfer In via Branch,0,Austin,USD,0
2592,392,2025-11-20 06:33:40,Bill Payment,781.21,117054.16,ATM,Healthcare,,Completed,Bill Payment via Branch,0,Augusta,USD,0
2593,794,2024-04-06 08:12:29,Bill Payment,134.13,214481.65,Mobile App,Fuel,,Completed,Bill Payment via Online,0,New York City,USD,5
2594,822,2024-06-09 13:29:06,Deposit,5457.42,247189.56,Online,Retail,,Completed,Deposit via ATM,0,San Francisco,USD,1.5
2595,4,2025-11-27 21:53:47,Bill Payment,5000.15,45298.68,Mobile App,,,Failed,Bill Payment via Mobile App,0,Mesa,USD,0
2596,844,2024-04-20 16:07:30,Deposit,4231.41,230652.33,Branch,Travel,,Completed,Deposit via POS,0,Atlanta,USD,0
2597,802,2025-07-02 10:53:14,Withdrawal,3238.2,110190.63,Mobile App,Fuel,,Completed,Withdrawal via ATM,0,San Francisco,USD,0
2598,696,2024-02-26 21:34:36,Bill Payment,394.1,11974.84,Branch,,,Completed,Bill Payment via POS,0,Sacramento,USD,0
2599,720,2026-05-23 10:23:32,Interest Credit,7707.16,231478.64,Mobile App,,,Completed,Interest Credit via ATM,0,Naperville,USD,0
2600,260,2025-02-25 09:41:31,Withdrawal,3345.15,10621.13,ATM,Retail,,Completed,Withdrawal via POS,0,San Diego,USD,10
2601,818,2024-01-21 21:28:39,Deposit,945.62,26704.35,Mobile App,Education,,Completed,Deposit via POS,0,Denver,USD,1.5
2602,30,2025-11-17 19:30:01,Withdrawal,6701.49,115878.69,Branch,Utilities,,Completed,Withdrawal via ATM,1,Mesa,USD,5
2603,899,2024-06-16 18:07:39,Withdrawal,191.21,71118.07,Mobile App,Groceries,,Completed,Withdrawal via Branch,0,Dallas,USD,2.5
2604,913,2024-01-03 03:02:25,Withdrawal,7517.54,232000.89,Online,Dining,,Completed,Withdrawal via POS,0,Boston,USD,0
2605,406,2024-01-06 08:55:30,Interest Credit,475.81,109219.13,Branch,,,Completed,Interest Credit via Online,0,Mesa,USD,2.5
2606,417,2026-07-23 08:58:07,Bill Payment,2603.3,230814.75,Branch,Utilities,,Completed,Bill Payment via Mobile App,0,New York City,USD,10
2607,3,2026-01-16 11:59:38,Transfer In,1370.39,140970.91,Mobile App,,939,Completed,Transfer In via Branch,0,Austin,USD,0
2608,237,2025-06-22 03:54:33,Deposit,5073.93,129727.85,Mobile App,Groceries,,Completed,Deposit via ATM,0,Boston,USD,0
2609,51,2024-07-12 00:07:12,Transfer Out,2783.23,138109.38,Mobile App,,1066,Completed,Transfer Out via Mobile App,0,San Francisco,USD,10
2610,812,2025-01-30 05:42:09,Withdrawal,2130.56,10569.75,Branch,,,Completed,Withdrawal via Mobile App,0,Cambridge,USD,0
2611,257,2026-05-21 05:20:01,Bill Payment,7881.6,32645.22,ATM,Fuel,,Completed,Bill Payment via ATM,0,Augusta,USD,0
2612,369,2024-01-04 20:11:15,Transfer Out,2421.68,91193.56,Branch,,845,Completed,Transfer Out via ATM,0,Spokane,USD,5
2613,1108,2025-09-22 13:04:20,Transfer In,3208.67,226868.85,Online,,513,Completed,Transfer In via Branch,0,Phoenix,USD,1.5
2614,722,2024-11-21 23:37:13,Deposit,4853.88,137447.3,ATM,Utilities,,Completed,Deposit via POS,0,Austin,USD,1.5
2615,622,2024-06-28 02:26:10,Withdrawal,5856.68,173441.89,Mobile App,Travel,,Completed,Withdrawal via Mobile App,0,San Diego,USD,0
2616,1049,2024-08-31 18:47:52,Withdrawal,2718.91,155946.76,Online,Fuel,,Completed,Withdrawal via ATM,0,Orlando,USD,1.5
2617,369,2025-06-12 09:37:47,Bill Payment,133.22,72803.85,Online,Dining,,Completed,Bill Payment via POS,1,Tacoma,USD,0
2618,416,2024-08-22 11:21:43,Withdrawal,5796.94,81144.31,Mobile App,Utilities,,Completed,Withdrawal via Branch,0,Cambridge,USD,10
2619,826,2025-12-09 08:45:19,Bill Payment,6565.75,105131.35,ATM,,,Completed,Bill Payment via Mobile App,0,Boulder,USD,10
2620,1029,2026-07-22 10:43:33,Bill Payment,5646.92,190582.46,Mobile App,Dining,,Completed,Bill Payment via Branch,0,Orlando,USD,2.5
2621,514,2025-07-06 01:03:58,Bill Payment,7332.83,187137.54,Online,Entertainment,,Completed,Bill Payment via Branch,0,Boston,USD,0
2622,1080,2024-06-10 12:21:48,Fee,1591.91,64485.41,POS,,,Pending,Fee via POS,0,Aurora,USD,0
2623,528,2025-02-21 02:15:20,Withdrawal,4250.81,34010.85,Mobile App,Groceries,,Completed,Withdrawal via Branch,0,Tampa,USD,0
2624,706,2026-03-19 16:42:21,Bill Payment,1615.22,2363.47,Mobile App,Fuel,,Completed,Bill Payment via ATM,0,Naperville,USD,10
2625,1058,2024-06-19 13:46:56,Transfer In,187.88,14274.1,Mobile App,,736,Completed,Transfer In via Branch,0,Jacksonville,USD,1.5
2626,653,2026-02-15 19:07:15,Deposit,4851.4,155959.22,Online,Dining,,Completed,Deposit via Online,0,Boulder,USD,0
2627,409,2026-02-04 18:31:19,Bill Payment,4482.74,77731.69,Online,Utilities,,Completed,Bill Payment via Online,0,Atlanta,USD,0
2628,938,2024-03-03 07:44:55,Bill Payment,2471.55,219169.94,ATM,Education,,Completed,Bill Payment via Online,0,Sacramento,USD,0
2629,908,2025-03-26 04:47:30,Transfer In,3580.67,85520.8,ATM,,682,Completed,Transfer In via Online,0,Augusta,USD,0
2630,451,2025-06-16 21:56:01,Withdrawal,3621.47,259327.8,ATM,Travel,,Completed,Withdrawal via Online,0,Austin,USD,2.5
2631,191,2025-03-07 07:56:51,Bill Payment,5878.0,159344.69,Online,Dining,,Completed,Bill Payment via Online,0,Albany,USD,1.5
2632,496,2026-03-31 23:45:08,Transfer In,4367.69,114227.1,ATM,,154,Completed,Transfer In via Online,0,Mesa,USD,0
2633,124,2026-01-24 18:34:28,Bill Payment,551.18,5724.47,Online,Retail,,Completed,Bill Payment via ATM,0,Seattle,USD,0
2634,124,2026-07-20 16:41:10,Deposit,5828.64,83779.8,Mobile App,Dining,,Completed,Deposit via Online,1,Cambridge,USD,0
2635,914,2026-05-06 01:53:43,Transfer Out,5008.84,122153.42,Online,,1141,Completed,Transfer Out via ATM,0,Seattle,USD,10
2636,249,2024-06-25 22:56:19,Withdrawal,920.26,116346.43,Mobile App,Travel,,Completed,Withdrawal via Branch,0,Albany,USD,5
2637,730,2025-07-08 16:45:40,Bill Payment,5160.72,250597.18,ATM,Retail,,Completed,Bill Payment via Mobile App,0,Augusta,USD,0
2638,931,2026-06-06 18:09:06,Withdrawal,2018.32,1635.51,Mobile App,Entertainment,,Completed,Withdrawal via POS,0,Jacksonville,USD,10
2639,740,2026-05-30 06:00:08,Transfer Out,2637.23,170056.07,Online,,818,Completed,Transfer Out via ATM,0,Chicago,USD,10
2640,69,2025-05-15 14:21:46,Withdrawal,7084.09,224788.42,Online,Fuel,,Completed,Withdrawal via Branch,0,Los Angeles,USD,0
2641,1152,2026-06-10 04:06:07,Bill Payment,3750.68,41066.87,Online,,,Completed,Bill Payment via Branch,0,Tacoma,USD,0
2642,1064,2025-11-02 19:53:10,Transfer In,6811.05,199559.25,Online,,724,Completed,Transfer In via Online,0,New York City,USD,10
2643,492,2026-05-30 23:57:43,Transfer Out,2489.3,208418.79,ATM,,362,Completed,Transfer Out via Online,0,Los Angeles,USD,1.5
2644,869,2024-07-22 10:32:04,Transfer In,3084.96,164702.98,ATM,,1143,Completed,Transfer In via Mobile App,0,Chicago,USD,0
2645,999,2026-03-23 22:16:40,Deposit,3516.37,25143.09,Online,Fuel,,Completed,Deposit via Branch,0,Austin,USD,2.5
2646,833,2025-02-10 16:39:23,Deposit,7066.48,15024.16,Online,Dining,,Completed,Deposit via Mobile App,0,Jacksonville,USD,10
2647,405,2026-01-15 11:45:23,Deposit,165.32,235320.64,Online,Travel,,Completed,Deposit via Mobile App,0,San Antonio,USD,5
2648,348,2025-05-19 15:31:29,Withdrawal,5396.27,159740.17,Online,Retail,,Completed,Withdrawal via Mobile App,0,Boston,USD,0
2649,156,2025-09-25 17:30:49,Transfer In,1445.35,147208.44,Online,,952,Completed,Transfer In via Online,0,Cambridge,USD,10
2650,87,2026-05-31 12:09:02,Interest Credit,3649.49,100814.8,Online,,,Completed,Interest Credit via POS,0,Atlanta,USD,10
2651,289,2026-08-19 13:09:17,Withdrawal,4296.53,48377.73,Branch,Dining,,Completed,Withdrawal via POS,0,San Francisco,USD,0
2652,599,2026-06-30 05:23:47,Bill Payment,1785.53,60664.35,Branch,Fuel,,Completed,Bill Payment via Online,0,Dallas,USD,0
2653,709,2026-01-18 13:01:07,Fee,4145.56,46650.92,ATM,,,Completed,Fee via ATM,0,Tacoma,USD,0
2654,911,2026-02-05 10:15:54,Deposit,4831.27,116148.08,ATM,Groceries,,Completed,Deposit via Mobile App,1,Miami,USD,0
2655,430,2024-06-25 16:17:51,Deposit,6783.11,79931.06,Online,Entertainment,,Completed,Deposit via Online,0,Spokane,USD,0
2656,457,2025-03-29 23:11:06,Interest Credit,1962.39,179923.67,Mobile App,,,Completed,Interest Credit via Branch,0,Austin,USD,0
2657,206,2024-09-04 08:04:33,Deposit,7583.81,116202.23,Mobile App,Retail,,Completed,Deposit via Online,0,Atlanta,USD,10
2658,966,2025-07-05 01:05:46,Deposit,766.87,-1511.93,Online,Fuel,,Completed,Deposit via Branch,0,Miami,USD,0
2659,85,2026-08-21 04:50:50,Deposit,2129.7,84394.81,Online,Travel,,Completed,Deposit via Branch,0,Mesa,USD,0
2660,895,2024-04-18 10:37:41,Transfer In,1886.01,255538.21,Branch,,616,Completed,Transfer In via POS,0,San Antonio,USD,0
2661,827,2026-08-29 04:49:43,Interest Credit,1555.93,32659.45,Online,,,Completed,Interest Credit via Branch,0,San Francisco,USD,5
2662,48,2024-07-08 11:48:43,Withdrawal,6941.05,75166.12,Online,,,Completed,Withdrawal via ATM,0,Rochester,USD,1.5
2663,916,2025-10-24 11:54:45,Withdrawal,1703.77,11135.19,Online,Healthcare,,Completed,Withdrawal via Branch,0,Orlando,USD,10
2664,276,2026-02-28 12:28:25,Fee,759.72,241935.57,Branch,,,Completed,Fee via POS,0,Miami,USD,0
2665,215,2024-07-19 17:20:52,Withdrawal,25.62,160879.81,Mobile App,Healthcare,,Completed,Withdrawal via Mobile App,0,Sacramento,USD,5
2666,1051,2024-08-13 03:46:57,Deposit,1903.69,188577.1,Mobile App,Entertainment,,Completed,Deposit via Online,0,Springfield,USD,5
2667,1067,2025-08-30 13:21:00,Deposit,6431.81,29048.42,Mobile App,Travel,,Completed,Deposit via Branch,0,Atlanta,USD,10
2668,537,2024-04-08 22:49:30,Deposit,823.34,29365.81,POS,Utilities,,Completed,Deposit via Online,0,New York City,USD,0
2669,971,2025-06-23 11:35:42,Transfer Out,7750.07,218722.07,POS,,777,Completed,Transfer Out via ATM,0,Houston,USD,0
2670,777,2025-05-22 02:03:16,Withdrawal,3923.39,81052.52,Mobile App,Retail,,Completed,Withdrawal via Online,1,Seattle,USD,0
2671,815,2026-08-26 20:59:44,Deposit,4562.32,231141.62,POS,Groceries,,Completed,Deposit via POS,0,Austin,USD,2.5
2672,444,2024-12-14 15:05:42,Interest Credit,3333.74,161505.74,Branch,,,Completed,Interest Credit via Online,0,Miami,USD,1.5
2673,1010,2024-07-05 11:04:15,Withdrawal,475.28,106481.92,Mobile App,,,Completed,Withdrawal via Online,0,San Francisco,USD,2.5
2674,452,2026-01-05 16:46:14,Deposit,6169.76,193194.93,Mobile App,Retail,,Completed,Deposit via POS,0,San Francisco,USD,1.5
2675,1015,2025-12-27 20:47:24,Deposit,3297.35,229469.64,Branch,Education,,Completed,Deposit via ATM,0,Orlando,USD,0
2676,580,2024-03-04 04:10:41,Deposit,2667.37,196260.39,Mobile App,Fuel,,Completed,Deposit via ATM,0,Orlando,USD,2.5
2677,408,2025-04-20 22:00:26,Transfer Out,5016.0,132430.36,Mobile App,,481,Completed,Transfer Out via Mobile App,0,Boston,USD,10
2678,903,2025-12-07 19:56:01,Bill Payment,4997.64,38655.47,POS,Healthcare,,Completed,Bill Payment via Online,0,Augusta,USD,0
2679,535,2026-02-01 17:24:29,Bill Payment,1517.14,35833.82,ATM,Entertainment,,Pending,Bill Payment via POS,0,Aurora,USD,0
2680,669,2026-07-28 02:13:19,Bill Payment,6302.87,124825.97,Mobile App,Healthcare,,Completed,Bill Payment via POS,0,Mesa,USD,0
2681,439,2024-01-20 17:53:12,Transfer In,1653.17,38191.94,Online,,170,Completed,Transfer In via POS,0,Seattle,USD,2.5
2682,421,2026-08-08 18:17:38,Bill Payment,3658.02,118193.61,Online,Education,,Completed,Bill Payment via Online,1,Atlanta,USD,0
2683,561,2025-04-26 07:32:03,Deposit,463.06,143030.72,Branch,Utilities,,Completed,Deposit via Mobile App,0,San Diego,USD,0
2684,77,2025-01-19 20:54:54,Interest Credit,4120.07,91747.47,Mobile App,,,Completed,Interest Credit via Branch,0,Chicago,USD,0
2685,18,2025-10-11 08:11:31,Fee,4663.41,175736.74,ATM,,,Completed,Fee via Branch,0,Augusta,USD,0
2686,662,2025-02-25 15:31:36,Fee,3453.75,69150.43,ATM,,,Completed,Fee via POS,0,Sacramento,USD,0
2687,120,2025-09-19 21:23:34,Transfer Out,5292.41,85331.64,Online,,249,Completed,Transfer Out via Mobile App,0,Dallas,USD,1.5
2688,1055,2025-01-04 11:50:47,Interest Credit,1264.61,194535.33,ATM,,,Completed,Interest Credit via Online,1,New York City,USD,5
2689,157,2025-08-03 20:05:31,Deposit,3107.13,259013.63,Online,Retail,,Completed,Deposit via ATM,0,Houston,USD,0
2690,425,2024-01-07 06:16:24,Withdrawal,5569.49,107978.7,Online,Utilities,,Completed,Withdrawal via Online,0,Augusta,USD,10
2691,504,2026-06-16 01:20:59,Deposit,4389.08,99716.43,Branch,Travel,,Completed,Deposit via Online,0,Albany,USD,0
2692,1035,2025-06-21 03:35:43,Deposit,3895.9,166505.46,Branch,,,Completed,Deposit via POS,0,Los Angeles,USD,2.5
2693,753,2024-04-10 06:00:21,Deposit,6107.57,40394.41,Online,Entertainment,,Completed,Deposit via Branch,0,Tacoma,USD,10
2694,1008,2025-10-14 21:08:22,Deposit,215.1,126500.83,Online,Education,,Failed,Deposit via ATM,1,Savannah,USD,0
2695,717,2024-09-22 20:50:15,Bill Payment,7241.86,131340.89,Mobile App,,,Completed,Bill Payment via Online,0,Austin,USD,1.5
2696,732,2026-02-07 18:48:47,Bill Payment,6321.49,161148.46,Branch,Dining,,Completed,Bill Payment via Branch,0,Mesa,USD,0
2697,263,2025-09-11 22:15:42,Transfer Out,1136.7,123640.89,Online,,1075,Completed,Transfer Out via POS,0,Albany,USD,0
2698,318,2025-04-11 03:42:46,Transfer Out,5150.2,257114.04,Online,,940,Completed,Transfer Out via Branch,0,Buffalo,USD,0
2699,640,2025-03-19 16:55:54,Transfer Out,6728.87,195419.25,POS,,1057,Completed,Transfer Out via Online,0,Augusta,USD,0
2700,764,2025-02-12 22:22:09,Withdrawal,1753.35,71524.43,ATM,Dining,,Completed,Withdrawal via ATM,0,Houston,USD,1.5
2701,869,2025-04-04 17:21:09,Withdrawal,2462.91,71883.06,Online,Utilities,,Completed,Withdrawal via ATM,1,Savannah,USD,2.5
2702,283,2025-05-17 03:52:45,Bill Payment,7133.06,4166.74,Mobile App,Fuel,,Completed,Bill Payment via Online,0,Boston,USD,10
2703,1196,2024-04-20 10:44:37,Bill Payment,4147.56,180307.8,Online,Fuel,,Completed,Bill Payment via Mobile App,0,Seattle,USD,0
2704,131,2026-08-25 23:55:50,Withdrawal,128.26,179040.47,Mobile App,Fuel,,Completed,Withdrawal via Mobile App,0,Phoenix,USD,5
2705,390,2025-02-22 03:52:12,Withdrawal,3289.97,245739.61,Online,Groceries,,Completed,Withdrawal via POS,0,Denver,USD,2.5
2706,98,2026-05-01 12:32:10,Bill Payment,6248.52,31571.83,ATM,Dining,,Completed,Bill Payment via Mobile App,0,Los Angeles,USD,1.5
2707,292,2025-10-03 23:09:35,Deposit,5599.04,187943.74,Branch,,,Completed,Deposit via Branch,0,Austin,USD,1.5
2708,476,2025-06-23 22:27:28,Withdrawal,3253.22,111021.75,Online,Utilities,,Completed,Withdrawal via Mobile App,0,Seattle,USD,5
2709,1193,2024-10-25 07:27:29,Transfer In,3904.47,156150.76,Online,,230,Completed,Transfer In via Online,0,San Antonio,USD,0
2710,758,2025-10-21 10:04:19,Transfer In,7221.43,60847.69,ATM,,263,Completed,Transfer In via ATM,0,Savannah,USD,5
2711,22,2024-06-26 20:07:42,Deposit,2414.89,103640.2,ATM,Travel,,Completed,Deposit via Online,0,Naperville,USD,5
2712,1190,2025-11-05 04:56:22,Fee,3570.61,210860.39,Online,,,Completed,Fee via Online,0,Aurora,USD,0
2713,732,2026-09-15 16:39:56,Bill Payment,3678.87,15684.71,POS,Utilities,,Completed,Bill Payment via POS,0,Seattle,USD,1.5
2714,101,2026-03-31 06:21:20,Deposit,5867.72,200752.98,Online,Entertainment,,Completed,Deposit via Online,1,Phoenix,USD,0
2715,832,2024-05-30 08:58:28,Withdrawal,7655.29,79104.28,Mobile App,Entertainment,,Completed,Withdrawal via Mobile App,0,Aurora,USD,0
2716,834,2025-01-25 00:11:01,Deposit,1354.52,185814.04,Online,Fuel,,Completed,Deposit via Mobile App,0,Worcester,USD,10
2717,1061,2025-01-02 21:39:07,Bill Payment,3002.31,119256.9,Branch,Dining,,Pending,Bill Payment via ATM,0,Aurora,USD,0
2718,651,2026-08-09 10:25:27,Transfer In,2620.1,29677.9,Branch,,584,Completed,Transfer In via Online,0,Phoenix,USD,10
2719,62,2025-02-02 10:55:35,Bill Payment,4811.02,122760.78,Online,Groceries,,Completed,Bill Payment via Online,0,Savannah,USD,2.5
2720,432,2025-01-18 16:52:42,Deposit,162.57,49310.0,Mobile App,Fuel,,Completed,Deposit via Branch,0,Atlanta,USD,0
2721,223,2024-06-19 11:21:33,Transfer Out,4599.72,91632.87,Online,,1136,Completed,Transfer Out via ATM,0,Tacoma,USD,0
2722,669,2026-05-18 03:18:30,Fee,841.32,120916.32,Online,,,Completed,Fee via Online,0,Boston,USD,1.5
2723,319,2025-07-27 14:19:10,Bill Payment,5992.1,112694.71,ATM,Travel,,Completed,Bill Payment via Branch,0,New York City,USD,0
2724,564,2024-04-04 00:17:50,Deposit,3350.02,104324.16,Online,,,Completed,Deposit via Branch,0,Dallas,USD,1.5
2725,1052,2024-11-19 00:36:37,Transfer In,381.56,116270.98,Branch,,843,Completed,Transfer In via ATM,0,Jacksonville,USD,0
2726,241,2024-07-22 17:33:42,Bill Payment,2743.06,49123.44,ATM,,,Completed,Bill Payment via ATM,0,Atlanta,USD,0
2727,813,2025-09-07 12:13:12,Fee,3109.2,162631.97,Mobile App,,,Completed,Fee via Online,0,Aurora,USD,1.5
2728,559,2025-08-14 23:45:58,Bill Payment,1017.21,63511.79,Mobile App,Retail,,Completed,Bill Payment via ATM,0,Albany,USD,0
2729,1102,2026-06-08 07:50:45,Transfer Out,3935.94,75938.68,Mobile App,,70,Completed,Transfer Out via Branch,1,Dallas,USD,2.5
2730,246,2024-06-11 04:22:59,Bill Payment,6643.22,30647.54,Online,Healthcare,,Completed,Bill Payment via Branch,0,Worcester,USD,0
2731,691,2024-11-21 11:57:06,Transfer Out,2832.4,246721.81,Mobile App,,166,Completed,Transfer Out via Branch,0,Denver,USD,0
2732,588,2025-08-24 03:20:34,Withdrawal,6321.27,242123.81,Online,Groceries,,Completed,Withdrawal via POS,0,Tacoma,USD,0
2733,820,2025-10-31 19:41:00,Transfer In,2347.99,188636.94,ATM,,1108,Completed,Transfer In via Mobile App,1,Mesa,USD,10
2734,438,2025-09-19 00:25:57,Fee,6105.02,133174.1,ATM,,,Completed,Fee via Branch,0,Atlanta,USD,0
2735,1189,2024-01-10 00:20:44,Deposit,1666.98,93396.78,POS,Travel,,Completed,Deposit via Mobile App,0,San Diego,USD,1.5
2736,587,2025-03-19 10:46:31,Bill Payment,6416.1,169082.37,Online,Retail,,Completed,Bill Payment via POS,0,Boston,USD,1.5
2737,840,2024-10-24 06:22:45,Deposit,6754.68,107547.64,Online,Dining,,Completed,Deposit via Online,0,New York City,USD,10
2738,1200,2024-05-16 05:32:10,Withdrawal,5271.22,120833.1,ATM,,,Completed,Withdrawal via Online,0,Houston,USD,5
2739,72,2026-05-09 22:19:00,Withdrawal,5356.79,11219.62,POS,Utilities,,Completed,Withdrawal via Online,0,Austin,USD,0
2740,544,2024-01-23 10:19:00,Deposit,3722.02,41742.74,Mobile App,Groceries,,Completed,Deposit via ATM,0,Orlando,USD,2.5
2741,847,2024-09-24 13:56:24,Bill Payment,6656.94,246723.99,Mobile App,Travel,,Pending,Bill Payment via Online,0,Springfield,USD,2.5
2742,814,2025-04-19 05:29:59,Deposit,4300.65,226549.02,ATM,Healthcare,,Completed,Deposit via Mobile App,0,Boston,USD,0
2743,361,2026-02-02 07:15:37,Fee,5387.94,125127.22,ATM,,,Completed,Fee via Mobile App,0,San Antonio,USD,0
2744,712,2025-02-15 04:21:40,Transfer Out,1375.07,44779.07,POS,,931,Completed,Transfer Out via POS,0,New York City,USD,0
2745,268,2025-08-12 02:02:35,Fee,4857.39,240101.85,Branch,,,Completed,Fee via POS,0,Mesa,USD,5
2746,178,2026-09-22 00:31:27,Transfer In,2998.06,40390.67,Mobile App,,993,Completed,Transfer In via Online,0,Aurora,USD,0
2747,893,2024-03-03 19:16:43,Transfer In,3999.71,54667.54,POS,,1147,Completed,Transfer In via POS,0,Miami,USD,10
2748,1048,2025-03-12 23:55:41,Withdrawal,6803.0,90140.88,Online,Utilities,,Completed,Withdrawal via Mobile App,0,Boston,USD,5
2749,1061,2025-09-09 11:57:43,Deposit,7556.76,152276.43,Online,Fuel,,Completed,Deposit via ATM,0,Buffalo,USD,10
2750,747,2025-04-28 11:05:47,Deposit,1617.7,170661.56,ATM,Retail,,Completed,Deposit via ATM,0,San Diego,USD,0
2751,455,2025-07-15 07:27:49,Transfer In,700.53,176740.32,Branch,,291,Completed,Transfer In via Mobile App,0,Denver,USD,0
2752,1186,2025-07-06 03:20:35,Deposit,1155.32,257212.55,Mobile App,Retail,,Completed,Deposit via POS,0,Albany,USD,10
2753,854,2025-08-17 02:21:43,Bill Payment,1012.06,188980.83,Mobile App,Travel,,Failed,Bill Payment via POS,0,Boulder,USD,0
2754,290,2024-11-02 09:06:32,Bill Payment,243.08,43551.66,Mobile App,Fuel,,Completed,Bill Payment via POS,0,Boulder,USD,0
2755,853,2025-11-09 08:32:58,Interest Credit,5320.02,4669.29,Mobile App,,,Completed,Interest Credit via ATM,0,Sacramento,USD,1.5
2756,40,2024-09-11 09:36:24,Transfer Out,1852.84,112648.96,POS,,363,Completed,Transfer Out via Online,0,Rochester,USD,10
2757,737,2024-12-17 05:44:48,Transfer Out,1093.01,58933.17,ATM,,1001,Completed,Transfer Out via Mobile App,0,Buffalo,USD,0
2758,646,2025-09-08 13:42:41,Interest Credit,1908.71,81862.52,Mobile App,,,Completed,Interest Credit via POS,0,Rochester,USD,10
2759,520,2025-07-23 20:04:43,Withdrawal,687.33,86621.92,Mobile App,Retail,,Completed,Withdrawal via ATM,0,Boston,USD,0
2760,607,2025-02-08 19:36:15,Bill Payment,6267.22,56881.37,Online,Utilities,,Completed,Bill Payment via ATM,1,Tacoma,USD,10
2761,663,2024-03-16 02:49:06,Fee,5133.06,104399.32,Mobile App,,,Completed,Fee via Mobile App,0,Austin,USD,0
2762,435,2025-05-23 00:58:46,Fee,1081.19,-999.48,ATM,,,Completed,Fee via ATM,0,Austin,USD,1.5
2763,819,2026-03-12 02:56:02,Withdrawal,2922.74,201123.27,Mobile App,Groceries,,Completed,Withdrawal via POS,0,Houston,USD,5
2764,939,2026-03-11 09:05:19,Fee,6961.57,167986.87,Online,,,Completed,Fee via POS,0,Augusta,USD,5
2765,1199,2026-04-25 06:51:44,Transfer In,496.23,34132.84,Online,,377,Pending,Transfer In via POS,0,Atlanta,USD,0
2766,593,2024-04-22 07:40:02,Withdrawal,5334.7,49640.77,Mobile App,Entertainment,,Pending,Withdrawal via Online,0,Worcester,USD,0
2767,881,2025-04-06 02:51:42,Deposit,3982.12,198154.94,Mobile App,Fuel,,Completed,Deposit via Branch,0,Rochester,USD,1.5
2768,269,2024-10-15 09:32:07,Interest Credit,866.18,185754.17,Online,,,Completed,Interest Credit via POS,0,San Francisco,USD,0
2769,528,2025-04-02 10:03:10,Transfer In,836.14,24445.23,Mobile App,,670,Completed,Transfer In via Online,0,Spokane,USD,0
2770,1037,2026-07-30 20:04:28,Bill Payment,1885.02,24493.85,Branch,Fuel,,Completed,Bill Payment via Online,0,Orlando,USD,2.5
2771,874,2024-12-08 16:13:22,Bill Payment,7877.7,259011.33,ATM,Entertainment,,Completed,Bill Payment via ATM,0,Houston,USD,5
2772,472,2025-02-01 20:53:45,Interest Credit,1568.79,89238.03,Online,,,Completed,Interest Credit via Online,0,Orlando,USD,0
2773,1037,2025-08-03 08:41:10,Interest Credit,1335.17,77305.68,Online,,,Completed,Interest Credit via POS,1,Buffalo,USD,0
2774,816,2026-03-17 19:26:59,Interest Credit,1067.95,246007.11,Online,,,Completed,Interest Credit via Online,0,San Diego,USD,0
2775,1050,2024-04-16 14:30:03,Interest Credit,2775.84,29046.07,Online,,,Completed,Interest Credit via ATM,0,Boulder,USD,0
2776,875,2025-01-15 01:24:57,Bill Payment,2956.33,154393.56,ATM,Entertainment,,Completed,Bill Payment via Online,0,Worcester,USD,2.5
2777,205,2026-02-13 20:28:12,Withdrawal,7365.56,27076.51,Branch,Retail,,Completed,Withdrawal via Online,0,Austin,USD,5
2778,206,2025-06-16 15:16:58,Transfer In,91.73,61143.98,Online,,559,Completed,Transfer In via Branch,0,Austin,USD,0
2779,1021,2024-09-21 16:34:32,Bill Payment,3873.64,156634.43,Mobile App,Retail,,Completed,Bill Payment via Branch,0,Rochester,USD,0
2780,929,2024-11-11 09:43:13,Bill Payment,6523.34,77275.19,ATM,,,Completed,Bill Payment via POS,0,New York City,USD,5
2781,915,2026-03-01 18:00:49,Interest Credit,6833.11,69487.28,Online,,,Completed,Interest Credit via Branch,0,Dallas,USD,5
2782,909,2024-06-15 07:58:01,Transfer Out,7083.22,80142.67,Mobile App,,927,Completed,Transfer Out via Online,0,Chicago,USD,0
2783,240,2025-09-30 17:30:47,Transfer Out,1154.84,88264.29,Mobile App,,745,Completed,Transfer Out via Online,0,Los Angeles,USD,1.5
2784,801,2026-03-15 14:11:13,Bill Payment,3478.48,182972.59,Online,Entertainment,,Completed,Bill Payment via Online,0,Tucson,USD,0
2785,776,2026-05-24 02:04:42,Transfer In,2254.33,107559.3,Online,,902,Completed,Transfer In via Online,0,New York City,USD,2.5
2786,127,2024-11-22 00:19:42,Transfer Out,3141.57,175432.56,ATM,,837,Completed,Transfer Out via Online,0,Aurora,USD,0
2787,389,2024-06-19 13:25:45,Deposit,1684.94,160351.86,Online,,,Completed,Deposit via Online,0,Atlanta,USD,2.5
2788,1186,2026-04-14 00:32:56,Deposit,4853.76,105234.87,Online,Fuel,,Completed,Deposit via Mobile App,0,Buffalo,USD,0
2789,685,2026-09-11 14:41:16,Bill Payment,5582.68,57364.54,Mobile App,Entertainment,,Completed,Bill Payment via Mobile App,0,Denver,USD,0
2790,158,2024-06-12 16:45:36,Transfer In,931.42,95179.57,Branch,,896,Completed,Transfer In via POS,0,Atlanta,USD,0
2791,552,2024-05-19 06:17:09,Interest Credit,6455.28,109347.7,Online,,,Completed,Interest Credit via POS,0,New York City,USD,1.5
2792,1103,2025-04-02 18:19:32,Transfer In,6255.45,156965.87,Mobile App,,126,Completed,Transfer In via POS,0,Springfield,USD,0
2793,915,2025-01-30 21:56:27,Transfer Out,5607.96,237041.65,ATM,,613,Completed,Transfer Out via ATM,0,Houston,USD,2.5
2794,517,2024-10-16 07:09:26,Withdrawal,6986.17,149906.01,Online,Groceries,,Completed,Withdrawal via Online,0,Savannah,USD,10
2795,536,2025-08-23 15:00:56,Deposit,185.61,39627.7,Mobile App,Healthcare,,Completed,Deposit via Mobile App,1,San Francisco,USD,0
2796,755,2024-03-02 02:01:09,Withdrawal,3697.76,242687.1,Mobile App,Retail,,Completed,Withdrawal via Mobile App,0,Phoenix,USD,10
2797,657,2026-04-18 04:30:04,Deposit,5159.88,5377.66,Mobile App,,,Completed,Deposit via ATM,0,Naperville,USD,0
2798,999,2024-06-27 18:47:49,Deposit,6400.99,71488.43,Mobile App,Travel,,Completed,Deposit via ATM,0,Houston,USD,10
2799,103,2025-06-17 13:43:41,Transfer In,4510.9,11793.96,ATM,,285,Completed,Transfer In via Branch,0,Los Angeles,USD,0
2800,1199,2024-09-09 03:46:34,Bill Payment,362.88,77608.8,Branch,Utilities,,Completed,Bill Payment via Mobile App,0,Sacramento,USD,2.5
2801,759,2025-06-03 01:02:20,Withdrawal,1928.9,47200.76,Online,Education,,Completed,Withdrawal via Mobile App,0,Naperville,USD,2.5
2802,772,2026-02-07 15:10:13,Interest Credit,2269.17,33737.51,Online,,,Completed,Interest Credit via Branch,0,Seattle,USD,5
2803,702,2024-01-01 13:02:53,Deposit,7351.73,184791.46,Online,Travel,,Completed,Deposit via POS,0,Austin,USD,0
2804,85,2026-05-25 12:07:38,Deposit,6358.21,171398.27,Mobile App,Retail,,Completed,Deposit via Online,0,San Diego,USD,0
2805,750,2025-07-25 23:42:54,Transfer Out,4529.92,240942.7,ATM,,596,Completed,Transfer Out via Mobile App,0,Miami,USD,0
2806,584,2024-07-08 13:46:32,Bill Payment,5213.01,248764.72,Mobile App,Groceries,,Completed,Bill Payment via Mobile App,0,Buffalo,USD,0
2807,1089,2025-10-26 09:27:16,Deposit,6407.72,229757.15,Mobile App,Groceries,,Completed,Deposit via Branch,0,Augusta,USD,10
2808,1068,2024-02-11 01:36:03,Deposit,684.22,140535.13,Mobile App,Groceries,,Completed,Deposit via Branch,0,Jacksonville,USD,5
2809,1183,2025-04-26 12:03:51,Bill Payment,7279.13,207010.02,Mobile App,Dining,,Completed,Bill Payment via POS,0,Jacksonville,USD,2.5
2810,867,2025-10-27 10:10:14,Withdrawal,5276.55,156699.71,Mobile App,Utilities,,Completed,Withdrawal via Mobile App,0,Aurora,USD,5
2811,510,2025-06-23 18:36:33,Transfer Out,4526.69,40585.75,Mobile App,,804,Completed,Transfer Out via Branch,0,Chicago,USD,0
2812,118,2024-08-24 11:41:39,Withdrawal,3801.7,161236.53,Branch,Healthcare,,Completed,Withdrawal via ATM,0,San Francisco,USD,0
2813,748,2025-08-16 19:32:42,Bill Payment,1111.83,159316.99,Online,Retail,,Completed,Bill Payment via ATM,0,Mesa,USD,0
2814,451,2025-04-17 18:42:17,Withdrawal,4160.0,98607.7,POS,Fuel,,Completed,Withdrawal via Online,0,Sacramento,USD,0
2815,615,2026-04-11 17:46:40,Transfer Out,3132.73,182531.21,Branch,,1178,Completed,Transfer Out via POS,0,Tacoma,USD,0
2816,56,2026-01-12 00:37:09,Deposit,5442.37,255282.94,Mobile App,Utilities,,Completed,Deposit via Online,0,Seattle,USD,1.5
2817,1128,2024-04-15 18:35:02,Fee,3932.84,34995.53,Online,,,Completed,Fee via ATM,0,Tucson,USD,0
2818,387,2024-12-12 22:30:18,Bill Payment,1364.64,117541.02,Online,Fuel,,Completed,Bill Payment via Online,0,Aurora,USD,0
2819,1176,2026-09-09 06:42:28,Deposit,7689.5,44097.95,Mobile App,Travel,,Completed,Deposit via ATM,0,Denver,USD,0
2820,1041,2024-08-24 02:08:33,Bill Payment,443.05,236184.37,Mobile App,Dining,,Completed,Bill Payment via POS,0,Phoenix,USD,2.5
2821,732,2024-05-29 01:53:08,Fee,919.82,111005.42,Online,,,Completed,Fee via Mobile App,0,Cambridge,USD,0
2822,426,2026-08-16 05:03:57,Bill Payment,6375.06,89425.06,Online,Dining,,Completed,Bill Payment via POS,0,Rochester,USD,0
2823,337,2026-02-25 17:25:42,Transfer In,3346.06,221559.48,Branch,,203,Completed,Transfer In via Online,0,Savannah,USD,5
2824,718,2026-07-02 08:50:10,Withdrawal,516.13,154657.22,Mobile App,Dining,,Completed,Withdrawal via ATM,0,Seattle,USD,1.5
2825,154,2024-02-17 03:34:17,Bill Payment,3990.17,197383.03,Online,Travel,,Completed,Bill Payment via Mobile App,0,Rochester,USD,2.5
2826,855,2024-07-31 10:16:50,Interest Credit,6158.34,90720.19,Online,,,Completed,Interest Credit via Mobile App,0,Atlanta,USD,2.5
2827,1018,2025-11-09 07:08:43,Transfer In,40.78,144912.99,Mobile App,,241,Failed,Transfer In via ATM,0,Worcester,USD,1.5
2828,691,2025-12-19 18:19:21,Deposit,2995.58,80010.01,ATM,Groceries,,Pending,Deposit via Online,0,Tucson,USD,0
2829,636,2026-01-28 06:03:57,Fee,3400.89,97010.84,Online,,,Completed,Fee via ATM,0,Sacramento,USD,1.5
2830,814,2025-02-06 11:46:16,Transfer In,58.79,55737.48,Mobile App,,799,Completed,Transfer In via Branch,0,San Diego,USD,1.5
2831,210,2025-08-13 23:44:55,Transfer In,6105.39,-1984.75,Mobile App,,677,Completed,Transfer In via ATM,0,Albany,USD,0
2832,686,2026-05-17 16:47:49,Deposit,1479.62,145002.33,ATM,Travel,,Completed,Deposit via Online,0,Augusta,USD,0
2833,1009,2025-08-18 05:56:10,Withdrawal,2596.83,230357.93,Branch,Utilities,,Completed,Withdrawal via POS,0,Austin,USD,2.5
2834,200,2025-10-05 18:13:16,Deposit,4781.0,70259.21,Mobile App,Healthcare,,Completed,Deposit via Branch,0,Spokane,USD,0
2835,465,2024-01-18 06:04:03,Withdrawal,6910.26,147465.91,Online,Entertainment,,Completed,Withdrawal via POS,0,Houston,USD,5
2836,712,2026-08-24 07:18:25,Withdrawal,2788.68,184624.5,ATM,,,Completed,Withdrawal via Mobile App,0,Spokane,USD,0
2837,266,2024-12-22 17:18:59,Interest Credit,4572.88,9570.39,Online,,,Completed,Interest Credit via Online,0,Tucson,USD,0
2838,130,2024-10-19 04:45:30,Deposit,2300.61,108897.34,Branch,,,Completed,Deposit via POS,0,Dallas,USD,0
2839,645,2025-07-10 20:12:49,Bill Payment,2258.26,156553.19,Online,Healthcare,,Completed,Bill Payment via POS,0,Springfield,USD,0
2840,58,2026-02-04 17:16:14,Fee,2900.37,126576.98,Mobile App,,,Completed,Fee via Online,0,Springfield,USD,0
2841,183,2024-07-10 04:46:10,Deposit,2401.0,175087.62,Mobile App,Groceries,,Completed,Deposit via POS,0,Worcester,USD,2.5
2842,556,2025-03-13 09:33:39,Transfer Out,6666.11,114050.51,Branch,,1121,Completed,Transfer Out via Online,0,Tacoma,USD,0
2843,99,2025-06-24 06:42:35,Transfer Out,3666.77,196892.18,POS,,917,Pending,Transfer Out via Mobile App,0,Augusta,USD,0
2844,824,2026-04-22 23:33:12,Deposit,5365.02,70205.81,Branch,,,Completed,Deposit via ATM,0,Chicago,USD,0
2845,778,2026-09-15 13:06:46,Fee,2508.78,201408.92,Online,,,Completed,Fee via POS,1,Denver,USD,10
2846,127,2025-03-07 03:06:04,Bill Payment,4666.29,230183.46,Online,Dining,,Completed,Bill Payment via ATM,0,Augusta,USD,1.5
2847,59,2025-07-22 08:14:17,Transfer In,171.65,166990.76,Online,,1073,Completed,Transfer In via ATM,0,Tampa,USD,2.5
2848,158,2025-05-16 15:33:33,Bill Payment,221.87,197854.26,Branch,,,Pending,Bill Payment via Mobile App,0,Tacoma,USD,10
2849,421,2025-04-23 21:25:26,Bill Payment,4809.2,145366.93,Mobile App,Travel,,Completed,Bill Payment via Branch,0,Atlanta,USD,1.5
2850,175,2025-12-20 13:42:44,Withdrawal,4327.19,231337.05,Online,Fuel,,Completed,Withdrawal via ATM,0,Austin,USD,0
2851,246,2024-01-20 11:11:59,Bill Payment,1873.03,157847.48,Mobile App,Fuel,,Failed,Bill Payment via Branch,0,Springfield,USD,0
2852,341,2024-04-28 01:53:04,Withdrawal,5037.84,1262.44,Online,Fuel,,Completed,Withdrawal via ATM,0,Boulder,USD,10
2853,853,2025-04-16 03:50:13,Withdrawal,5966.71,196979.2,Online,Fuel,,Completed,Withdrawal via POS,0,Miami,USD,0
2854,354,2025-02-17 14:47:45,Bill Payment,6645.14,45434.94,ATM,Dining,,Completed,Bill Payment via Online,0,Jacksonville,USD,2.5
2855,230,2025-10-03 10:53:09,Transfer Out,4121.68,23700.54,Mobile App,,1151,Completed,Transfer Out via Mobile App,0,San Diego,USD,1.5
2856,290,2024-02-04 20:23:28,Bill Payment,2728.97,152895.44,ATM,,,Completed,Bill Payment via Branch,0,Albany,USD,0
2857,564,2024-04-22 18:32:31,Bill Payment,3991.01,139263.89,Mobile App,Utilities,,Completed,Bill Payment via Branch,0,Dallas,USD,0
2858,1013,2026-01-18 14:52:47,Transfer In,2209.78,7148.02,POS,,528,Completed,Transfer In via Online,0,Mesa,USD,0
2859,681,2025-03-02 20:54:43,Bill Payment,5114.75,56486.54,Branch,Fuel,,Completed,Bill Payment via ATM,0,Boulder,USD,0
2860,333,2026-06-05 18:41:01,Deposit,5027.22,222447.44,Online,Healthcare,,Completed,Deposit via Mobile App,0,Savannah,USD,1.5
2861,828,2024-05-02 15:06:28,Deposit,743.85,277.19,ATM,Fuel,,Completed,Deposit via POS,0,Dallas,USD,0
2862,549,2024-08-18 11:08:39,Deposit,6718.95,111369.42,Mobile App,Retail,,Completed,Deposit via Branch,0,New York City,USD,0
2863,503,2026-07-06 02:18:24,Fee,2664.9,163842.37,ATM,,,Completed,Fee via Online,1,Augusta,USD,2.5
2864,56,2024-10-29 09:50:29,Transfer Out,6559.7,218564.73,Online,,170,Completed,Transfer Out via POS,1,Chicago,USD,2.5
2865,557,2026-08-24 23:47:09,Bill Payment,5773.19,190645.05,Online,Entertainment,,Completed,Bill Payment via Mobile App,0,Sacramento,USD,1.5
2866,1003,2024-05-11 06:19:39,Withdrawal,6675.8,175868.61,Online,Dining,,Completed,Withdrawal via Branch,0,Los Angeles,USD,1.5
2867,787,2025-08-17 02:46:10,Withdrawal,6984.6,65752.01,Online,Entertainment,,Completed,Withdrawal via Mobile App,0,Houston,USD,1.5
2868,652,2024-02-13 04:18:13,Deposit,1081.37,196126.24,Online,Education,,Completed,Deposit via Online,0,San Francisco,USD,0
2869,51,2025-04-27 23:31:17,Withdrawal,7849.71,241249.72,Branch,Fuel,,Completed,Withdrawal via POS,0,Cambridge,USD,10
2870,697,2025-10-25 22:25:51,Withdrawal,1754.22,125771.15,Online,Travel,,Pending,Withdrawal via Mobile App,0,Savannah,USD,1.5
2871,311,2026-08-10 18:47:10,Deposit,929.11,252320.71,POS,Healthcare,,Completed,Deposit via Branch,0,Orlando,USD,1.5
2872,201,2025-07-11 12:12:43,Deposit,3801.08,58150.46,Mobile App,Dining,,Completed,Deposit via Branch,0,Seattle,USD,0
2873,990,2026-07-16 06:25:01,Withdrawal,6585.68,245057.01,ATM,Groceries,,Completed,Withdrawal via Branch,0,Denver,USD,10
2874,430,2026-03-27 20:43:00,Withdrawal,2985.73,257964.91,Online,Utilities,,Completed,Withdrawal via Branch,1,Tucson,USD,2.5
2875,730,2025-01-08 11:26:35,Bill Payment,4370.85,251967.79,Mobile App,Dining,,Completed,Bill Payment via ATM,0,Springfield,USD,2.5
2876,205,2024-10-27 06:45:39,Bill Payment,4456.4,198487.8,Online,Healthcare,,Completed,Bill Payment via POS,1,Austin,USD,0
2877,205,2024-02-08 13:00:39,Bill Payment,4815.11,45512.13,ATM,Entertainment,,Completed,Bill Payment via POS,0,New York City,USD,0
2878,844,2024-05-21 11:30:59,Withdrawal,1607.79,193244.38,Mobile App,,,Completed,Withdrawal via Branch,0,Miami,USD,0
2879,582,2026-02-15 13:30:01,Transfer Out,3632.68,199387.18,Online,,203,Completed,Transfer Out via Online,0,Orlando,USD,0
2880,597,2024-04-26 14:17:30,Deposit,6202.53,224867.58,Online,Groceries,,Completed,Deposit via Mobile App,0,Augusta,USD,0
2881,454,2026-06-27 08:10:51,Deposit,5185.3,170306.77,Mobile App,Groceries,,Completed,Deposit via Branch,0,Mesa,USD,0
2882,1174,2025-09-02 01:25:20,Bill Payment,7382.72,232646.64,ATM,Utilities,,Completed,Bill Payment via Online,0,Cambridge,USD,0
2883,103,2025-03-11 07:34:26,Deposit,6812.09,257186.65,Mobile App,,,Completed,Deposit via Mobile App,0,Springfield,USD,1.5
2884,738,2025-04-21 17:33:14,Deposit,303.35,147481.48,Online,Retail,,Completed,Deposit via Branch,0,Orlando,USD,0
2885,185,2024-11-10 19:05:33,Interest Credit,4525.97,127167.01,Online,,,Completed,Interest Credit via Mobile App,0,Sacramento,USD,0
2886,1096,2025-02-28 14:51:44,Deposit,2982.61,253052.26,Mobile App,Entertainment,,Completed,Deposit via Mobile App,0,New York City,USD,0
2887,200,2024-06-26 21:41:37,Withdrawal,2719.34,94387.76,ATM,Fuel,,Completed,Withdrawal via Branch,0,Worcester,USD,2.5
2888,966,2026-07-26 01:30:28,Fee,1917.05,202026.65,POS,,,Pending,Fee via Branch,0,Phoenix,USD,0
2889,1120,2024-06-29 10:31:20,Withdrawal,7278.67,17527.31,Online,Education,,Completed,Withdrawal via Branch,0,Houston,USD,0
2890,394,2025-08-30 18:29:25,Transfer In,7858.72,252697.38,Branch,,972,Completed,Transfer In via Branch,0,Aurora,USD,0
2891,422,2024-11-27 02:55:10,Interest Credit,5762.08,11812.13,Online,,,Completed,Interest Credit via ATM,0,Augusta,USD,10
2892,604,2024-08-03 00:34:28,Transfer Out,7461.8,39938.1,POS,,718,Completed,Transfer Out via Online,0,Boston,USD,2.5
2893,571,2025-09-25 22:21:53,Transfer In,1784.2,111314.17,ATM,,158,Completed,Transfer In via POS,1,Sacramento,USD,0
2894,789,2025-10-20 14:04:51,Withdrawal,2843.22,39541.72,Mobile App,Entertainment,,Completed,Withdrawal via Online,0,Phoenix,USD,5
2895,258,2025-03-14 16:44:38,Deposit,7292.53,100138.23,Online,Fuel,,Completed,Deposit via POS,0,Atlanta,USD,2.5
2896,341,2024-01-30 08:10:41,Bill Payment,2357.49,179326.02,Online,Dining,,Completed,Bill Payment via Online,1,Buffalo,USD,2.5
2897,592,2025-05-12 21:44:49,Transfer Out,4261.55,69215.25,Online,,769,Completed,Transfer Out via Mobile App,0,Miami,USD,1.5
2898,1048,2025-04-24 10:32:54,Transfer Out,7300.69,16102.83,Online,,455,Completed,Transfer Out via Mobile App,0,Jacksonville,USD,2.5
2899,380,2025-01-23 00:28:51,Interest Credit,771.46,192444.89,Mobile App,,,Completed,Interest Credit via Online,0,Chicago,USD,0
2900,192,2025-06-24 02:26:08,Withdrawal,5414.35,53983.2,Online,Entertainment,,Completed,Withdrawal via ATM,0,Worcester,USD,0
2901,1088,2025-11-14 08:45:21,Bill Payment,1931.49,186187.59,Online,Education,,Completed,Bill Payment via POS,0,Tampa,USD,5
2902,535,2024-11-21 00:41:40,Withdrawal,5071.01,95740.93,Online,Fuel,,Completed,Withdrawal via Mobile App,0,Atlanta,USD,1.5
2903,332,2025-08-19 02:14:07,Transfer Out,5185.57,189579.05,Mobile App,,119,Completed,Transfer Out via POS,0,Mesa,USD,2.5
2904,827,2025-08-22 13:56:13,Transfer In,4683.61,230185.31,Online,,1014,Completed,Transfer In via Mobile App,0,Cambridge,USD,10
2905,372,2024-11-21 14:31:18,Bill Payment,1864.39,26032.0,Online,Education,,Completed,Bill Payment via Mobile App,1,Aurora,USD,1.5
2906,765,2024-04-06 04:42:25,Deposit,6769.69,234584.1,Mobile App,,,Completed,Deposit via Online,0,Houston,USD,0
2907,951,2026-04-02 10:35:28,Withdrawal,1734.81,3311.33,ATM,Utilities,,Completed,Withdrawal via POS,1,Savannah,USD,5
2908,391,2024-08-19 07:07:18,Withdrawal,6413.85,219981.73,Online,Education,,Completed,Withdrawal via Branch,0,San Diego,USD,0
2909,771,2024-08-12 18:34:09,Deposit,5473.62,15056.57,Branch,Groceries,,Completed,Deposit via ATM,0,Mesa,USD,0
2910,1156,2024-01-07 02:15:58,Bill Payment,5253.76,170336.69,Branch,Utilities,,Completed,Bill Payment via POS,1,Augusta,USD,0
2911,315,2026-04-08 18:37:11,Bill Payment,6177.3,231824.28,Branch,Education,,Completed,Bill Payment via ATM,0,Miami,USD,0
2912,509,2026-08-25 12:14:46,Interest Credit,3878.88,160206.51,ATM,,,Completed,Interest Credit via Mobile App,0,Tucson,USD,10
2913,480,2024-10-13 21:28:41,Transfer In,7768.94,253372.0,Mobile App,,217,Completed,Transfer In via Mobile App,0,Albany,USD,10
2914,634,2025-12-28 04:43:27,Transfer In,383.24,2250.71,Online,,89,Completed,Transfer In via Mobile App,0,Sacramento,USD,0
2915,947,2024-08-05 17:24:03,Deposit,4111.5,95043.12,Mobile App,Dining,,Completed,Deposit via Mobile App,0,Houston,USD,0
2916,774,2024-06-14 21:24:02,Deposit,4215.55,204048.14,Mobile App,Healthcare,,Completed,Deposit via Mobile App,0,San Francisco,USD,0
2917,13,2026-04-07 05:48:00,Fee,6003.61,32691.02,ATM,,,Completed,Fee via POS,0,San Diego,USD,2.5
2918,197,2026-06-16 16:07:30,Fee,290.89,239748.35,Mobile App,,,Completed,Fee via POS,0,Augusta,USD,0
2919,551,2024-02-26 05:51:11,Bill Payment,899.66,237964.14,Online,Retail,,Completed,Bill Payment via Mobile App,0,San Diego,USD,0
2920,577,2026-01-09 12:57:59,Transfer Out,639.46,58095.47,ATM,,872,Completed,Transfer Out via Branch,0,Augusta,USD,1.5
2921,277,2025-01-28 14:20:39,Fee,7337.11,243466.41,Online,,,Completed,Fee via Mobile App,0,Dallas,USD,0
2922,993,2025-10-19 02:17:06,Deposit,6263.21,64334.62,Branch,Healthcare,,Completed,Deposit via Mobile App,0,San Diego,USD,0
2923,565,2026-08-02 14:41:03,Interest Credit,1257.67,185592.76,Mobile App,,,Completed,Interest Credit via Branch,0,Chicago,USD,0
2924,679,2026-07-17 15:46:25,Bill Payment,7580.5,217326.75,Branch,,,Pending,Bill Payment via Branch,0,Chicago,USD,0
2925,858,2024-03-08 20:29:00,Withdrawal,7719.0,57512.06,Mobile App,Dining,,Completed,Withdrawal via Online,0,Denver,USD,0
2926,398,2025-12-16 16:43:31,Deposit,1240.8,21605.61,Branch,Retail,,Completed,Deposit via Branch,0,Dallas,USD,5
2927,921,2025-04-16 08:33:49,Transfer In,5857.65,71379.55,Online,,947,Completed,Transfer In via POS,0,Los Angeles,USD,10
2928,400,2026-07-10 06:56:47,Transfer Out,355.96,158380.48,Branch,,613,Completed,Transfer Out via Mobile App,0,Phoenix,USD,5
2929,358,2025-09-30 19:29:44,Transfer Out,258.01,246198.22,Mobile App,,321,Completed,Transfer Out via Online,0,Houston,USD,0
2930,527,2025-09-24 00:58:37,Bill Payment,3944.58,76024.97,POS,Retail,,Completed,Bill Payment via Online,1,Spokane,USD,1.5
2931,624,2025-04-07 09:18:26,Fee,2756.66,118996.08,Mobile App,,,Completed,Fee via Mobile App,0,Miami,USD,1.5
2932,343,2024-06-05 17:43:55,Transfer In,5972.31,164530.39,ATM,,434,Completed,Transfer In via Mobile App,0,Buffalo,USD,0
2933,960,2026-02-09 20:32:46,Bill Payment,3412.87,65349.36,Mobile App,Healthcare,,Completed,Bill Payment via Branch,0,Seattle,USD,1.5
2934,878,2025-06-18 23:59:22,Bill Payment,2745.38,167681.69,ATM,Entertainment,,Completed,Bill Payment via ATM,0,Dallas,USD,1.5
2935,479,2025-06-28 11:40:46,Withdrawal,2614.23,74998.01,Mobile App,,,Completed,Withdrawal via POS,0,Orlando,USD,0
2936,510,2024-09-02 21:18:44,Withdrawal,7651.56,55211.15,Online,Travel,,Completed,Withdrawal via Branch,1,Aurora,USD,5
2937,748,2024-12-11 19:29:20,Bill Payment,5368.4,156455.47,Online,Entertainment,,Completed,Bill Payment via Branch,0,Los Angeles,USD,0
2938,414,2024-11-16 08:13:59,Withdrawal,5086.29,17184.97,Online,Retail,,Completed,Withdrawal via Mobile App,0,Los Angeles,USD,0
2939,637,2025-11-04 18:09:26,Fee,926.02,18694.28,Mobile App,,,Completed,Fee via Mobile App,0,Orlando,USD,0
2940,725,2025-07-07 00:51:12,Withdrawal,2190.25,17207.3,Online,Education,,Completed,Withdrawal via Mobile App,0,Houston,USD,5
2941,414,2024-06-19 15:03:14,Fee,3590.67,165048.08,ATM,,,Completed,Fee via POS,0,New York City,USD,0
2942,760,2025-08-06 06:53:18,Deposit,5246.02,143845.58,ATM,,,Completed,Deposit via POS,0,Naperville,USD,0
2943,31,2024-10-31 15:55:08,Deposit,3678.14,34241.48,ATM,Travel,,Completed,Deposit via Mobile App,0,Buffalo,USD,10
2944,846,2025-11-10 21:43:39,Transfer Out,4431.1,43361.04,Mobile App,,1078,Failed,Transfer Out via Mobile App,0,Worcester,USD,0
2945,206,2024-12-11 13:59:12,Deposit,1975.64,118203.86,Branch,Groceries,,Completed,Deposit via Mobile App,1,Springfield,USD,0
2946,546,2025-12-12 09:02:57,Fee,7718.46,111150.99,Mobile App,,,Completed,Fee via Branch,0,Augusta,USD,1.5
2947,782,2024-11-08 00:03:41,Fee,2253.89,50073.12,Mobile App,,,Completed,Fee via POS,0,Houston,USD,5
2948,1019,2025-02-09 06:26:00,Withdrawal,5795.08,188280.08,Mobile App,Education,,Completed,Withdrawal via ATM,0,Naperville,USD,10
2949,532,2026-09-02 13:02:26,Withdrawal,6324.99,126005.16,Branch,Entertainment,,Completed,Withdrawal via POS,0,Albany,USD,1.5
2950,684,2024-11-23 00:52:20,Bill Payment,3668.7,143633.42,Online,,,Completed,Bill Payment via Online,0,Naperville,USD,0
2951,573,2025-01-02 12:09:56,Deposit,175.53,76654.16,Online,Utilities,,Completed,Deposit via ATM,0,Mesa,USD,10
2952,1079,2024-03-24 20:46:04,Withdrawal,2241.73,146258.18,Mobile App,Travel,,Completed,Withdrawal via Online,0,Augusta,USD,5
2953,263,2024-03-07 10:14:52,Interest Credit,3451.78,44302.26,Mobile App,,,Completed,Interest Credit via Online,0,Los Angeles,USD,0
2954,262,2024-12-01 07:35:25,Bill Payment,5907.17,153849.72,Mobile App,Travel,,Completed,Bill Payment via Online,0,Orlando,USD,10
2955,999,2024-02-22 02:54:13,Bill Payment,1749.48,212090.56,ATM,Dining,,Completed,Bill Payment via Mobile App,0,San Antonio,USD,0
2956,195,2026-04-29 23:25:36,Bill Payment,940.2,89976.55,Online,Fuel,,Completed,Bill Payment via Online,0,Worcester,USD,0
2957,603,2024-02-17 01:39:45,Bill Payment,5057.67,86268.38,Branch,Utilities,,Completed,Bill Payment via Online,0,Denver,USD,10
2958,144,2024-11-03 21:31:23,Transfer In,552.17,247141.5,Mobile App,,663,Completed,Transfer In via POS,0,Austin,USD,0
2959,717,2024-04-02 13:27:20,Bill Payment,2232.45,84668.67,ATM,Dining,,Completed,Bill Payment via Branch,0,Springfield,USD,0
2960,414,2025-03-23 08:10:09,Fee,3446.54,199018.16,ATM,,,Completed,Fee via Branch,1,Worcester,USD,10
2961,1144,2024-11-02 15:24:11,Withdrawal,5334.8,124130.0,ATM,Fuel,,Completed,Withdrawal via Mobile App,0,Sacramento,USD,10
2962,725,2025-04-15 16:08:40,Deposit,3073.7,153309.32,Mobile App,,,Completed,Deposit via POS,0,Boston,USD,2.5
2963,1158,2026-02-02 03:45:12,Fee,2334.02,108137.33,Mobile App,,,Completed,Fee via ATM,0,Austin,USD,0
2964,656,2025-09-29 08:25:53,Withdrawal,5099.55,81240.39,POS,Education,,Completed,Withdrawal via Branch,0,San Diego,USD,5
2965,21,2024-12-21 21:48:37,Bill Payment,6002.81,63453.63,Branch,Retail,,Completed,Bill Payment via ATM,0,Albany,USD,0
2966,183,2024-05-20 20:43:50,Transfer In,2836.07,50208.76,Mobile App,,192,Completed,Transfer In via Branch,0,Boulder,USD,10
2967,161,2025-03-13 11:36:30,Bill Payment,2331.37,176583.16,POS,Entertainment,,Completed,Bill Payment via Branch,0,Tucson,USD,1.5
2968,691,2025-06-11 20:47:49,Bill Payment,6107.64,191378.75,Online,Fuel,,Completed,Bill Payment via Online,0,Atlanta,USD,0
2969,1027,2026-01-11 20:43:00,Withdrawal,3214.0,196535.28,Mobile App,Travel,,Completed,Withdrawal via Branch,0,Miami,USD,0
2970,681,2025-12-31 18:49:12,Transfer In,2828.73,211171.58,Online,,1036,Completed,Transfer In via ATM,0,Tacoma,USD,0
2971,935,2024-04-21 21:51:25,Bill Payment,3057.43,9688.07,Online,Retail,,Completed,Bill Payment via Online,0,Savannah,USD,0
2972,874,2026-02-26 21:24:09,Deposit,382.79,159465.84,Online,Education,,Completed,Deposit via Branch,0,Chicago,USD,10
2973,556,2025-04-05 07:43:07,Fee,5189.83,66037.57,ATM,,,Completed,Fee via Online,0,Cambridge,USD,1.5
2974,1055,2024-12-21 16:39:47,Fee,2550.23,204344.55,Online,,,Completed,Fee via ATM,0,Buffalo,USD,0
2975,1052,2024-10-26 16:18:45,Transfer In,3102.88,137164.64,Online,,444,Completed,Transfer In via POS,0,Buffalo,USD,10
2976,167,2026-03-15 03:59:10,Transfer Out,4050.1,209377.95,Online,,1180,Completed,Transfer Out via POS,0,New York City,USD,0
2977,847,2025-07-23 22:24:50,Withdrawal,783.13,248235.72,Online,Education,,Completed,Withdrawal via Mobile App,0,Dallas,USD,0
2978,1065,2024-07-18 00:57:29,Transfer In,3519.09,194342.81,ATM,,655,Completed,Transfer In via POS,0,Tacoma,USD,0
2979,1062,2024-10-15 19:20:54,Transfer Out,1348.6,235628.48,POS,,220,Completed,Transfer Out via Mobile App,0,Austin,USD,10
2980,1002,2026-06-18 11:59:09,Withdrawal,1653.79,199151.3,Online,,,Completed,Withdrawal via Branch,0,Spokane,USD,0
2981,1002,2024-07-21 18:26:10,Bill Payment,3416.67,203255.86,Branch,Dining,,Completed,Bill Payment via Mobile App,0,Savannah,USD,0
2982,191,2024-11-28 16:52:45,Fee,7025.78,81967.88,Mobile App,,,Completed,Fee via Online,0,Orlando,USD,0
2983,934,2025-05-02 08:29:22,Deposit,769.63,63980.16,Mobile App,Healthcare,,Completed,Deposit via POS,0,Miami,USD,1.5
2984,249,2025-06-17 05:55:37,Withdrawal,2673.31,50841.61,Online,Travel,,Completed,Withdrawal via Online,1,Worcester,USD,10
2985,668,2024-08-09 19:13:30,Transfer In,5167.55,110108.3,Branch,,606,Completed,Transfer In via POS,0,Boulder,USD,10
2986,446,2024-05-04 13:29:29,Transfer Out,4464.01,25701.85,ATM,,363,Completed,Transfer Out via Online,0,Denver,USD,10
2987,573,2024-08-05 08:06:16,Bill Payment,7199.43,13218.03,Mobile App,Healthcare,,Completed,Bill Payment via Branch,0,Augusta,USD,2.5
2988,111,2024-03-23 23:30:36,Transfer Out,5303.72,179647.07,Online,,662,Completed,Transfer Out via Branch,0,Springfield,USD,1.5
2989,982,2026-02-24 22:33:59,Fee,630.31,78675.9,ATM,,,Completed,Fee via POS,0,Jacksonville,USD,1.5
2990,179,2025-11-18 00:05:52,Deposit,2952.31,214676.48,ATM,Fuel,,Completed,Deposit via POS,1,Worcester,USD,5
2991,751,2024-08-27 03:59:57,Transfer In,1260.21,227695.08,Mobile App,,88,Completed,Transfer In via Branch,0,Tampa,USD,0
2992,770,2025-10-05 00:30:25,Transfer In,5442.4,65051.77,Mobile App,,931,Completed,Transfer In via POS,0,Mesa,USD,0
2993,230,2026-07-05 14:34:29,Transfer In,7890.08,234352.04,Branch,,113,Completed,Transfer In via Online,0,Jacksonville,USD,2.5
2994,1047,2026-09-05 10:36:48,Deposit,5889.37,238911.36,Online,Utilities,,Completed,Deposit via Branch,0,Sacramento,USD,0
2995,164,2025-03-02 06:28:27,Bill Payment,3499.96,71736.69,Online,Retail,,Completed,Bill Payment via POS,1,Mesa,USD,10
2996,957,2024-02-07 08:37:57,Transfer Out,4098.37,89609.94,Online,,624,Completed,Transfer Out via Mobile App,0,Atlanta,USD,10
2997,1190,2025-04-18 11:38:58,Transfer In,796.13,118023.28,POS,,178,Completed,Transfer In via Mobile App,0,Sacramento,USD,5
2998,363,2025-06-17 21:04:19,Bill Payment,5110.74,208394.76,ATM,,,Completed,Bill Payment via Branch,1,Denver,USD,5
2999,804,2024-06-23 17:34:40,Transfer Out,3408.14,135590.35,ATM,,1171,Completed,Transfer Out via Branch,1,Tacoma,USD,0
3000,468,2026-06-30 18:45:19,Interest Credit,7026.45,237956.06,Branch,,,Completed,Interest Credit via Branch,0,Phoenix,USD,5
3001,766,2024-03-09 04:20:16,Fee,7987.63,56414.27,Branch,,,Completed,Fee via Online,0,Mesa,USD,5
3002,109,2026-03-03 19:33:43,Withdrawal,7916.1,107406.29,Mobile App,,,Pending,Withdrawal via POS,0,Albany,USD,10
3003,111,2025-04-23 23:01:13,Withdrawal,2542.13,248711.11,Online,Education,,Completed,Withdrawal via Branch,0,Phoenix,USD,5
3004,1006,2025-04-19 06:25:03,Withdrawal,912.71,85841.14,Online,Travel,,Completed,Withdrawal via ATM,1,Tampa,USD,0
3005,706,2024-01-10 14:57:41,Bill Payment,7476.35,162255.96,Mobile App,Education,,Completed,Bill Payment via POS,0,Savannah,USD,0
3006,136,2026-04-05 13:19:55,Deposit,7878.32,6354.14,Mobile App,Groceries,,Completed,Deposit via ATM,0,San Francisco,USD,0
3007,573,2025-03-09 22:12:29,Deposit,5420.86,54310.39,Mobile App,Groceries,,Completed,Deposit via Branch,0,Jacksonville,USD,0
3008,159,2024-11-11 08:06:22,Withdrawal,6538.91,79566.2,Branch,Dining,,Completed,Withdrawal via ATM,0,Mesa,USD,5
3009,333,2024-03-03 11:16:21,Fee,6078.35,203320.03,Online,,,Completed,Fee via Online,0,Rochester,USD,0
3010,72,2024-06-30 04:13:43,Bill Payment,3962.62,231793.38,Online,Fuel,,Completed,Bill Payment via Online,0,Mesa,USD,2.5
3011,41,2025-03-20 06:43:11,Bill Payment,3925.24,108519.57,ATM,,,Completed,Bill Payment via ATM,0,Springfield,USD,5
3012,165,2024-11-01 02:50:04,Transfer Out,3360.87,22120.93,Online,,654,Completed,Transfer Out via ATM,0,Mesa,USD,0
3013,869,2024-11-22 01:28:16,Withdrawal,5522.5,202063.39,Online,Retail,,Completed,Withdrawal via Branch,0,Savannah,USD,10
3014,948,2025-10-21 13:43:44,Deposit,7074.65,30220.28,ATM,Fuel,,Completed,Deposit via Branch,0,Austin,USD,10
3015,778,2026-07-13 17:29:46,Bill Payment,3828.81,164876.62,ATM,Fuel,,Completed,Bill Payment via Mobile App,0,Cambridge,USD,0
3016,567,2025-12-28 11:32:09,Withdrawal,1468.39,257490.27,Branch,Education,,Completed,Withdrawal via ATM,0,Denver,USD,0
3017,861,2025-04-26 15:58:33,Interest Credit,7736.57,108992.03,POS,,,Completed,Interest Credit via Online,0,Austin,USD,5
3018,1112,2026-03-15 03:58:14,Bill Payment,6590.54,155475.75,Online,Entertainment,,Completed,Bill Payment via POS,0,Rochester,USD,0
3019,430,2025-05-25 20:01:11,Bill Payment,1134.05,142861.91,Mobile App,Retail,,Completed,Bill Payment via ATM,0,Orlando,USD,10
3020,752,2024-04-11 07:46:43,Withdrawal,7906.42,137199.92,Mobile App,Fuel,,Completed,Withdrawal via Mobile App,0,Augusta,USD,2.5
3021,440,2025-07-17 09:30:15,Deposit,1150.78,73421.82,ATM,Retail,,Completed,Deposit via Branch,0,Rochester,USD,2.5
3022,944,2024-04-17 03:57:50,Withdrawal,2073.18,40870.38,Online,Dining,,Completed,Withdrawal via Online,0,Los Angeles,USD,1.5
3023,646,2025-02-28 00:08:44,Withdrawal,5914.21,58892.54,Branch,Fuel,,Completed,Withdrawal via Mobile App,0,Buffalo,USD,1.5
3024,1007,2025-04-22 09:49:35,Transfer In,24.52,37881.86,Mobile App,,1138,Completed,Transfer In via Mobile App,1,Sacramento,USD,0
3025,296,2024-10-18 22:51:17,Withdrawal,4207.32,175367.76,Online,Education,,Completed,Withdrawal via Mobile App,0,Jacksonville,USD,5
3026,980,2026-05-17 14:49:39,Transfer Out,5266.01,196033.65,Online,,459,Completed,Transfer Out via POS,0,Miami,USD,10
3027,880,2025-05-10 13:42:05,Transfer Out,1685.96,134765.02,Mobile App,,817,Completed,Transfer Out via POS,0,Phoenix,USD,0
3028,1142,2026-01-03 18:00:19,Fee,3472.3,139092.73,Mobile App,,,Completed,Fee via Branch,0,Jacksonville,USD,2.5
3029,77,2025-03-17 19:23:04,Transfer In,6624.39,123739.67,POS,,483,Completed,Transfer In via Online,0,Aurora,USD,0
3030,772,2025-01-13 03:24:37,Interest Credit,2048.93,237665.76,Online,,,Completed,Interest Credit via Branch,1,Rochester,USD,2.5
3031,118,2024-06-11 06:14:33,Transfer Out,3712.27,104981.33,Online,,316,Completed,Transfer Out via ATM,0,Phoenix,USD,5
3032,902,2026-03-18 10:53:47,Transfer In,7847.55,221584.1,POS,,1103,Completed,Transfer In via Branch,0,Mesa,USD,0
3033,1092,2025-08-10 16:08:35,Interest Credit,7866.45,9896.62,Mobile App,,,Completed,Interest Credit via Mobile App,0,Tampa,USD,0
3034,68,2024-03-06 04:10:16,Withdrawal,5538.74,9240.65,Online,Entertainment,,Pending,Withdrawal via Branch,0,Sacramento,USD,0
3035,495,2024-11-05 18:30:01,Deposit,7871.45,128501.61,Online,Fuel,,Completed,Deposit via POS,0,San Antonio,USD,5
3036,806,2024-07-28 11:31:41,Deposit,1134.14,3616.84,Branch,Entertainment,,Completed,Deposit via Mobile App,0,Tucson,USD,5
3037,418,2025-01-30 06:16:48,Transfer Out,2789.18,209696.21,Mobile App,,302,Completed,Transfer Out via ATM,0,New York City,USD,1.5
3038,465,2025-08-09 11:39:02,Transfer In,5697.84,135463.73,Mobile App,,727,Completed,Transfer In via POS,0,Boulder,USD,5
3039,889,2025-07-28 10:34:25,Fee,7463.09,146932.19,Mobile App,,,Pending,Fee via Online,0,Spokane,USD,0
3040,548,2026-06-05 21:09:20,Transfer Out,2487.12,193881.53,Branch,,957,Completed,Transfer Out via Online,0,Naperville,USD,2.5
3041,481,2025-09-19 20:19:21,Interest Credit,6727.79,160079.01,Online,,,Completed,Interest Credit via Mobile App,0,Phoenix,USD,10
3042,292,2025-03-05 03:38:18,Deposit,1135.38,78558.57,Mobile App,Retail,,Completed,Deposit via ATM,0,Spokane,USD,0
3043,486,2026-08-27 17:24:38,Interest Credit,88.77,128155.86,ATM,,,Completed,Interest Credit via ATM,0,Mesa,USD,5
3044,964,2024-12-06 18:31:52,Bill Payment,5544.51,61728.17,Online,,,Completed,Bill Payment via Online,0,Atlanta,USD,0
3045,1135,2025-08-31 08:55:58,Withdrawal,4756.72,28658.19,Online,Groceries,,Completed,Withdrawal via ATM,0,San Diego,USD,10
3046,701,2025-07-27 23:10:04,Fee,442.03,103466.28,Mobile App,,,Completed,Fee via ATM,1,Savannah,USD,2.5
3047,1165,2026-02-27 17:11:04,Withdrawal,4685.45,224617.0,Mobile App,Dining,,Completed,Withdrawal via Online,1,Tacoma,USD,0
3048,435,2025-11-19 02:45:13,Deposit,771.85,256229.38,Branch,Education,,Completed,Deposit via Branch,0,Savannah,USD,0
3049,916,2024-04-21 22:35:19,Transfer In,4799.58,243694.11,Branch,,428,Completed,Transfer In via Mobile App,0,San Diego,USD,10
3050,28,2025-06-15 04:50:05,Withdrawal,5276.08,154607.16,Mobile App,Retail,,Completed,Withdrawal via Mobile App,0,Orlando,USD,5
3051,230,2025-07-06 23:53:20,Bill Payment,514.3,133950.69,Online,Dining,,Completed,Bill Payment via POS,0,Houston,USD,10
3052,391,2025-04-23 17:32:53,Interest Credit,5496.25,149411.53,Online,,,Completed,Interest Credit via Branch,0,Spokane,USD,0
3053,1117,2025-07-30 06:49:46,Transfer In,7993.44,150747.6,Mobile App,,1064,Completed,Transfer In via Mobile App,0,Jacksonville,USD,0
3054,384,2025-06-14 05:29:56,Transfer Out,455.98,17576.04,Online,,296,Completed,Transfer Out via ATM,0,Miami,USD,0
3055,1170,2024-08-21 11:37:52,Deposit,5222.63,66820.53,Mobile App,Groceries,,Completed,Deposit via POS,0,Spokane,USD,1.5
3056,1130,2026-07-18 06:16:30,Deposit,7786.34,249868.7,Online,Entertainment,,Completed,Deposit via Mobile App,0,Seattle,USD,10
3057,143,2025-12-08 10:51:36,Transfer Out,1498.04,166064.23,Mobile App,,1024,Completed,Transfer Out via Online,0,Tucson,USD,1.5
3058,1085,2024-06-12 09:33:40,Transfer In,2693.34,38131.97,ATM,,780,Completed,Transfer In via ATM,0,Boston,USD,0
3059,1197,2025-12-03 20:43:00,Bill Payment,2473.32,226360.56,Online,Retail,,Completed,Bill Payment via Branch,0,Tampa,USD,2.5
3060,108,2025-06-23 05:19:38,Transfer In,5028.86,111384.51,ATM,,771,Pending,Transfer In via Online,0,Atlanta,USD,0
3061,1048,2025-02-12 18:42:33,Fee,5153.14,180413.15,Online,,,Completed,Fee via POS,0,Mesa,USD,0
3062,1196,2025-06-05 00:33:14,Deposit,4816.72,67836.73,Online,Fuel,,Completed,Deposit via POS,0,Miami,USD,2.5
3063,313,2026-06-21 19:01:46,Deposit,6326.97,189764.88,Mobile App,,,Completed,Deposit via ATM,0,San Francisco,USD,0
3064,934,2024-06-18 20:39:31,Transfer In,6254.9,16666.53,Mobile App,,1019,Completed,Transfer In via Branch,0,Tampa,USD,0
3065,166,2024-10-21 05:15:58,Deposit,6508.19,10885.71,Online,,,Completed,Deposit via Branch,0,Phoenix,USD,0
3066,1131,2024-10-03 09:09:19,Deposit,1757.56,-51.76,Mobile App,Travel,,Completed,Deposit via ATM,1,Savannah,USD,0
3067,512,2026-07-25 00:10:25,Transfer In,7371.35,52308.71,Online,,27,Completed,Transfer In via Branch,0,Chicago,USD,0
3068,747,2026-02-13 22:13:28,Transfer In,3230.27,100883.74,Mobile App,,1132,Completed,Transfer In via Online,1,San Diego,USD,0
3069,102,2024-10-23 22:41:50,Bill Payment,7259.82,170289.61,Mobile App,,,Completed,Bill Payment via Branch,0,Spokane,USD,10
3070,763,2026-01-19 13:55:47,Fee,429.83,22242.78,Branch,,,Completed,Fee via POS,1,Tacoma,USD,10
3071,1107,2026-06-18 03:24:39,Deposit,5087.47,116972.7,POS,Fuel,,Completed,Deposit via Online,0,Dallas,USD,1.5
3072,1087,2025-10-30 15:38:49,Interest Credit,6971.24,27988.26,Mobile App,,,Completed,Interest Credit via ATM,1,Springfield,USD,5
3073,833,2025-12-23 17:58:12,Deposit,4774.99,87374.77,ATM,,,Completed,Deposit via ATM,0,Worcester,USD,2.5
3074,850,2025-08-04 16:09:28,Fee,7286.04,100412.81,Online,,,Completed,Fee via Online,0,Jacksonville,USD,5
3075,451,2025-03-13 03:56:39,Transfer In,6422.37,111592.61,Online,,872,Completed,Transfer In via POS,0,Albany,USD,0
3076,565,2025-07-13 22:01:48,Withdrawal,6192.29,59043.86,Mobile App,Dining,,Completed,Withdrawal via Mobile App,0,Augusta,USD,5
3077,552,2026-05-25 02:06:45,Transfer In,2481.25,135941.04,Online,,221,Completed,Transfer In via Branch,0,Tampa,USD,5
3078,447,2026-04-02 05:41:55,Bill Payment,4302.28,170712.18,Mobile App,Groceries,,Completed,Bill Payment via Online,0,Miami,USD,0
3079,404,2026-06-07 01:16:42,Withdrawal,913.89,245915.03,Mobile App,Utilities,,Completed,Withdrawal via POS,0,Miami,USD,1.5
3080,629,2024-11-23 22:28:10,Transfer In,6644.36,114751.03,Mobile App,,393,Completed,Transfer In via POS,0,San Antonio,USD,10
3081,779,2025-12-09 13:24:40,Deposit,5592.98,144082.08,Mobile App,Retail,,Completed,Deposit via POS,0,Aurora,USD,1.5
3082,404,2024-12-13 19:58:41,Deposit,5078.54,180409.05,Mobile App,Healthcare,,Completed,Deposit via POS,0,Phoenix,USD,1.5
3083,57,2025-06-02 20:37:39,Fee,1566.47,122888.32,Online,,,Completed,Fee via Mobile App,0,Tacoma,USD,10
3084,994,2026-08-01 13:22:01,Transfer Out,6481.05,98834.76,Online,,114,Completed,Transfer Out via Online,0,Tacoma,USD,0
3085,177,2026-01-10 09:55:23,Transfer In,4780.58,85440.6,ATM,,534,Completed,Transfer In via Branch,0,Savannah,USD,0
3086,1053,2026-04-20 21:38:39,Interest Credit,1898.97,141353.74,ATM,,,Failed,Interest Credit via ATM,0,Sacramento,USD,5
3087,516,2024-02-21 05:44:48,Transfer Out,942.84,83261.4,POS,,627,Completed,Transfer Out via Online,0,San Francisco,USD,0
3088,737,2024-05-23 04:08:07,Withdrawal,769.54,244485.2,ATM,Retail,,Completed,Withdrawal via Online,1,Atlanta,USD,10
3089,467,2025-03-16 05:24:14,Deposit,3406.55,68773.75,Mobile App,Education,,Completed,Deposit via Online,0,Denver,USD,0
3090,32,2025-08-05 15:20:41,Transfer Out,3898.27,96076.74,Online,,1176,Completed,Transfer Out via Online,0,Dallas,USD,1.5
3091,1194,2025-12-30 15:58:47,Withdrawal,2241.79,83645.64,Mobile App,Healthcare,,Completed,Withdrawal via Branch,0,San Diego,USD,10
3092,359,2025-08-30 23:37:23,Transfer Out,3413.59,219364.82,Online,,160,Completed,Transfer Out via Branch,0,Aurora,USD,0
3093,784,2026-06-14 09:35:28,Bill Payment,2490.92,222690.01,Mobile App,Dining,,Pending,Bill Payment via ATM,0,San Diego,USD,10
3094,36,2026-04-24 00:53:07,Bill Payment,5789.08,70174.08,Branch,Retail,,Completed,Bill Payment via ATM,0,Los Angeles,USD,1.5
3095,733,2026-04-16 21:56:49,Bill Payment,999.4,159044.59,Online,,,Completed,Bill Payment via Mobile App,0,Sacramento,USD,0
3096,364,2026-03-29 08:40:49,Transfer In,6593.98,185198.24,ATM,,490,Pending,Transfer In via Branch,0,Denver,USD,0
3097,874,2024-10-25 15:23:23,Transfer Out,2595.19,215760.93,ATM,,537,Completed,Transfer Out via ATM,0,Sacramento,USD,1.5
3098,951,2025-06-23 08:48:29,Withdrawal,1690.7,41047.96,Mobile App,Dining,,Completed,Withdrawal via Online,0,Orlando,USD,0
3099,705,2025-09-30 00:27:35,Fee,7691.26,145593.45,Mobile App,,,Completed,Fee via Online,0,Atlanta,USD,5
3100,607,2026-06-24 11:44:36,Deposit,478.6,213879.79,Mobile App,Retail,,Completed,Deposit via POS,0,Albany,USD,10
3101,523,2025-03-26 22:47:17,Fee,5606.75,21505.18,Mobile App,,,Completed,Fee via Mobile App,0,Houston,USD,0
3102,410,2024-03-22 18:50:57,Transfer In,3362.02,253046.86,POS,,102,Completed,Transfer In via Online,1,Rochester,USD,5
3103,84,2024-01-15 08:38:18,Deposit,1021.69,170628.5,ATM,,,Completed,Deposit via Branch,0,Tucson,USD,0
3104,1102,2024-11-23 12:14:12,Bill Payment,2556.94,76760.36,Mobile App,,,Completed,Bill Payment via Branch,0,Houston,USD,10
3105,571,2025-08-02 10:31:09,Fee,2580.04,154279.57,Online,,,Completed,Fee via Mobile App,0,Dallas,USD,0
3106,1055,2024-10-25 15:36:17,Fee,6483.22,174376.51,Online,,,Completed,Fee via Mobile App,0,Miami,USD,5
3107,1005,2026-08-21 13:19:36,Transfer In,2779.72,13255.66,ATM,,930,Completed,Transfer In via Branch,0,Houston,USD,0
3108,460,2026-07-12 14:09:06,Bill Payment,7462.66,127169.36,Mobile App,Education,,Completed,Bill Payment via Online,0,Seattle,USD,1.5
3109,1048,2026-03-20 06:19:18,Withdrawal,6343.11,175085.16,Mobile App,Entertainment,,Completed,Withdrawal via Mobile App,0,Boulder,USD,0
3110,871,2026-02-27 07:51:57,Fee,7764.82,145225.07,ATM,,,Completed,Fee via Online,0,Miami,USD,2.5
3111,510,2026-03-04 05:10:12,Interest Credit,2720.29,250691.82,Online,,,Completed,Interest Credit via Online,0,Worcester,USD,0
3112,886,2024-07-24 16:45:46,Interest Credit,5791.44,165763.94,Mobile App,,,Completed,Interest Credit via Branch,1,Chicago,USD,10
3113,209,2025-05-10 08:19:46,Interest Credit,3809.22,82073.25,Mobile App,,,Completed,Interest Credit via ATM,0,Houston,USD,0
3114,437,2026-05-22 02:25:20,Bill Payment,1302.87,185524.24,Branch,Utilities,,Completed,Bill Payment via Online,0,Dallas,USD,5
3115,1049,2025-06-06 00:37:38,Withdrawal,1532.28,91033.46,Branch,Education,,Completed,Withdrawal via Branch,1,Worcester,USD,0
3116,273,2025-01-25 10:28:05,Transfer In,7993.1,27813.32,Branch,,262,Completed,Transfer In via Mobile App,0,San Diego,USD,1.5
3117,660,2025-06-06 07:45:35,Deposit,4944.86,140412.92,Online,Fuel,,Completed,Deposit via ATM,0,Austin,USD,0
3118,723,2024-03-23 20:01:12,Bill Payment,807.85,108751.87,Branch,Dining,,Completed,Bill Payment via Branch,0,Boston,USD,0
3119,692,2025-12-25 16:00:47,Withdrawal,2153.4,176284.89,Branch,,,Completed,Withdrawal via POS,0,Austin,USD,0
3120,699,2025-09-28 22:03:15,Transfer In,4542.74,44108.96,Mobile App,,507,Completed,Transfer In via Online,0,New York City,USD,10
3121,1146,2024-07-28 12:00:17,Bill Payment,3499.13,163060.69,ATM,Dining,,Completed,Bill Payment via Branch,0,Naperville,USD,0
3122,1195,2025-05-16 18:31:35,Withdrawal,4982.16,137927.46,Online,,,Pending,Withdrawal via POS,0,Los Angeles,USD,10
3123,1149,2026-01-20 11:33:24,Transfer In,7504.24,147209.88,Online,,803,Completed,Transfer In via POS,1,San Antonio,USD,1.5
3124,1151,2026-04-27 05:21:45,Interest Credit,7290.0,118552.25,Online,,,Completed,Interest Credit via ATM,0,Los Angeles,USD,0
3125,291,2024-04-23 20:22:15,Withdrawal,2901.48,127543.27,Mobile App,Utilities,,Completed,Withdrawal via Mobile App,0,Phoenix,USD,0
3126,683,2024-03-22 18:03:09,Withdrawal,1330.73,6976.26,Online,Fuel,,Completed,Withdrawal via POS,0,Cambridge,USD,5
3127,1092,2024-09-02 06:29:02,Withdrawal,4317.0,53682.97,ATM,Entertainment,,Completed,Withdrawal via ATM,0,Boston,USD,2.5
3128,173,2026-09-11 02:23:04,Withdrawal,4927.94,52167.23,Online,Fuel,,Completed,Withdrawal via Online,0,Naperville,USD,0
3129,161,2025-05-05 16:49:03,Deposit,2832.56,15395.37,ATM,Fuel,,Completed,Deposit via ATM,1,Buffalo,USD,10
3130,677,2025-06-21 16:37:59,Transfer Out,336.72,257298.53,Mobile App,,1118,Completed,Transfer Out via POS,0,Miami,USD,2.5
3131,1068,2024-10-01 13:14:56,Withdrawal,2050.53,47345.22,Branch,Dining,,Completed,Withdrawal via Online,0,Dallas,USD,0
3132,708,2026-07-03 14:27:55,Bill Payment,7722.29,111509.17,Online,Education,,Completed,Bill Payment via ATM,0,Boulder,USD,0
3133,1130,2025-07-29 06:50:12,Deposit,2183.93,226673.98,Mobile App,,,Completed,Deposit via POS,0,Spokane,USD,0
3134,619,2026-06-04 17:35:26,Bill Payment,2338.02,204340.19,Online,Healthcare,,Completed,Bill Payment via ATM,0,Springfield,USD,10
3135,559,2024-01-23 14:50:46,Bill Payment,7762.36,236124.96,Mobile App,Retail,,Completed,Bill Payment via Branch,0,Worcester,USD,1.5
3136,927,2026-03-04 08:05:13,Deposit,5538.26,181232.64,Mobile App,Travel,,Completed,Deposit via Online,0,Boston,USD,0
3137,593,2025-10-17 09:04:00,Deposit,214.21,116830.03,Mobile App,Utilities,,Completed,Deposit via Online,0,Boston,USD,2.5
3138,381,2026-05-14 17:36:06,Transfer In,6505.35,129815.89,ATM,,886,Completed,Transfer In via POS,0,Dallas,USD,0
3139,313,2026-04-22 00:32:34,Withdrawal,7835.71,100128.38,Mobile App,Retail,,Completed,Withdrawal via POS,0,Denver,USD,0
3140,331,2025-07-25 17:06:37,Deposit,6095.99,151772.72,ATM,Fuel,,Completed,Deposit via Branch,0,Dallas,USD,2.5
3141,159,2026-04-24 05:33:05,Deposit,2735.91,59762.31,Online,Travel,,Completed,Deposit via Online,0,Jacksonville,USD,10
3142,971,2026-04-11 17:27:55,Deposit,3117.26,233307.62,Branch,Entertainment,,Completed,Deposit via Online,0,Rochester,USD,2.5
3143,407,2025-03-20 09:42:11,Transfer In,3941.28,177378.71,Branch,,73,Completed,Transfer In via ATM,0,Rochester,USD,2.5
3144,784,2025-07-29 22:30:43,Transfer Out,6463.89,114600.31,Branch,,557,Completed,Transfer Out via Branch,1,Jacksonville,USD,0
3145,206,2025-01-04 15:58:37,Withdrawal,4760.8,57422.24,Branch,Education,,Completed,Withdrawal via Online,0,Worcester,USD,5
3146,405,2024-05-27 12:16:20,Deposit,2424.55,2615.85,Mobile App,Travel,,Completed,Deposit via Branch,0,Seattle,USD,0
3147,506,2026-05-09 17:17:03,Deposit,6568.58,49348.18,Mobile App,Healthcare,,Completed,Deposit via Mobile App,0,Boston,USD,1.5
3148,858,2026-07-11 18:17:55,Fee,5648.24,84119.49,Mobile App,,,Completed,Fee via Branch,0,New York City,USD,0
3149,286,2025-08-07 00:44:13,Fee,5497.09,215649.13,Online,,,Completed,Fee via Branch,0,Phoenix,USD,0
3150,524,2024-08-08 13:39:33,Transfer Out,3253.61,117491.85,Online,,898,Pending,Transfer Out via Branch,0,San Antonio,USD,10
3151,1,2026-02-26 17:45:36,Interest Credit,3103.56,-292.85,Online,,,Completed,Interest Credit via Branch,1,Houston,USD,2.5
3152,576,2024-03-30 06:02:01,Deposit,2468.83,129795.57,ATM,Fuel,,Failed,Deposit via Online,0,Boston,USD,0
3153,291,2026-04-07 09:37:08,Transfer In,172.37,168494.25,Online,,389,Completed,Transfer In via ATM,0,New York City,USD,5
3154,813,2024-11-08 10:54:55,Withdrawal,7428.96,41788.51,Mobile App,Entertainment,,Completed,Withdrawal via Branch,0,Boston,USD,1.5
3155,642,2025-05-18 14:00:03,Interest Credit,1625.58,125449.39,Online,,,Failed,Interest Credit via Mobile App,0,Cambridge,USD,10
3156,627,2026-01-19 08:33:01,Withdrawal,5038.47,99237.0,Online,Dining,,Completed,Withdrawal via ATM,0,Austin,USD,0
3157,423,2026-01-23 00:50:30,Withdrawal,3908.05,191001.99,Mobile App,Education,,Completed,Withdrawal via Branch,0,Phoenix,USD,0
3158,351,2025-04-08 18:00:07,Bill Payment,3339.19,29603.95,Online,Fuel,,Completed,Bill Payment via POS,0,Dallas,USD,2.5
3159,245,2026-01-17 12:06:07,Withdrawal,3679.98,247130.82,POS,Retail,,Completed,Withdrawal via Branch,0,Spokane,USD,0
3160,816,2026-02-06 06:21:01,Deposit,3352.76,218257.72,POS,Dining,,Completed,Deposit via Online,0,Houston,USD,1.5
3161,174,2025-10-29 14:21:14,Bill Payment,4527.05,98224.48,Mobile App,Retail,,Completed,Bill Payment via Branch,0,Miami,USD,0
3162,691,2024-07-13 18:26:42,Interest Credit,3617.11,154962.79,Mobile App,,,Completed,Interest Credit via ATM,0,Los Angeles,USD,0
3163,113,2025-11-02 23:42:32,Bill Payment,7028.22,72828.02,Mobile App,Travel,,Completed,Bill Payment via ATM,0,Sacramento,USD,0
3164,961,2024-01-20 22:26:44,Withdrawal,6652.19,234835.94,Mobile App,Dining,,Completed,Withdrawal via Online,0,Tacoma,USD,0
3165,286,2026-01-12 22:11:06,Transfer Out,1236.69,119750.68,ATM,,73,Completed,Transfer Out via Branch,0,Buffalo,USD,0
3166,460,2024-05-01 14:48:13,Transfer Out,4940.21,15716.18,Mobile App,,736,Failed,Transfer Out via POS,0,Mesa,USD,0
3167,1109,2024-08-28 15:34:21,Bill Payment,3664.57,113019.15,POS,Dining,,Completed,Bill Payment via Mobile App,1,Albany,USD,0
3168,802,2025-08-06 07:46:37,Deposit,4413.12,45773.97,Online,Entertainment,,Completed,Deposit via Mobile App,0,Seattle,USD,1.5
3169,533,2024-01-11 09:56:40,Bill Payment,3017.54,68937.28,ATM,Fuel,,Completed,Bill Payment via ATM,0,Houston,USD,1.5
3170,1141,2026-08-14 14:36:48,Transfer Out,6476.86,151953.11,Mobile App,,253,Completed,Transfer Out via Branch,0,Boulder,USD,0
3171,129,2025-06-15 13:45:05,Withdrawal,6074.82,69181.4,Mobile App,Education,,Completed,Withdrawal via ATM,1,Austin,USD,0
3172,155,2026-05-01 03:00:53,Bill Payment,5065.62,105475.26,Mobile App,,,Completed,Bill Payment via Online,1,Tucson,USD,1.5
3173,1171,2026-09-09 18:56:40,Interest Credit,427.12,71959.24,Branch,,,Completed,Interest Credit via Mobile App,0,Albany,USD,0
3174,291,2024-11-02 18:12:59,Bill Payment,2251.35,197693.05,ATM,Entertainment,,Completed,Bill Payment via ATM,0,Orlando,USD,5
3175,367,2025-10-07 00:36:58,Withdrawal,470.45,198873.91,POS,Education,,Completed,Withdrawal via Mobile App,0,Jacksonville,USD,0
3176,402,2024-11-10 12:27:05,Transfer In,7831.55,124487.92,Mobile App,,656,Completed,Transfer In via Branch,0,Albany,USD,0
3177,849,2024-05-01 00:28:52,Fee,2680.15,68150.95,Mobile App,,,Completed,Fee via POS,0,Atlanta,USD,0
3178,884,2025-12-23 01:26:18,Withdrawal,3947.08,258246.41,ATM,Utilities,,Completed,Withdrawal via Online,0,Worcester,USD,1.5
3179,981,2024-02-12 04:16:20,Deposit,1524.57,13379.55,Mobile App,,,Completed,Deposit via Branch,0,Dallas,USD,2.5
3180,1068,2024-02-28 22:51:50,Bill Payment,7390.13,177507.63,Mobile App,Healthcare,,Completed,Bill Payment via POS,0,San Antonio,USD,0
3181,193,2025-06-14 01:21:26,Withdrawal,369.91,198666.78,Online,Travel,,Completed,Withdrawal via POS,1,Boulder,USD,0
3182,1045,2026-04-04 16:46:40,Transfer Out,783.51,250003.26,Online,,555,Completed,Transfer Out via Branch,0,Tampa,USD,0
3183,818,2026-03-07 00:08:29,Transfer In,3063.46,35429.23,ATM,,101,Completed,Transfer In via Branch,0,Springfield,USD,10
3184,1050,2026-05-03 20:58:41,Bill Payment,6323.91,140863.85,Mobile App,Utilities,,Completed,Bill Payment via POS,0,Denver,USD,10
3185,94,2025-12-16 17:52:04,Withdrawal,714.31,122272.1,POS,Entertainment,,Pending,Withdrawal via POS,0,Aurora,USD,0
3186,194,2024-02-12 15:08:43,Withdrawal,5635.91,217709.12,ATM,Entertainment,,Completed,Withdrawal via ATM,0,Seattle,USD,0
3187,43,2024-11-23 02:02:06,Withdrawal,2368.03,146576.37,Online,Retail,,Completed,Withdrawal via Branch,0,Worcester,USD,0
3188,616,2026-05-27 13:27:47,Transfer Out,6691.95,197311.39,Mobile App,,33,Completed,Transfer Out via Mobile App,0,Tampa,USD,0
3189,567,2024-10-25 17:42:59,Withdrawal,494.15,160035.49,ATM,Utilities,,Completed,Withdrawal via ATM,0,Phoenix,USD,5
3190,800,2025-12-14 04:54:18,Deposit,38.22,99590.17,Mobile App,Utilities,,Completed,Deposit via Online,0,Seattle,USD,0
3191,64,2024-07-25 04:06:06,Interest Credit,4180.04,31137.33,Branch,,,Completed,Interest Credit via ATM,0,Augusta,USD,5
3192,287,2024-03-10 12:56:47,Withdrawal,2249.88,12607.17,Online,Entertainment,,Completed,Withdrawal via Online,0,Tucson,USD,0
3193,170,2024-12-08 13:32:54,Bill Payment,6245.28,221605.64,Mobile App,Retail,,Completed,Bill Payment via ATM,0,Houston,USD,5
3194,16,2025-11-26 18:22:34,Interest Credit,7748.59,151063.91,Mobile App,,,Failed,Interest Credit via Mobile App,0,Albany,USD,0
3195,140,2026-02-24 10:39:00,Fee,233.48,112986.8,Mobile App,,,Completed,Fee via POS,1,Jacksonville,USD,10
3196,275,2025-05-10 04:43:38,Deposit,4366.63,204110.94,Online,Healthcare,,Completed,Deposit via POS,1,Sacramento,USD,1.5
3197,986,2025-01-13 08:33:14,Deposit,6916.16,179785.24,ATM,Healthcare,,Completed,Deposit via Branch,0,Spokane,USD,5
3198,710,2025-02-05 06:04:08,Withdrawal,7255.21,24419.47,Online,Entertainment,,Completed,Withdrawal via Mobile App,0,Tacoma,USD,10
3199,230,2026-07-02 04:22:55,Interest Credit,6578.33,34771.24,Mobile App,,,Completed,Interest Credit via POS,0,San Francisco,USD,2.5
3200,1079,2024-03-19 16:59:45,Bill Payment,1538.15,147255.73,Online,Healthcare,,Completed,Bill Payment via Branch,0,Worcester,USD,0
3201,741,2025-11-19 19:50:27,Bill Payment,2715.89,118631.93,ATM,Healthcare,,Completed,Bill Payment via Branch,0,Boulder,USD,1.5
3202,1097,2025-05-23 15:18:16,Deposit,4128.19,130042.89,Mobile App,Utilities,,Completed,Deposit via POS,0,Miami,USD,0
3203,518,2025-08-21 09:13:56,Withdrawal,7630.14,153278.87,Mobile App,Dining,,Completed,Withdrawal via POS,0,New York City,USD,0
3204,7,2025-07-21 05:07:03,Deposit,1927.33,140562.86,Mobile App,,,Completed,Deposit via ATM,0,Sacramento,USD,0
3205,1004,2024-07-27 13:37:39,Interest Credit,7000.52,88310.16,Branch,,,Completed,Interest Credit via POS,0,San Francisco,USD,0
3206,623,2024-08-29 12:15:07,Deposit,2716.46,190774.9,ATM,Healthcare,,Completed,Deposit via POS,0,San Diego,USD,2.5
3207,116,2025-09-09 10:40:12,Deposit,7337.05,145670.54,Branch,,,Completed,Deposit via POS,0,San Antonio,USD,0
3208,1069,2025-12-03 21:44:27,Transfer In,2137.44,47173.69,ATM,,1108,Completed,Transfer In via Mobile App,0,Miami,USD,5
3209,912,2025-09-17 09:04:24,Bill Payment,3802.74,117319.08,Mobile App,Utilities,,Completed,Bill Payment via POS,0,Seattle,USD,0
3210,788,2025-06-27 11:07:32,Transfer Out,2863.34,183316.77,Online,,558,Completed,Transfer Out via POS,0,Austin,USD,1.5
3211,198,2026-08-31 11:26:42,Bill Payment,2066.29,206270.21,Mobile App,Dining,,Completed,Bill Payment via Online,0,Mesa,USD,2.5
3212,693,2026-09-01 14:51:25,Deposit,3442.5,75366.56,Mobile App,Entertainment,,Completed,Deposit via POS,0,Augusta,USD,10
3213,1058,2026-04-19 20:54:18,Interest Credit,5726.44,224353.45,ATM,,,Completed,Interest Credit via ATM,1,Miami,USD,10
3214,128,2025-03-05 08:11:37,Transfer In,2230.65,76287.15,ATM,,166,Completed,Transfer In via Online,0,Seattle,USD,0
3215,1131,2024-12-31 23:37:50,Interest Credit,5978.43,141007.11,Mobile App,,,Completed,Interest Credit via Online,0,Augusta,USD,0
3216,639,2026-08-11 17:09:46,Transfer In,3502.53,206399.71,Mobile App,,402,Completed,Transfer In via Branch,0,Albany,USD,10
3217,466,2025-03-25 11:05:19,Withdrawal,4014.9,1015.51,Branch,,,Completed,Withdrawal via Online,0,Boulder,USD,1.5
3218,510,2024-09-02 19:37:23,Interest Credit,1433.22,14464.24,Mobile App,,,Pending,Interest Credit via POS,0,Augusta,USD,5
3219,209,2025-10-11 08:38:41,Transfer In,6418.39,12996.39,Mobile App,,386,Completed,Transfer In via ATM,0,Houston,USD,1.5
3220,813,2026-05-09 01:15:47,Transfer In,549.86,154333.7,Online,,40,Completed,Transfer In via ATM,0,Atlanta,USD,5
3221,334,2026-03-29 18:29:34,Withdrawal,5546.48,16067.6,POS,Dining,,Completed,Withdrawal via POS,0,Aurora,USD,0
3222,710,2024-08-26 22:19:09,Transfer In,7323.11,95888.67,ATM,,704,Completed,Transfer In via Online,0,Houston,USD,2.5
3223,874,2025-05-01 08:50:57,Fee,6667.67,98145.94,Branch,,,Failed,Fee via Online,0,Albany,USD,10
3224,764,2024-07-04 13:34:20,Transfer In,6416.55,3696.5,ATM,,384,Completed,Transfer In via POS,0,Orlando,USD,0
3225,657,2024-12-12 00:34:26,Deposit,238.76,166222.16,Mobile App,Travel,,Completed,Deposit via ATM,1,Tucson,USD,0
3226,10,2026-05-25 11:11:28,Bill Payment,1736.25,134086.33,Online,Entertainment,,Completed,Bill Payment via Branch,0,Tucson,USD,10
3227,749,2024-04-11 01:25:37,Transfer In,3809.45,243106.17,Online,,555,Completed,Transfer In via Branch,0,Springfield,USD,0
3228,602,2024-10-16 14:19:37,Transfer In,1253.89,156332.71,POS,,1151,Completed,Transfer In via Mobile App,0,Mesa,USD,1.5
3229,896,2025-01-27 02:26:18,Bill Payment,4239.6,141875.86,Online,Fuel,,Completed,Bill Payment via ATM,0,Rochester,USD,1.5
3230,282,2025-11-08 11:38:22,Transfer In,1940.4,138998.02,ATM,,791,Completed,Transfer In via POS,1,Austin,USD,5
3231,709,2024-02-12 12:03:06,Deposit,5337.87,253544.3,Branch,Fuel,,Completed,Deposit via POS,0,Aurora,USD,5
3232,493,2024-05-13 18:08:27,Withdrawal,5018.39,72577.91,Mobile App,Entertainment,,Completed,Withdrawal via Mobile App,0,Worcester,USD,0
3233,1197,2025-05-22 01:00:27,Transfer In,5769.88,48635.93,Online,,38,Completed,Transfer In via Branch,0,Worcester,USD,0
3234,840,2024-08-27 12:06:05,Bill Payment,4046.6,173507.75,Online,Education,,Completed,Bill Payment via Online,0,Rochester,USD,0
3235,677,2025-04-30 04:28:53,Bill Payment,248.13,121314.31,POS,Healthcare,,Completed,Bill Payment via Branch,0,Boston,USD,0
3236,537,2025-04-01 00:31:28,Bill Payment,2647.02,186962.39,Mobile App,Education,,Completed,Bill Payment via Online,0,New York City,USD,0
3237,601,2026-05-03 13:11:42,Fee,5414.88,59161.77,Online,,,Completed,Fee via POS,0,Mesa,USD,0
3238,1089,2025-06-27 14:42:31,Bill Payment,5856.41,109928.74,Mobile App,Education,,Completed,Bill Payment via Online,0,Worcester,USD,0
3239,210,2025-02-24 23:32:00,Transfer In,6399.91,146468.25,Online,,717,Completed,Transfer In via ATM,1,Tacoma,USD,2.5
3240,338,2026-02-03 04:16:10,Deposit,2469.4,66896.24,Online,Dining,,Completed,Deposit via Online,0,Savannah,USD,10
3241,1150,2025-01-12 10:53:36,Transfer In,6352.35,238931.23,ATM,,401,Completed,Transfer In via Branch,0,Rochester,USD,0
3242,949,2024-01-05 16:14:19,Bill Payment,664.92,129127.46,ATM,Utilities,,Completed,Bill Payment via Online,0,Sacramento,USD,0
3243,1093,2026-07-01 06:49:29,Withdrawal,7790.21,211671.8,Branch,Healthcare,,Completed,Withdrawal via Mobile App,0,Orlando,USD,0
3244,1148,2024-10-21 09:29:13,Deposit,7068.17,47317.6,POS,Utilities,,Completed,Deposit via ATM,0,Jacksonville,USD,5
3245,800,2025-06-04 04:44:26,Transfer Out,5812.57,161404.06,Branch,,538,Completed,Transfer Out via ATM,0,Augusta,USD,10
3246,423,2025-01-11 22:56:01,Deposit,7844.07,231849.04,Online,Fuel,,Completed,Deposit via Mobile App,0,Dallas,USD,0
3247,955,2024-09-11 09:03:48,Deposit,1153.37,100801.76,Online,Entertainment,,Completed,Deposit via POS,0,San Francisco,USD,0
3248,778,2024-03-09 13:12:54,Withdrawal,6507.48,75792.08,Online,,,Pending,Withdrawal via Mobile App,0,Cambridge,USD,1.5
3249,831,2025-12-04 09:15:32,Bill Payment,2656.13,239564.28,Online,Education,,Completed,Bill Payment via Online,0,Seattle,USD,5
3250,497,2025-02-15 09:13:18,Deposit,5824.33,206733.04,Mobile App,Entertainment,,Completed,Deposit via Branch,0,Jacksonville,USD,0
3251,1057,2024-02-04 21:24:28,Deposit,644.45,7971.9,POS,Dining,,Completed,Deposit via ATM,1,Boulder,USD,2.5
3252,161,2024-04-14 15:12:07,Withdrawal,4079.48,83072.94,Mobile App,Groceries,,Completed,Withdrawal via Online,0,Tampa,USD,10
3253,17,2026-09-24 04:15:46,Deposit,4301.71,128517.6,Online,Fuel,,Completed,Deposit via ATM,0,Albany,USD,5
3254,55,2025-04-05 21:41:05,Transfer In,2299.08,131483.04,Branch,,951,Completed,Transfer In via Mobile App,1,Seattle,USD,5
3255,558,2026-08-04 21:24:38,Interest Credit,1757.81,201428.97,Mobile App,,,Pending,Interest Credit via Branch,0,Tampa,USD,2.5
3256,528,2025-09-25 08:04:58,Withdrawal,5723.43,59863.51,Mobile App,Fuel,,Completed,Withdrawal via POS,0,Cambridge,USD,1.5
3257,699,2024-07-23 07:52:39,Transfer Out,4904.08,36912.0,Branch,,1118,Completed,Transfer Out via Branch,0,Austin,USD,0
3258,729,2025-06-18 08:13:02,Interest Credit,2928.69,129369.06,Online,,,Completed,Interest Credit via POS,0,Orlando,USD,0
3259,978,2026-03-27 11:58:34,Transfer Out,2141.54,239861.3,Mobile App,,262,Completed,Transfer Out via Mobile App,0,Sacramento,USD,10
3260,1021,2026-07-06 04:59:33,Bill Payment,5629.19,218512.02,Branch,Dining,,Completed,Bill Payment via Online,0,Mesa,USD,2.5
3261,898,2025-02-12 18:36:47,Deposit,1848.31,95952.28,Mobile App,Utilities,,Pending,Deposit via POS,0,Orlando,USD,0
3262,85,2024-09-22 01:40:28,Deposit,1262.72,81130.82,Mobile App,Entertainment,,Completed,Deposit via Branch,0,Springfield,USD,5
3263,1083,2026-08-31 08:41:40,Withdrawal,4110.83,209553.28,Mobile App,Utilities,,Completed,Withdrawal via Online,0,Atlanta,USD,10
3264,277,2026-08-19 09:47:21,Withdrawal,5451.68,89692.85,Mobile App,Fuel,,Completed,Withdrawal via ATM,0,Augusta,USD,1.5
3265,378,2024-02-07 09:33:47,Deposit,58.53,142046.17,Online,Travel,,Completed,Deposit via POS,1,San Francisco,USD,10
3266,511,2025-10-29 22:33:58,Transfer In,3316.39,147106.14,Online,,630,Completed,Transfer In via POS,0,Los Angeles,USD,0
3267,1154,2025-06-29 18:27:39,Bill Payment,5305.92,55804.95,Mobile App,Entertainment,,Completed,Bill Payment via Online,0,Miami,USD,2.5
3268,55,2024-05-15 02:21:22,Deposit,7118.2,229259.73,POS,Utilities,,Completed,Deposit via ATM,1,San Diego,USD,0
3269,367,2026-09-05 04:03:17,Deposit,445.2,32389.33,ATM,Travel,,Completed,Deposit via Branch,0,Atlanta,USD,5
3270,101,2024-01-09 06:08:39,Transfer Out,4229.07,109262.91,ATM,,597,Completed,Transfer Out via ATM,0,Naperville,USD,10
3271,1099,2024-05-22 10:11:16,Deposit,6471.74,232995.06,Online,Healthcare,,Completed,Deposit via ATM,0,Miami,USD,0
3272,804,2025-02-22 20:37:00,Transfer In,471.01,132903.09,Online,,826,Completed,Transfer In via Mobile App,0,San Diego,USD,0
3273,953,2025-02-25 09:01:46,Interest Credit,1578.85,109275.92,Branch,,,Pending,Interest Credit via ATM,0,Seattle,USD,2.5
3274,32,2026-07-20 18:13:55,Withdrawal,7738.25,31180.71,Online,Travel,,Completed,Withdrawal via ATM,1,Atlanta,USD,0
3275,564,2025-05-23 02:12:20,Fee,5289.99,245257.01,Online,,,Completed,Fee via Online,0,Seattle,USD,5
3276,1100,2024-04-12 05:50:55,Transfer In,3737.14,105874.58,Mobile App,,521,Completed,Transfer In via Branch,0,Seattle,USD,0
3277,36,2025-09-24 11:49:10,Deposit,7232.47,217265.4,ATM,Groceries,,Completed,Deposit via Mobile App,0,Phoenix,USD,1.5
3278,1002,2025-11-06 01:54:15,Bill Payment,142.85,60945.81,Mobile App,Fuel,,Completed,Bill Payment via Branch,0,Tampa,USD,0
3279,985,2025-03-28 09:08:43,Transfer In,6166.0,166256.0,ATM,,337,Pending,Transfer In via Branch,0,San Diego,USD,0
3280,702,2025-06-11 19:27:33,Withdrawal,3768.37,94698.43,Online,Retail,,Completed,Withdrawal via Mobile App,0,Sacramento,USD,0
3281,39,2025-07-31 20:29:10,Fee,4789.66,221342.21,ATM,,,Completed,Fee via Branch,0,Springfield,USD,10
3282,489,2025-08-13 19:02:57,Transfer Out,5005.84,248751.55,Online,,423,Completed,Transfer Out via Online,0,Boston,USD,5
3283,462,2026-03-03 15:48:08,Deposit,2563.65,163940.1,Mobile App,Healthcare,,Completed,Deposit via ATM,0,Savannah,USD,10
3284,694,2026-07-13 17:05:06,Transfer In,792.6,26727.6,Mobile App,,435,Completed,Transfer In via POS,0,Miami,USD,10
3285,112,2025-07-28 04:39:02,Bill Payment,4302.34,65103.63,Online,Entertainment,,Completed,Bill Payment via ATM,0,Miami,USD,0
3286,501,2025-07-27 23:34:42,Transfer In,5720.7,221384.39,Online,,611,Completed,Transfer In via POS,0,Boston,USD,1.5
3287,662,2024-02-14 19:31:51,Transfer In,530.48,63396.17,Mobile App,,920,Completed,Transfer In via ATM,0,Cambridge,USD,2.5
3288,395,2025-05-09 07:21:22,Transfer In,2771.27,125434.26,ATM,,1158,Completed,Transfer In via ATM,0,Buffalo,USD,5
3289,338,2024-09-16 14:34:45,Bill Payment,3846.57,107620.95,Mobile App,Healthcare,,Completed,Bill Payment via POS,0,Los Angeles,USD,5
3290,46,2026-01-24 15:49:08,Withdrawal,4045.95,213038.06,ATM,,,Failed,Withdrawal via Mobile App,0,Dallas,USD,0
3291,1139,2026-07-04 14:35:17,Deposit,4619.75,183009.63,POS,Utilities,,Completed,Deposit via Mobile App,0,Savannah,USD,0
3292,46,2026-05-08 13:07:00,Transfer Out,2577.6,179060.01,ATM,,406,Failed,Transfer Out via POS,0,New York City,USD,5
3293,1186,2025-09-17 10:37:36,Deposit,5489.92,170727.57,Branch,Utilities,,Completed,Deposit via Mobile App,0,Spokane,USD,1.5
3294,783,2025-11-21 16:06:40,Interest Credit,5341.69,42430.11,ATM,,,Completed,Interest Credit via POS,0,Buffalo,USD,2.5
3295,703,2024-01-04 14:04:41,Transfer Out,1928.62,49915.33,Mobile App,,23,Completed,Transfer Out via POS,0,Savannah,USD,5
3296,504,2024-06-22 08:28:19,Withdrawal,2322.31,186386.81,Mobile App,Utilities,,Completed,Withdrawal via Online,0,Naperville,USD,0
3297,175,2025-05-19 15:28:48,Fee,6671.16,234610.24,Online,,,Pending,Fee via Mobile App,0,Phoenix,USD,0
3298,591,2026-02-01 00:06:12,Deposit,4665.65,34073.6,POS,Travel,,Completed,Deposit via POS,0,Mesa,USD,0
3299,1006,2024-10-04 15:54:58,Transfer In,754.9,57187.76,ATM,,14,Completed,Transfer In via Mobile App,0,Cambridge,USD,0
3300,1021,2025-09-04 10:31:48,Withdrawal,3642.76,25636.94,Online,Entertainment,,Completed,Withdrawal via Online,0,Los Angeles,USD,0
3301,128,2025-03-29 10:27:55,Deposit,127.82,57647.28,ATM,Utilities,,Completed,Deposit via Branch,0,Springfield,USD,0
3302,523,2024-09-26 01:59:46,Fee,642.11,188379.96,Mobile App,,,Completed,Fee via POS,0,Atlanta,USD,0
3303,1189,2024-11-15 06:16:12,Deposit,6144.05,67840.52,Branch,Dining,,Completed,Deposit via Mobile App,1,Spokane,USD,5
3304,155,2026-08-16 23:52:04,Transfer In,7358.11,109685.06,Online,,636,Completed,Transfer In via POS,0,Miami,USD,0
3305,814,2024-04-21 15:53:21,Interest Credit,4970.2,114099.69,Online,,,Completed,Interest Credit via POS,0,Boulder,USD,10
3306,244,2025-12-06 11:57:10,Transfer Out,5580.27,224815.28,Mobile App,,31,Completed,Transfer Out via POS,0,Augusta,USD,2.5
3307,865,2026-04-09 11:54:00,Deposit,3763.5,97193.23,Mobile App,,,Completed,Deposit via Mobile App,0,San Antonio,USD,5
3308,1176,2026-02-04 09:14:58,Fee,6979.09,188921.16,POS,,,Completed,Fee via ATM,0,Boulder,USD,5
3309,772,2025-06-20 13:29:42,Withdrawal,7362.23,240696.66,Mobile App,Entertainment,,Completed,Withdrawal via POS,0,Spokane,USD,10
3310,1005,2026-06-09 23:18:26,Transfer In,1715.46,2106.68,Mobile App,,1039,Completed,Transfer In via Mobile App,0,Miami,USD,0
3311,973,2024-05-15 12:19:01,Withdrawal,7207.54,60566.56,Online,,,Completed,Withdrawal via ATM,1,Rochester,USD,5
3312,1022,2025-05-04 23:28:24,Transfer Out,3237.69,115584.92,Online,,692,Completed,Transfer Out via POS,0,Savannah,USD,1.5
3313,825,2025-03-28 14:32:14,Deposit,5948.71,38717.45,POS,Healthcare,,Pending,Deposit via Branch,0,Jacksonville,USD,0
3314,7,2026-06-05 11:44:48,Transfer Out,4114.07,176275.07,Online,,899,Completed,Transfer Out via POS,0,Los Angeles,USD,0
3315,321,2024-01-22 05:31:49,Transfer Out,6535.5,201631.25,Mobile App,,684,Completed,Transfer Out via POS,0,Sacramento,USD,0
3316,1021,2026-08-23 21:35:21,Bill Payment,259.9,189762.62,Mobile App,,,Completed,Bill Payment via POS,0,Los Angeles,USD,5
3317,261,2026-03-15 10:22:05,Deposit,5299.57,88598.31,Branch,Utilities,,Completed,Deposit via Online,0,Denver,USD,1.5
3318,931,2026-08-15 22:27:35,Deposit,4369.89,139803.28,Online,Entertainment,,Completed,Deposit via Mobile App,0,Albany,USD,1.5
3319,1083,2026-09-10 03:34:39,Transfer Out,6630.67,60777.35,Branch,,773,Completed,Transfer Out via ATM,1,Chicago,USD,0
3320,856,2026-02-26 06:12:15,Interest Credit,5050.97,202190.26,Mobile App,,,Failed,Interest Credit via Branch,0,Boulder,USD,5
3321,336,2026-01-26 01:03:07,Transfer Out,3942.4,231286.89,Branch,,171,Completed,Transfer Out via Online,0,Boston,USD,5
3322,920,2026-04-17 11:10:13,Deposit,5416.95,18075.28,Online,,,Completed,Deposit via ATM,0,Tacoma,USD,0
3323,93,2026-03-30 02:51:56,Transfer In,632.69,224999.64,Online,,1057,Completed,Transfer In via ATM,0,Austin,USD,0
3324,215,2026-02-13 02:36:00,Interest Credit,4663.07,102168.69,Branch,,,Completed,Interest Credit via Online,0,Austin,USD,10
3325,488,2026-02-03 03:14:47,Withdrawal,7506.51,233571.46,Branch,Fuel,,Completed,Withdrawal via Mobile App,0,Atlanta,USD,2.5
3326,615,2024-02-05 01:04:09,Withdrawal,6453.52,249083.49,Mobile App,Dining,,Failed,Withdrawal via Online,0,Houston,USD,5
3327,618,2024-10-31 10:57:42,Bill Payment,701.56,104417.46,ATM,Retail,,Completed,Bill Payment via Branch,0,Worcester,USD,1.5
3328,1043,2024-07-26 20:21:12,Withdrawal,157.51,243557.82,Branch,Fuel,,Completed,Withdrawal via Online,0,Los Angeles,USD,0
3329,1161,2025-05-17 20:51:25,Deposit,2930.31,66027.99,ATM,Retail,,Completed,Deposit via Mobile App,0,Mesa,USD,10
3330,1039,2025-06-05 16:07:42,Transfer Out,6578.96,67362.4,Branch,,426,Completed,Transfer Out via Online,1,Springfield,USD,5
3331,563,2024-03-05 21:01:05,Bill Payment,523.3,54611.03,Mobile App,Healthcare,,Completed,Bill Payment via Online,0,Atlanta,USD,0
3332,1067,2025-05-07 10:20:23,Withdrawal,7580.42,243815.23,Online,Retail,,Completed,Withdrawal via Online,0,Boston,USD,2.5
3333,202,2025-07-01 06:43:08,Bill Payment,1639.61,20478.59,ATM,Fuel,,Completed,Bill Payment via POS,0,Rochester,USD,5
3334,574,2025-03-18 07:13:34,Interest Credit,1888.02,133309.07,Mobile App,,,Completed,Interest Credit via POS,0,Albany,USD,0
3335,743,2026-01-15 22:02:00,Deposit,4847.4,223011.86,Branch,Retail,,Completed,Deposit via Branch,0,Boston,USD,0
3336,651,2026-08-17 21:02:50,Transfer Out,1764.13,110265.94,Online,,1132,Completed,Transfer Out via ATM,1,Albany,USD,1.5
3337,1176,2024-08-09 23:59:43,Bill Payment,1124.28,-1318.85,ATM,Travel,,Completed,Bill Payment via Branch,0,San Antonio,USD,0
3338,349,2024-08-21 13:38:25,Withdrawal,931.92,147476.27,Online,Fuel,,Completed,Withdrawal via POS,0,Denver,USD,0
3339,195,2025-02-07 21:26:44,Transfer In,4905.45,60131.98,Mobile App,,306,Completed,Transfer In via POS,0,Orlando,USD,2.5
3340,423,2026-01-29 11:00:55,Deposit,2989.86,111123.87,Mobile App,Healthcare,,Completed,Deposit via Mobile App,0,Seattle,USD,2.5
3341,46,2025-03-24 14:35:40,Bill Payment,5751.36,148521.97,ATM,Groceries,,Completed,Bill Payment via Mobile App,0,Cambridge,USD,0
3342,1090,2026-04-07 17:47:27,Bill Payment,4308.39,138474.68,ATM,Utilities,,Completed,Bill Payment via POS,0,Dallas,USD,5
3343,399,2024-04-04 02:30:29,Withdrawal,4785.15,53526.65,Online,Groceries,,Completed,Withdrawal via Mobile App,0,Buffalo,USD,0
3344,446,2025-12-17 00:36:17,Fee,7664.23,64076.57,Mobile App,,,Completed,Fee via POS,0,Boston,USD,0
3345,325,2025-08-26 19:59:11,Withdrawal,836.7,259792.75,Mobile App,Healthcare,,Completed,Withdrawal via POS,0,Atlanta,USD,0
3346,569,2025-09-13 10:38:19,Withdrawal,2267.85,114008.61,Branch,Utilities,,Completed,Withdrawal via ATM,0,Tucson,USD,1.5
3347,69,2024-04-22 11:47:58,Withdrawal,2577.31,54834.89,Online,Healthcare,,Completed,Withdrawal via Online,0,Springfield,USD,0
3348,569,2026-08-07 14:39:40,Bill Payment,954.02,94689.68,Mobile App,,,Completed,Bill Payment via POS,0,Spokane,USD,1.5
3349,1012,2024-07-11 14:46:09,Deposit,4352.23,192898.93,Mobile App,Utilities,,Completed,Deposit via Mobile App,0,Atlanta,USD,0
3350,213,2026-04-04 06:04:06,Bill Payment,7511.2,4884.68,ATM,Dining,,Completed,Bill Payment via Mobile App,1,Chicago,USD,1.5
3351,1123,2026-05-21 14:25:23,Interest Credit,1324.29,133714.33,Online,,,Completed,Interest Credit via ATM,0,Aurora,USD,0
3352,12,2026-08-25 09:15:48,Withdrawal,3402.7,188772.81,Mobile App,Dining,,Completed,Withdrawal via ATM,0,San Francisco,USD,10
3353,1029,2024-07-04 22:00:40,Fee,4753.78,132777.8,ATM,,,Pending,Fee via POS,0,Atlanta,USD,0
3354,236,2024-05-07 11:03:38,Deposit,5628.69,69720.83,ATM,,,Completed,Deposit via Online,0,Austin,USD,0
3355,102,2024-05-12 23:22:14,Bill Payment,3921.72,32244.26,Mobile App,,,Completed,Bill Payment via Branch,0,San Francisco,USD,0
3356,344,2024-09-20 23:28:50,Deposit,4783.49,219112.18,Mobile App,Dining,,Completed,Deposit via POS,0,Aurora,USD,0
3357,682,2024-06-15 12:36:02,Bill Payment,5531.95,241231.55,ATM,Entertainment,,Completed,Bill Payment via Branch,0,Albany,USD,1.5
3358,101,2024-02-09 10:33:52,Transfer Out,6846.15,122085.0,ATM,,959,Completed,Transfer Out via POS,0,Dallas,USD,2.5
3359,101,2024-09-18 10:36:40,Fee,4339.04,36886.43,Online,,,Completed,Fee via POS,0,Savannah,USD,0
3360,103,2025-10-15 21:33:38,Transfer Out,940.95,20076.99,ATM,,734,Completed,Transfer Out via POS,0,Augusta,USD,0
3361,45,2024-06-19 01:04:40,Interest Credit,4669.13,186279.08,POS,,,Completed,Interest Credit via Online,0,Dallas,USD,10
3362,226,2026-05-18 03:37:21,Withdrawal,4663.75,59494.03,Branch,Groceries,,Completed,Withdrawal via Mobile App,0,New York City,USD,2.5
3363,44,2026-06-11 15:35:42,Bill Payment,1172.2,148861.73,Online,,,Completed,Bill Payment via Branch,0,Tampa,USD,0
3364,1156,2025-09-01 23:46:34,Interest Credit,5503.26,139736.42,Mobile App,,,Completed,Interest Credit via ATM,0,Rochester,USD,2.5
3365,664,2025-12-23 17:06:30,Bill Payment,658.36,77129.16,Mobile App,,,Completed,Bill Payment via ATM,0,Austin,USD,0
3366,97,2024-12-21 09:17:41,Withdrawal,1513.31,211469.05,Mobile App,Retail,,Completed,Withdrawal via ATM,0,Mesa,USD,0
3367,414,2025-04-05 21:38:21,Withdrawal,7661.53,95687.49,Online,Utilities,,Completed,Withdrawal via POS,0,Cambridge,USD,5
3368,508,2024-01-08 07:23:44,Bill Payment,886.22,172677.63,Online,Entertainment,,Completed,Bill Payment via ATM,0,Seattle,USD,0
3369,238,2026-01-26 10:42:13,Deposit,7199.99,197080.07,Online,Education,,Completed,Deposit via Online,0,San Antonio,USD,0
3370,792,2024-03-07 03:39:08,Withdrawal,4647.36,122675.77,Branch,Utilities,,Completed,Withdrawal via Mobile App,0,San Antonio,USD,1.5
3371,457,2024-02-26 11:36:49,Deposit,6313.21,4077.23,Mobile App,Entertainment,,Completed,Deposit via ATM,0,Sacramento,USD,0
3372,221,2025-11-19 18:15:50,Deposit,3281.82,41132.22,Branch,Education,,Completed,Deposit via Branch,0,Chicago,USD,2.5
3373,165,2025-11-19 02:06:52,Bill Payment,4864.8,29574.09,Online,Education,,Completed,Bill Payment via Online,0,Houston,USD,10
3374,231,2026-04-17 04:30:36,Withdrawal,6980.75,149726.72,Mobile App,Retail,,Completed,Withdrawal via Branch,0,Chicago,USD,0
3375,59,2024-09-28 13:36:43,Interest Credit,2272.62,69472.29,Online,,,Completed,Interest Credit via ATM,0,Los Angeles,USD,5
3376,668,2025-07-17 21:30:22,Transfer In,4329.77,181798.08,ATM,,1098,Pending,Transfer In via Branch,0,Mesa,USD,0
3377,798,2024-06-08 05:48:21,Bill Payment,2308.06,183395.26,Online,Travel,,Completed,Bill Payment via POS,0,San Francisco,USD,5
3378,570,2025-01-05 11:44:05,Deposit,927.06,115222.99,ATM,Retail,,Completed,Deposit via POS,0,Dallas,USD,0
3379,668,2026-02-18 05:19:01,Transfer Out,6638.08,139560.73,Branch,,53,Completed,Transfer Out via Online,0,Atlanta,USD,2.5
3380,1092,2026-04-18 12:11:58,Deposit,1509.74,93451.86,Mobile App,Education,,Completed,Deposit via Online,0,Jacksonville,USD,1.5
3381,947,2025-10-03 23:02:28,Interest Credit,852.43,36715.45,POS,,,Completed,Interest Credit via POS,0,Los Angeles,USD,10
3382,1143,2024-02-29 09:04:39,Fee,7946.08,182720.46,Mobile App,,,Completed,Fee via ATM,0,San Diego,USD,0
3383,47,2025-04-26 18:08:16,Transfer In,6213.21,119629.79,Online,,248,Completed,Transfer In via Branch,0,Aurora,USD,0
3384,174,2025-09-06 21:26:28,Bill Payment,5735.28,168373.14,ATM,,,Completed,Bill Payment via Mobile App,0,Savannah,USD,0
3385,1118,2024-04-08 14:14:03,Deposit,7979.91,79497.24,Branch,Entertainment,,Completed,Deposit via ATM,0,New York City,USD,2.5
3386,909,2025-09-25 00:33:24,Fee,2527.96,22225.37,Branch,,,Completed,Fee via Online,0,Phoenix,USD,2.5
3387,180,2024-05-24 03:41:43,Transfer Out,514.81,221685.23,Online,,1175,Pending,Transfer Out via ATM,1,Chicago,USD,0
3388,44,2026-01-19 03:38:13,Withdrawal,7447.12,79550.44,Online,Entertainment,,Completed,Withdrawal via Online,0,San Antonio,USD,5
3389,716,2025-06-26 21:33:21,Withdrawal,7226.59,117669.07,Mobile App,,,Completed,Withdrawal via Branch,0,Sacramento,USD,10
3390,827,2025-04-09 16:26:11,Withdrawal,3221.53,181811.32,Mobile App,Healthcare,,Completed,Withdrawal via Branch,0,Jacksonville,USD,0
3391,657,2025-08-09 04:58:00,Transfer In,4751.84,103948.1,Mobile App,,19,Completed,Transfer In via ATM,0,New York City,USD,1.5
3392,756,2026-01-03 21:47:27,Bill Payment,6366.65,142273.66,Online,Fuel,,Completed,Bill Payment via POS,0,Boulder,USD,0
3393,211,2025-04-18 17:16:56,Transfer Out,7934.4,29377.71,Mobile App,,942,Completed,Transfer Out via Branch,0,Tampa,USD,2.5
3394,370,2026-01-12 22:04:46,Fee,14.78,118811.44,Online,,,Completed,Fee via Mobile App,0,Boulder,USD,0
3395,418,2026-09-07 23:56:37,Deposit,7759.07,47756.9,Mobile App,Utilities,,Completed,Deposit via Branch,0,Los Angeles,USD,0
3396,1129,2026-05-13 19:39:26,Deposit,1622.02,166634.48,Mobile App,Dining,,Completed,Deposit via Online,0,Tampa,USD,0
3397,565,2025-07-27 04:30:07,Bill Payment,6955.39,121414.09,Branch,Retail,,Completed,Bill Payment via ATM,0,Savannah,USD,0
3398,477,2024-07-23 06:38:29,Deposit,624.76,75294.79,Online,Retail,,Completed,Deposit via Mobile App,0,Tucson,USD,2.5
3399,396,2024-06-26 02:25:39,Bill Payment,6214.31,140246.73,Mobile App,Entertainment,,Completed,Bill Payment via Mobile App,0,Buffalo,USD,0
3400,706,2024-03-18 23:20:12,Deposit,5630.73,106718.93,Online,,,Completed,Deposit via ATM,0,Miami,USD,0
3401,97,2025-05-10 00:24:20,Withdrawal,1064.92,111719.4,POS,Utilities,,Completed,Withdrawal via POS,0,Los Angeles,USD,0
3402,1049,2024-10-24 22:48:18,Deposit,7947.19,86088.93,Branch,Healthcare,,Completed,Deposit via ATM,0,Savannah,USD,0
3403,366,2024-05-23 20:45:16,Deposit,4371.41,74075.92,Mobile App,Travel,,Completed,Deposit via POS,0,Seattle,USD,1.5
3404,701,2024-10-16 00:48:04,Transfer Out,7062.81,191060.3,Mobile App,,895,Completed,Transfer Out via Mobile App,0,Miami,USD,5
3405,925,2024-09-21 11:37:58,Bill Payment,823.83,194447.2,ATM,Utilities,,Completed,Bill Payment via Online,0,Mesa,USD,1.5
3406,251,2026-06-07 07:03:00,Transfer Out,7745.24,97724.33,POS,,698,Completed,Transfer Out via Branch,0,Los Angeles,USD,0
3407,268,2025-10-06 09:28:31,Deposit,7824.36,58514.56,POS,Dining,,Completed,Deposit via Mobile App,0,Orlando,USD,0
3408,729,2024-08-01 13:22:00,Fee,6489.68,161112.46,Online,,,Completed,Fee via ATM,0,Spokane,USD,0
3409,332,2025-02-22 09:03:43,Transfer In,6757.62,53627.17,ATM,,1185,Completed,Transfer In via Mobile App,0,New York City,USD,0
3410,239,2024-04-17 15:59:48,Bill Payment,751.99,17691.93,ATM,Travel,,Completed,Bill Payment via ATM,0,Chicago,USD,5
3411,74,2026-04-06 18:43:41,Deposit,2655.7,79571.06,Branch,Groceries,,Completed,Deposit via Mobile App,0,Boston,USD,2.5
3412,183,2024-02-21 12:20:49,Deposit,4388.72,91879.11,Online,,,Completed,Deposit via Branch,0,Aurora,USD,0
3413,1175,2024-07-11 00:49:03,Fee,5903.88,138.03,Branch,,,Completed,Fee via Online,0,San Francisco,USD,10
3414,839,2025-01-16 19:21:44,Transfer Out,5802.24,91507.15,Online,,893,Completed,Transfer Out via Online,0,Atlanta,USD,0
3415,1135,2025-03-06 18:11:23,Transfer Out,2054.21,197792.11,ATM,,484,Completed,Transfer Out via Online,0,Jacksonville,USD,1.5
3416,929,2025-11-17 04:00:44,Withdrawal,5628.64,246673.12,Online,Utilities,,Completed,Withdrawal via Online,0,Tucson,USD,0
3417,1143,2024-08-02 16:22:05,Deposit,1311.02,175905.17,Online,Entertainment,,Completed,Deposit via Online,0,Seattle,USD,1.5
3418,1076,2025-04-18 22:35:33,Withdrawal,5320.49,205258.16,Mobile App,,,Completed,Withdrawal via Online,0,Chicago,USD,0
3419,242,2024-05-29 00:15:21,Transfer Out,3710.43,65261.73,Online,,191,Completed,Transfer Out via ATM,0,Austin,USD,1.5
3420,480,2025-02-02 13:22:55,Fee,1041.53,103643.71,Branch,,,Completed,Fee via Branch,0,Atlanta,USD,2.5
3421,541,2025-11-24 01:40:18,Withdrawal,7391.04,232836.37,Mobile App,Dining,,Completed,Withdrawal via Branch,0,Los Angeles,USD,5
3422,960,2024-06-18 11:53:35,Transfer In,6886.4,13791.73,Online,,446,Completed,Transfer In via POS,0,Orlando,USD,1.5
3423,820,2026-07-21 09:09:31,Transfer Out,1291.4,88039.23,Mobile App,,981,Completed,Transfer Out via ATM,0,Austin,USD,0
3424,1125,2024-05-31 03:26:41,Interest Credit,4138.39,177225.87,Mobile App,,,Completed,Interest Credit via Branch,0,Spokane,USD,0
3425,907,2024-02-05 01:51:46,Withdrawal,4005.4,165303.47,Branch,Education,,Completed,Withdrawal via ATM,0,San Antonio,USD,2.5
3426,193,2025-08-16 08:49:29,Bill Payment,2124.65,118678.86,Online,Dining,,Completed,Bill Payment via Mobile App,0,Mesa,USD,5
3427,332,2026-02-16 20:58:27,Bill Payment,7004.98,79157.5,Mobile App,Dining,,Completed,Bill Payment via Online,0,Savannah,USD,5
3428,719,2024-08-23 23:20:50,Deposit,6767.81,153305.64,Online,Entertainment,,Completed,Deposit via ATM,0,Chicago,USD,5
3429,436,2026-06-10 11:25:25,Withdrawal,2096.57,72386.58,Mobile App,Healthcare,,Completed,Withdrawal via Branch,0,Aurora,USD,1.5
3430,1147,2025-02-17 06:37:58,Deposit,635.82,249425.74,Mobile App,Groceries,,Completed,Deposit via POS,0,Tampa,USD,0
3431,1159,2024-05-15 06:30:03,Bill Payment,5231.51,37702.9,ATM,Dining,,Completed,Bill Payment via Online,0,Denver,USD,5
3432,835,2025-07-24 02:22:12,Fee,4739.02,9954.53,Mobile App,,,Completed,Fee via Mobile App,0,Miami,USD,0
3433,1132,2024-07-15 04:48:59,Deposit,5661.38,73854.96,Mobile App,Fuel,,Completed,Deposit via ATM,0,Mesa,USD,10
3434,454,2026-08-14 12:27:48,Withdrawal,6819.44,170553.91,ATM,,,Completed,Withdrawal via POS,0,San Francisco,USD,0
3435,290,2025-08-05 05:24:52,Deposit,2917.13,11570.75,ATM,Travel,,Completed,Deposit via Branch,0,Chicago,USD,5
3436,880,2024-01-10 22:57:16,Transfer Out,3722.75,122599.39,Branch,,873,Completed,Transfer Out via Online,0,Austin,USD,1.5
3437,1055,2025-04-08 21:59:58,Deposit,960.57,188509.24,Mobile App,,,Completed,Deposit via Mobile App,0,Atlanta,USD,2.5
3438,656,2025-08-26 16:55:43,Interest Credit,1305.99,101922.1,POS,,,Completed,Interest Credit via POS,0,Atlanta,USD,2.5
3439,2,2024-01-30 23:09:37,Deposit,6591.25,72707.04,Online,,,Completed,Deposit via POS,0,Boston,USD,0
3440,948,2024-04-05 14:06:54,Deposit,7882.49,71864.81,Online,Education,,Completed,Deposit via POS,0,Worcester,USD,5
3441,1036,2024-08-30 21:47:50,Transfer Out,121.23,102778.1,Mobile App,,64,Failed,Transfer Out via Branch,0,Naperville,USD,1.5
3442,401,2024-11-28 20:54:38,Deposit,1401.58,193662.69,Online,Travel,,Failed,Deposit via ATM,0,Tampa,USD,10
3443,37,2026-03-07 08:17:26,Transfer In,1299.12,182827.8,Mobile App,,534,Completed,Transfer In via Online,0,Naperville,USD,0
3444,907,2026-08-21 18:22:15,Transfer Out,7966.12,190357.1,Online,,971,Completed,Transfer Out via Online,0,Dallas,USD,2.5
3445,51,2024-01-26 22:40:36,Bill Payment,6914.93,229091.17,Branch,Dining,,Completed,Bill Payment via POS,0,San Diego,USD,1.5
3446,215,2025-04-05 11:19:47,Bill Payment,3997.98,66192.69,Mobile App,Utilities,,Completed,Bill Payment via POS,0,Atlanta,USD,0
3447,663,2025-09-06 02:31:34,Bill Payment,3207.65,215483.15,ATM,,,Completed,Bill Payment via Branch,0,San Diego,USD,0
3448,816,2024-03-30 07:06:39,Transfer Out,2259.21,78736.0,Online,,29,Completed,Transfer Out via Branch,0,Seattle,USD,10
3449,205,2026-01-21 03:07:09,Withdrawal,7230.71,46724.74,POS,,,Completed,Withdrawal via Branch,0,Augusta,USD,10
3450,936,2024-02-04 12:54:49,Withdrawal,3470.23,201996.79,Branch,Travel,,Completed,Withdrawal via Mobile App,0,Phoenix,USD,2.5
3451,859,2025-03-26 13:38:00,Withdrawal,3549.0,75694.48,Online,Retail,,Completed,Withdrawal via ATM,0,Boston,USD,2.5
3452,761,2024-06-08 22:15:11,Interest Credit,1110.38,16567.14,Online,,,Completed,Interest Credit via Mobile App,0,Albany,USD,2.5
3453,834,2024-04-18 22:31:49,Transfer Out,2186.68,43401.45,ATM,,418,Completed,Transfer Out via ATM,0,Aurora,USD,0
3454,241,2025-06-23 10:54:54,Bill Payment,4575.04,68703.35,ATM,Utilities,,Completed,Bill Payment via Branch,0,Austin,USD,10
3455,626,2025-01-14 21:55:17,Transfer In,5603.65,258755.35,Mobile App,,191,Completed,Transfer In via ATM,1,Springfield,USD,0
3456,387,2024-02-11 04:10:28,Bill Payment,456.67,43277.01,Branch,Utilities,,Completed,Bill Payment via Branch,0,Mesa,USD,0
3457,1043,2025-05-23 07:08:20,Interest Credit,5996.67,9318.38,ATM,,,Completed,Interest Credit via Online,0,Miami,USD,5
3458,591,2026-06-01 19:55:38,Deposit,2199.72,175883.43,ATM,Entertainment,,Completed,Deposit via POS,0,Spokane,USD,1.5
3459,817,2025-10-15 18:37:09,Transfer In,4854.41,239523.77,ATM,,270,Completed,Transfer In via Branch,0,Buffalo,USD,0
3460,483,2025-05-09 14:57:10,Bill Payment,5762.75,167763.16,POS,Education,,Completed,Bill Payment via Mobile App,1,Jacksonville,USD,0
3461,620,2024-07-04 06:23:53,Bill Payment,2216.75,150528.24,Mobile App,Travel,,Completed,Bill Payment via ATM,0,San Francisco,USD,0
3462,1052,2024-01-25 21:38:37,Bill Payment,2580.81,129422.44,POS,,,Completed,Bill Payment via Online,0,Buffalo,USD,10
3463,1060,2026-04-01 23:31:26,Withdrawal,5539.38,142671.49,Mobile App,Retail,,Completed,Withdrawal via POS,0,Dallas,USD,1.5
3464,938,2024-11-11 13:56:32,Transfer Out,2115.47,83482.91,Branch,,934,Completed,Transfer Out via POS,0,San Francisco,USD,5
3465,44,2026-07-09 04:55:31,Fee,6163.35,224397.98,Branch,,,Completed,Fee via ATM,1,San Francisco,USD,0
3466,353,2026-02-10 22:14:55,Transfer Out,4292.99,165120.39,Mobile App,,863,Completed,Transfer Out via Online,0,Spokane,USD,0
3467,10,2026-01-11 23:52:09,Transfer Out,1198.13,29687.08,Online,,349,Completed,Transfer Out via POS,0,Spokane,USD,0
3468,358,2026-03-01 18:17:58,Bill Payment,1200.08,127659.92,Branch,Dining,,Completed,Bill Payment via Online,0,Boston,USD,0
3469,1057,2026-09-23 19:06:16,Withdrawal,4202.7,64624.27,Online,Utilities,,Completed,Withdrawal via Online,0,Albany,USD,0
3470,440,2024-04-20 17:41:53,Bill Payment,1536.47,129553.42,Mobile App,Dining,,Completed,Bill Payment via Mobile App,0,Phoenix,USD,0
3471,93,2024-06-15 20:23:17,Transfer In,754.97,102805.53,ATM,,1043,Completed,Transfer In via ATM,0,Tampa,USD,10
3472,652,2026-03-17 03:03:44,Bill Payment,5449.02,19139.99,Branch,Dining,,Completed,Bill Payment via Online,0,New York City,USD,0
3473,980,2026-08-20 11:37:16,Deposit,414.91,257519.13,Mobile App,Entertainment,,Completed,Deposit via POS,1,Chicago,USD,1.5
3474,339,2025-04-18 00:18:49,Fee,5262.74,158688.57,Mobile App,,,Completed,Fee via Branch,0,Boulder,USD,2.5
3475,107,2024-01-07 06:37:34,Transfer Out,6267.4,218038.77,Mobile App,,897,Completed,Transfer Out via ATM,0,Sacramento,USD,5
3476,10,2024-09-13 07:43:10,Bill Payment,6255.72,-1484.1,POS,Travel,,Completed,Bill Payment via Mobile App,0,Augusta,USD,10
3477,745,2024-09-01 09:19:39,Interest Credit,2849.05,133928.12,Mobile App,,,Failed,Interest Credit via Online,0,Tampa,USD,0
3478,477,2024-02-23 16:27:49,Withdrawal,1782.95,128690.05,POS,Travel,,Failed,Withdrawal via Branch,0,Naperville,USD,0
3479,669,2026-09-03 09:56:12,Transfer In,5852.59,97511.72,ATM,,940,Completed,Transfer In via Mobile App,1,Aurora,USD,0
3480,315,2026-04-03 09:39:32,Bill Payment,7212.35,156667.45,Online,Fuel,,Completed,Bill Payment via ATM,0,Atlanta,USD,0
3481,328,2026-01-28 01:22:15,Withdrawal,1066.99,83863.45,ATM,Fuel,,Completed,Withdrawal via Branch,0,Phoenix,USD,0
3482,112,2024-10-19 13:11:15,Deposit,6809.45,14674.18,Online,Groceries,,Completed,Deposit via Online,0,Tucson,USD,10
3483,603,2026-02-23 22:41:25,Transfer In,2950.14,231158.47,Online,,89,Completed,Transfer In via Online,0,Boulder,USD,0
3484,1006,2026-06-19 14:04:49,Interest Credit,5609.43,125908.62,Online,,,Completed,Interest Credit via POS,0,San Francisco,USD,0
3485,587,2024-07-02 07:11:42,Interest Credit,4606.97,33513.74,Mobile App,,,Completed,Interest Credit via ATM,0,Tampa,USD,1.5
3486,248,2024-05-23 22:28:11,Fee,3841.13,253083.51,Mobile App,,,Completed,Fee via ATM,1,Miami,USD,0
3487,113,2025-10-08 15:35:51,Bill Payment,1842.32,47877.98,Online,Groceries,,Completed,Bill Payment via Branch,0,Tampa,USD,0
3488,310,2024-01-16 08:46:58,Interest Credit,4571.72,206550.98,ATM,,,Completed,Interest Credit via POS,0,Dallas,USD,10
3489,748,2024-12-07 15:16:40,Transfer Out,7911.85,57807.99,Mobile App,,948,Completed,Transfer Out via Branch,0,Mesa,USD,0
3490,294,2024-08-02 05:52:03,Fee,1886.11,207955.64,Mobile App,,,Completed,Fee via Mobile App,0,Dallas,USD,0
3491,860,2025-08-09 12:54:19,Deposit,2215.09,215586.86,Online,Retail,,Completed,Deposit via ATM,0,Houston,USD,5
3492,1186,2026-01-23 19:38:08,Deposit,4573.55,140875.56,Online,Entertainment,,Completed,Deposit via Mobile App,0,Worcester,USD,1.5
3493,559,2024-05-21 15:10:25,Bill Payment,4694.91,140975.53,ATM,Utilities,,Completed,Bill Payment via Online,0,Phoenix,USD,0
3494,662,2026-01-01 02:28:40,Withdrawal,3677.69,190974.29,POS,Groceries,,Completed,Withdrawal via POS,0,Tacoma,USD,1.5
3495,360,2026-07-23 15:30:29,Fee,136.92,40276.9,Mobile App,,,Completed,Fee via Branch,0,Savannah,USD,0
3496,235,2025-12-29 23:08:54,Bill Payment,6741.53,125634.06,POS,Dining,,Pending,Bill Payment via Branch,0,San Antonio,USD,1.5
3497,454,2025-08-05 04:11:04,Withdrawal,5827.25,249036.15,Branch,Retail,,Completed,Withdrawal via Mobile App,0,Savannah,USD,10
3498,271,2024-10-31 11:32:14,Transfer In,3731.94,131339.28,Branch,,1172,Completed,Transfer In via Branch,0,Seattle,USD,5
3499,679,2026-04-01 15:30:36,Transfer Out,3525.74,158803.76,Mobile App,,125,Completed,Transfer Out via POS,1,Boulder,USD,10
3500,193,2026-03-07 05:46:30,Transfer In,2325.85,204622.67,Online,,821,Completed,Transfer In via Mobile App,0,Miami,USD,5
3501,40,2025-04-18 12:16:27,Withdrawal,6050.28,-1469.97,Mobile App,,,Completed,Withdrawal via ATM,0,Los Angeles,USD,0
3502,66,2024-06-28 22:24:51,Transfer In,5624.77,59951.4,Mobile App,,1107,Pending,Transfer In via POS,0,Albany,USD,5
3503,417,2025-09-07 18:57:38,Transfer In,2004.89,124983.09,Mobile App,,1106,Completed,Transfer In via Branch,0,Sacramento,USD,0
3504,408,2024-07-26 19:51:48,Withdrawal,5394.07,122381.99,Mobile App,Dining,,Completed,Withdrawal via Online,0,Atlanta,USD,1.5
3505,580,2024-07-01 06:23:27,Fee,7577.87,114246.34,Mobile App,,,Completed,Fee via Branch,0,Phoenix,USD,10
3506,156,2025-10-02 06:28:21,Transfer In,194.71,144210.29,Online,,803,Completed,Transfer In via Online,0,Los Angeles,USD,5
3507,248,2024-12-18 09:59:02,Withdrawal,3435.43,225565.84,ATM,Education,,Completed,Withdrawal via POS,0,Orlando,USD,0
3508,1116,2024-04-04 04:25:52,Transfer In,6877.12,145695.34,Online,,1012,Completed,Transfer In via ATM,0,Austin,USD,0
3509,832,2026-07-10 02:28:50,Withdrawal,6385.18,27252.65,Online,Education,,Completed,Withdrawal via Branch,1,Augusta,USD,0
3510,350,2025-04-14 09:13:06,Bill Payment,6048.76,157252.94,ATM,Utilities,,Completed,Bill Payment via POS,0,Naperville,USD,0
3511,998,2024-03-19 17:52:48,Bill Payment,6381.37,229439.02,Online,Dining,,Completed,Bill Payment via ATM,0,Atlanta,USD,0
3512,120,2025-04-09 16:29:55,Deposit,1968.32,145378.31,ATM,Groceries,,Completed,Deposit via ATM,0,Mesa,USD,5
3513,858,2026-03-27 16:54:28,Transfer In,6390.17,132424.9,ATM,,956,Pending,Transfer In via Mobile App,0,Springfield,USD,0
3514,443,2025-12-19 18:13:57,Fee,3807.22,19057.22,Online,,,Completed,Fee via POS,1,Chicago,USD,0
3515,621,2024-01-25 01:23:51,Bill Payment,818.16,190905.52,Online,,,Completed,Bill Payment via ATM,0,Spokane,USD,0
3516,315,2026-08-26 17:35:51,Deposit,5775.27,257875.5,Mobile App,Entertainment,,Completed,Deposit via POS,0,Chicago,USD,0
3517,765,2024-05-13 16:02:51,Interest Credit,4318.85,195493.75,Branch,,,Completed,Interest Credit via POS,0,Chicago,USD,0
3518,204,2026-08-04 02:56:29,Deposit,3697.08,141785.2,Mobile App,Dining,,Pending,Deposit via POS,0,New York City,USD,2.5
3519,968,2026-04-05 12:09:57,Bill Payment,5269.78,10396.29,Mobile App,Healthcare,,Completed,Bill Payment via Branch,0,San Antonio,USD,0
3520,379,2024-12-24 08:55:50,Interest Credit,1354.09,68498.5,Branch,,,Completed,Interest Credit via Online,1,Los Angeles,USD,0
3521,28,2025-06-22 23:16:30,Transfer In,2541.0,84536.1,Mobile App,,272,Completed,Transfer In via Mobile App,0,Augusta,USD,10
3522,994,2024-04-21 17:20:55,Transfer Out,4510.47,81667.36,ATM,,909,Completed,Transfer Out via ATM,0,Rochester,USD,5
3523,989,2024-02-06 23:33:01,Transfer Out,2394.98,217044.67,POS,,1185,Completed,Transfer Out via Mobile App,0,Albany,USD,0
3524,1024,2024-04-15 13:22:18,Withdrawal,4264.81,102790.68,Branch,Travel,,Completed,Withdrawal via Online,0,San Francisco,USD,0
3525,164,2025-07-27 19:44:25,Fee,4893.53,98170.44,ATM,,,Completed,Fee via POS,0,Seattle,USD,0
3526,556,2024-04-20 05:15:41,Transfer Out,6463.96,56667.27,Branch,,1102,Completed,Transfer Out via Branch,0,Tampa,USD,2.5
3527,132,2026-08-11 04:08:20,Deposit,3903.4,228074.47,POS,Entertainment,,Completed,Deposit via Branch,0,Jacksonville,USD,0
3528,718,2025-06-19 22:48:01,Transfer Out,3136.35,122338.26,Mobile App,,69,Completed,Transfer Out via Online,0,Dallas,USD,10
3529,768,2026-07-09 08:13:53,Transfer Out,647.68,108587.58,Mobile App,,329,Completed,Transfer Out via ATM,0,Chicago,USD,2.5
3530,814,2024-03-31 17:41:13,Withdrawal,5161.85,115076.47,Online,Entertainment,,Completed,Withdrawal via Branch,0,Sacramento,USD,10
3531,738,2026-03-14 19:29:46,Interest Credit,4047.55,81847.66,Mobile App,,,Completed,Interest Credit via Mobile App,1,Boulder,USD,0
3532,873,2025-06-23 09:52:43,Bill Payment,4122.17,161458.94,Branch,Groceries,,Completed,Bill Payment via POS,1,Boulder,USD,10
3533,586,2025-02-07 19:03:39,Bill Payment,5643.05,205300.5,ATM,Travel,,Completed,Bill Payment via POS,0,Naperville,USD,2.5
3534,945,2026-01-25 22:23:45,Withdrawal,3818.71,4117.19,ATM,Fuel,,Completed,Withdrawal via Online,0,Boulder,USD,0
3535,640,2024-10-11 23:09:10,Transfer Out,2989.13,72297.24,Mobile App,,849,Completed,Transfer Out via Branch,0,Savannah,USD,1.5
3536,169,2025-08-28 10:29:17,Interest Credit,572.09,213980.65,Online,,,Completed,Interest Credit via Mobile App,0,Austin,USD,2.5
3537,785,2025-06-18 18:56:01,Deposit,3210.62,145896.36,ATM,,,Completed,Deposit via Online,0,Buffalo,USD,0
3538,93,2025-02-16 19:07:08,Transfer Out,2042.46,211903.8,Online,,488,Completed,Transfer Out via Online,1,Worcester,USD,0
3539,819,2025-04-23 00:16:38,Interest Credit,3217.65,78975.36,Mobile App,,,Completed,Interest Credit via Branch,0,Tacoma,USD,0
3540,1056,2025-03-03 02:29:42,Transfer Out,5806.86,57404.77,ATM,,461,Completed,Transfer Out via Branch,0,Naperville,USD,2.5
3541,1184,2026-05-27 01:12:48,Bill Payment,4016.08,193279.82,Mobile App,Dining,,Completed,Bill Payment via Mobile App,0,Orlando,USD,1.5
3542,1024,2026-09-05 16:52:55,Transfer Out,7329.34,7160.74,ATM,,180,Completed,Transfer Out via POS,1,Los Angeles,USD,0
3543,41,2025-11-04 02:46:26,Withdrawal,1346.6,102586.92,Mobile App,Retail,,Completed,Withdrawal via ATM,0,Boulder,USD,5
3544,526,2024-05-06 15:32:59,Withdrawal,5001.45,231914.39,Online,,,Pending,Withdrawal via Mobile App,0,Worcester,USD,2.5
3545,8,2025-04-07 16:21:43,Deposit,5859.64,242662.64,ATM,Entertainment,,Completed,Deposit via ATM,0,San Antonio,USD,2.5
3546,413,2026-09-24 03:05:46,Withdrawal,3654.76,254810.86,ATM,,,Completed,Withdrawal via POS,0,Boston,USD,5
3547,239,2026-06-25 00:56:00,Withdrawal,2312.59,195108.26,ATM,,,Completed,Withdrawal via ATM,0,Sacramento,USD,10
3548,92,2025-05-14 04:47:15,Deposit,3690.43,78829.12,ATM,Entertainment,,Completed,Deposit via POS,0,Chicago,USD,0
3549,999,2024-09-25 16:41:58,Bill Payment,81.19,196870.09,Mobile App,Education,,Completed,Bill Payment via Branch,1,Tampa,USD,0
3550,654,2025-03-31 06:34:45,Fee,1813.95,154818.92,Online,,,Completed,Fee via Mobile App,0,San Francisco,USD,0
3551,927,2024-01-24 14:07:12,Withdrawal,2388.87,71411.61,Mobile App,Retail,,Completed,Withdrawal via Mobile App,0,Rochester,USD,0
3552,930,2026-01-17 16:52:21,Bill Payment,7025.26,114656.12,Online,Dining,,Completed,Bill Payment via POS,0,Worcester,USD,0
3553,737,2025-03-13 10:41:18,Withdrawal,2849.61,15822.67,ATM,Groceries,,Completed,Withdrawal via POS,0,Chicago,USD,2.5
3554,265,2025-10-18 00:49:40,Withdrawal,7081.07,149093.21,Branch,Healthcare,,Completed,Withdrawal via POS,0,Springfield,USD,10
3555,119,2026-09-01 11:15:02,Withdrawal,7704.94,252313.01,Online,Entertainment,,Completed,Withdrawal via POS,0,Spokane,USD,0
3556,145,2026-09-01 18:24:50,Deposit,305.41,130148.64,Mobile App,Travel,,Completed,Deposit via Mobile App,0,Cambridge,USD,0
3557,590,2024-04-19 07:35:36,Interest Credit,538.18,248526.59,ATM,,,Completed,Interest Credit via ATM,0,Denver,USD,10
3558,725,2024-02-02 11:08:04,Deposit,328.34,135881.31,Online,Groceries,,Completed,Deposit via Branch,0,Tacoma,USD,5
3559,1060,2024-10-17 23:49:35,Withdrawal,1141.83,159740.67,POS,Dining,,Completed,Withdrawal via Online,0,Dallas,USD,10
3560,182,2026-04-24 16:16:22,Deposit,7707.56,128443.94,Online,Retail,,Completed,Deposit via Branch,0,Worcester,USD,0
3561,954,2024-05-10 08:50:15,Interest Credit,6666.49,63810.63,Online,,,Completed,Interest Credit via Branch,0,Aurora,USD,0
3562,1151,2025-03-12 07:24:44,Transfer Out,4608.37,19646.82,Mobile App,,684,Completed,Transfer Out via ATM,0,Mesa,USD,0
3563,82,2024-02-13 12:35:48,Withdrawal,1567.09,178019.67,Online,Groceries,,Completed,Withdrawal via Branch,0,Savannah,USD,2.5
3564,437,2025-02-06 20:33:29,Transfer Out,3683.08,54589.98,Branch,,629,Completed,Transfer Out via Mobile App,0,Albany,USD,0
3565,691,2026-01-05 12:04:27,Deposit,6976.85,77668.78,Branch,Travel,,Completed,Deposit via Branch,0,Tampa,USD,0
3566,147,2026-02-01 13:30:52,Withdrawal,7591.32,109098.16,Online,Entertainment,,Completed,Withdrawal via ATM,0,Sacramento,USD,2.5
3567,605,2026-07-20 10:09:40,Fee,685.3,80626.41,ATM,,,Completed,Fee via Mobile App,0,San Diego,USD,0
3568,41,2026-02-05 23:56:55,Withdrawal,2166.89,7393.79,Mobile App,Travel,,Completed,Withdrawal via ATM,0,Jacksonville,USD,1.5
3569,85,2026-07-29 12:04:08,Bill Payment,6711.25,12368.99,Online,Groceries,,Completed,Bill Payment via Mobile App,0,Aurora,USD,5
3570,766,2024-07-20 04:43:24,Withdrawal,5366.95,40642.87,ATM,Dining,,Completed,Withdrawal via Mobile App,0,Tucson,USD,2.5
3571,751,2025-08-29 17:07:34,Bill Payment,6732.49,79670.11,ATM,Entertainment,,Completed,Bill Payment via Mobile App,0,Austin,USD,0
3572,300,2025-12-29 21:38:12,Bill Payment,1048.29,214078.29,Branch,Retail,,Completed,Bill Payment via Branch,0,Rochester,USD,0
3573,870,2024-05-07 14:26:38,Withdrawal,4906.84,43768.76,Online,Healthcare,,Completed,Withdrawal via Online,0,Phoenix,USD,0
3574,590,2024-07-15 23:39:27,Deposit,178.95,172111.24,Online,Travel,,Completed,Deposit via POS,0,Rochester,USD,1.5
3575,104,2024-11-21 09:11:56,Withdrawal,1966.85,184334.08,Branch,Retail,,Completed,Withdrawal via Branch,1,Denver,USD,2.5
3576,720,2024-08-18 00:00:26,Withdrawal,5851.95,163508.87,Mobile App,Travel,,Pending,Withdrawal via Mobile App,0,Cambridge,USD,2.5
3577,1099,2025-06-23 06:02:33,Withdrawal,1147.11,257713.51,Branch,Retail,,Completed,Withdrawal via Mobile App,0,Houston,USD,2.5
3578,1136,2025-05-23 20:12:10,Transfer Out,1756.65,165745.72,Mobile App,,59,Completed,Transfer Out via Online,1,Dallas,USD,1.5
3579,639,2024-09-26 21:04:34,Transfer Out,1019.44,135292.47,Mobile App,,1161,Completed,Transfer Out via Mobile App,0,San Francisco,USD,10
3580,642,2026-07-31 15:50:07,Deposit,3169.65,241581.25,Branch,Utilities,,Completed,Deposit via Online,0,San Diego,USD,10
3581,613,2024-02-08 23:52:09,Bill Payment,5006.58,145349.58,Online,Utilities,,Completed,Bill Payment via Mobile App,0,Austin,USD,2.5
3582,1137,2024-06-06 09:43:02,Transfer Out,224.97,16840.17,Online,,1000,Completed,Transfer Out via POS,0,Los Angeles,USD,0
3583,382,2024-08-11 13:16:57,Fee,4058.56,166135.05,Online,,,Completed,Fee via Online,0,Augusta,USD,0
3584,767,2026-08-21 12:47:54,Transfer Out,7818.82,103790.52,Mobile App,,198,Completed,Transfer Out via POS,0,Springfield,USD,0
3585,684,2025-02-13 09:33:06,Bill Payment,6835.69,204256.2,Mobile App,Education,,Completed,Bill Payment via POS,0,Seattle,USD,10
3586,172,2024-09-30 18:32:16,Transfer Out,14.82,172527.13,ATM,,269,Completed,Transfer Out via ATM,1,Mesa,USD,0
3587,259,2024-07-06 02:48:00,Withdrawal,3616.04,215928.06,ATM,,,Completed,Withdrawal via ATM,0,Miami,USD,1.5
3588,1042,2025-12-13 23:41:22,Transfer Out,6104.39,83052.8,Mobile App,,126,Failed,Transfer Out via Branch,1,Austin,USD,10
3589,282,2024-01-10 17:00:47,Bill Payment,633.55,167260.29,Branch,Groceries,,Pending,Bill Payment via Branch,0,Houston,USD,0
3590,1076,2024-03-06 18:52:10,Bill Payment,6096.58,226345.34,Mobile App,Fuel,,Completed,Bill Payment via Mobile App,0,Orlando,USD,2.5
3591,41,2024-06-15 04:00:03,Bill Payment,2410.78,92745.67,ATM,Entertainment,,Completed,Bill Payment via Branch,1,Buffalo,USD,2.5
3592,599,2026-01-11 23:50:25,Fee,33.47,241854.75,Online,,,Completed,Fee via ATM,0,San Francisco,USD,2.5
3593,570,2025-05-05 16:25:52,Bill Payment,3599.38,64588.14,Mobile App,Retail,,Completed,Bill Payment via POS,0,Augusta,USD,0
3594,553,2026-07-25 22:08:51,Deposit,4388.88,47636.72,Branch,Utilities,,Completed,Deposit via Branch,0,Naperville,USD,0
3595,960,2024-05-28 02:06:11,Bill Payment,6249.44,198298.84,Mobile App,Fuel,,Completed,Bill Payment via Online,0,Aurora,USD,1.5
3596,675,2024-01-15 12:22:38,Transfer Out,438.11,40343.32,Mobile App,,271,Pending,Transfer Out via ATM,0,Sacramento,USD,5
3597,889,2026-06-19 20:34:09,Fee,1016.33,44331.89,Online,,,Completed,Fee via Online,0,Springfield,USD,2.5
3598,252,2024-01-02 11:41:26,Bill Payment,4712.05,113293.94,Branch,Retail,,Completed,Bill Payment via ATM,0,Miami,USD,0
3599,852,2024-07-26 17:18:18,Withdrawal,2217.11,216592.11,Online,Travel,,Completed,Withdrawal via POS,0,Tacoma,USD,10
3600,709,2024-08-05 08:50:29,Interest Credit,1486.46,58016.67,POS,,,Completed,Interest Credit via Online,0,Tucson,USD,0
3601,638,2024-03-01 20:06:07,Interest Credit,3358.09,160095.6,Online,,,Failed,Interest Credit via Branch,0,Tacoma,USD,0
3602,690,2024-01-19 03:17:47,Deposit,7657.14,115187.88,Online,Dining,,Completed,Deposit via POS,0,Tampa,USD,1.5
3603,1008,2025-06-01 23:01:11,Fee,1761.71,122923.98,ATM,,,Completed,Fee via Mobile App,0,Denver,USD,2.5
3604,288,2024-09-05 04:04:03,Deposit,6309.81,254467.1,Mobile App,Dining,,Completed,Deposit via Online,0,Buffalo,USD,0
3605,576,2024-10-18 02:34:41,Deposit,7434.66,47188.53,Mobile App,Groceries,,Completed,Deposit via Branch,0,Savannah,USD,0
3606,736,2025-12-13 21:19:37,Bill Payment,6351.71,23407.84,Mobile App,Dining,,Completed,Bill Payment via POS,0,Augusta,USD,5
3607,1159,2025-02-06 11:59:17,Withdrawal,6044.99,226311.83,Online,Retail,,Completed,Withdrawal via Online,0,Mesa,USD,2.5
3608,234,2024-08-26 19:03:34,Bill Payment,5679.38,74964.33,Branch,Entertainment,,Completed,Bill Payment via Branch,0,Denver,USD,10
3609,389,2024-04-21 00:10:42,Transfer In,2525.4,226383.36,ATM,,639,Completed,Transfer In via POS,0,Aurora,USD,5
3610,223,2024-01-05 19:40:12,Withdrawal,3353.18,61891.28,Branch,Travel,,Completed,Withdrawal via ATM,0,Dallas,USD,2.5
3611,532,2025-05-30 03:00:56,Bill Payment,3036.08,75375.5,Mobile App,Dining,,Completed,Bill Payment via Online,0,Chicago,USD,0
3612,145,2025-07-24 14:15:05,Interest Credit,7456.61,66291.56,ATM,,,Completed,Interest Credit via Online,0,Denver,USD,5
3613,724,2026-02-15 14:07:37,Deposit,1456.09,124409.37,Online,Retail,,Completed,Deposit via Online,1,San Francisco,USD,10
3614,731,2026-09-24 06:34:14,Bill Payment,2790.68,132537.13,Branch,Travel,,Completed,Bill Payment via Branch,0,Orlando,USD,0
3615,619,2024-05-01 01:48:38,Bill Payment,2605.02,26451.7,Mobile App,Healthcare,,Completed,Bill Payment via Branch,0,Seattle,USD,10
3616,822,2024-04-28 20:56:43,Deposit,4542.73,104970.98,Mobile App,Fuel,,Completed,Deposit via Mobile App,0,Springfield,USD,0
3617,472,2026-03-07 17:23:23,Bill Payment,2391.76,79811.88,Online,Utilities,,Completed,Bill Payment via Mobile App,0,Orlando,USD,0
3618,762,2024-01-24 02:18:46,Bill Payment,6782.45,209548.86,Online,Utilities,,Completed,Bill Payment via Mobile App,1,Tacoma,USD,0
3619,98,2026-08-11 00:50:31,Transfer In,1801.4,181870.43,Mobile App,,165,Completed,Transfer In via Mobile App,0,Chicago,USD,10
3620,1074,2026-04-28 16:39:16,Interest Credit,6670.83,238212.32,ATM,,,Completed,Interest Credit via ATM,0,Dallas,USD,5
3621,519,2025-01-18 17:08:20,Withdrawal,921.56,256113.73,Online,Education,,Completed,Withdrawal via ATM,0,Tucson,USD,0
3622,234,2026-01-21 11:06:11,Withdrawal,5762.05,174396.56,Branch,Education,,Completed,Withdrawal via Online,0,Houston,USD,0
3623,1194,2025-09-18 12:28:51,Bill Payment,6096.01,76398.45,Mobile App,,,Completed,Bill Payment via Online,0,San Antonio,USD,0
3624,986,2026-03-29 18:13:13,Withdrawal,3126.86,32331.34,Mobile App,Entertainment,,Completed,Withdrawal via Online,0,Albany,USD,0
3625,1073,2024-05-18 14:03:49,Bill Payment,6818.19,146216.25,Mobile App,Education,,Completed,Bill Payment via Mobile App,0,San Antonio,USD,0
3626,484,2025-05-08 11:35:46,Withdrawal,5469.51,236074.05,Online,Travel,,Pending,Withdrawal via ATM,0,Rochester,USD,1.5
3627,824,2026-07-20 22:49:40,Deposit,6063.8,140023.17,Online,Dining,,Completed,Deposit via POS,0,Tucson,USD,0
3628,820,2026-01-10 16:19:31,Bill Payment,1827.63,11777.74,ATM,Healthcare,,Completed,Bill Payment via Mobile App,0,Sacramento,USD,1.5
3629,265,2025-08-03 19:23:59,Bill Payment,2875.48,154878.08,POS,Fuel,,Completed,Bill Payment via ATM,0,Augusta,USD,1.5
3630,307,2025-06-14 20:50:53,Bill Payment,4228.28,221292.65,Online,Travel,,Completed,Bill Payment via POS,0,Denver,USD,5
3631,162,2026-02-10 18:54:17,Transfer Out,6401.24,251101.1,POS,,579,Completed,Transfer Out via Online,0,Rochester,USD,0
3632,305,2025-12-26 07:15:08,Withdrawal,4558.04,89744.39,Mobile App,Groceries,,Completed,Withdrawal via Mobile App,0,Boston,USD,0
3633,950,2026-01-08 12:46:57,Deposit,2675.96,68835.1,POS,Retail,,Completed,Deposit via ATM,0,Aurora,USD,10
3634,119,2025-09-08 12:58:07,Bill Payment,3756.98,40365.2,Online,Retail,,Completed,Bill Payment via Online,0,Boulder,USD,10
3635,92,2025-01-22 10:16:34,Bill Payment,426.5,64803.24,ATM,Retail,,Completed,Bill Payment via POS,0,Jacksonville,USD,2.5
3636,830,2025-06-24 16:38:35,Bill Payment,983.45,129802.33,Online,Retail,,Completed,Bill Payment via Mobile App,1,Phoenix,USD,2.5
3637,473,2026-01-01 14:08:22,Bill Payment,2458.76,198749.12,Mobile App,Fuel,,Completed,Bill Payment via ATM,0,Boston,USD,0
3638,1169,2024-10-26 14:25:40,Transfer Out,1011.48,62949.48,Online,,45,Completed,Transfer Out via Mobile App,1,Savannah,USD,10
3639,585,2026-09-14 00:20:08,Interest Credit,6940.0,217993.77,Mobile App,,,Completed,Interest Credit via POS,0,Aurora,USD,0
3640,448,2026-08-07 01:16:16,Transfer In,3741.12,111527.25,Online,,1127,Completed,Transfer In via Mobile App,0,Boston,USD,0
3641,301,2026-07-29 22:00:41,Deposit,6694.71,77249.39,Online,Healthcare,,Completed,Deposit via Branch,0,Orlando,USD,5
3642,400,2026-05-14 20:49:18,Interest Credit,4417.34,195900.4,Branch,,,Completed,Interest Credit via Branch,0,Orlando,USD,0
3643,582,2025-06-30 12:25:50,Interest Credit,1468.72,12843.04,Online,,,Completed,Interest Credit via POS,0,Rochester,USD,0
3644,619,2025-04-24 01:39:08,Bill Payment,3570.58,128577.48,ATM,Travel,,Completed,Bill Payment via Branch,0,Tacoma,USD,10
3645,1166,2024-09-14 11:55:57,Bill Payment,5958.84,163008.15,Mobile App,Fuel,,Completed,Bill Payment via ATM,0,New York City,USD,0
3646,317,2024-09-01 10:53:42,Fee,548.09,52791.96,ATM,,,Completed,Fee via Mobile App,0,Los Angeles,USD,2.5
3647,102,2024-02-20 13:27:39,Interest Credit,7495.52,182946.44,Online,,,Completed,Interest Credit via ATM,1,Buffalo,USD,0
3648,403,2026-07-08 12:23:57,Fee,3294.83,108703.81,Branch,,,Completed,Fee via Branch,0,Tampa,USD,0
3649,489,2026-03-25 07:17:26,Transfer Out,5503.22,244190.92,Online,,447,Completed,Transfer Out via Mobile App,0,Miami,USD,5
3650,144,2026-08-28 11:54:10,Withdrawal,7537.2,128723.91,Online,Entertainment,,Completed,Withdrawal via Online,0,Worcester,USD,0
3651,655,2025-05-29 00:28:38,Transfer Out,4043.47,1061.92,Mobile App,,154,Completed,Transfer Out via Online,0,Buffalo,USD,0
3652,337,2025-11-13 22:16:47,Interest Credit,512.63,160551.56,Mobile App,,,Completed,Interest Credit via Online,0,Aurora,USD,0
3653,302,2024-09-05 13:02:03,Deposit,7253.92,258871.8,Online,Groceries,,Completed,Deposit via ATM,0,Mesa,USD,0
3654,471,2024-04-28 12:04:38,Deposit,6380.72,76599.64,Mobile App,Fuel,,Completed,Deposit via ATM,0,Seattle,USD,1.5
3655,254,2024-04-06 14:06:00,Deposit,7572.39,78444.79,Mobile App,Travel,,Completed,Deposit via Online,0,Naperville,USD,0
3656,547,2026-04-13 08:42:06,Transfer Out,2404.2,129306.35,Online,,1016,Completed,Transfer Out via Mobile App,0,Orlando,USD,0
3657,1039,2026-08-09 04:27:56,Bill Payment,1522.53,155983.76,Online,Groceries,,Completed,Bill Payment via POS,0,Los Angeles,USD,1.5
3658,492,2024-03-23 07:36:26,Bill Payment,3559.86,182448.02,ATM,,,Failed,Bill Payment via Online,0,San Francisco,USD,0
3659,617,2024-04-05 22:17:49,Deposit,373.3,177958.81,Branch,,,Completed,Deposit via Mobile App,0,Cambridge,USD,1.5
3660,577,2026-05-30 14:46:37,Fee,7567.36,120759.46,Mobile App,,,Completed,Fee via POS,0,Austin,USD,10
3661,876,2024-11-13 16:53:52,Transfer Out,3506.2,145508.22,Online,,383,Completed,Transfer Out via ATM,0,Denver,USD,2.5
3662,1119,2025-10-22 19:53:02,Transfer Out,469.08,178389.97,Mobile App,,192,Completed,Transfer Out via ATM,0,Buffalo,USD,2.5
3663,367,2025-07-08 04:26:56,Withdrawal,3098.3,28340.86,Online,Utilities,,Completed,Withdrawal via Online,0,Spokane,USD,0
3664,1035,2025-01-03 15:23:25,Transfer In,7882.0,157527.71,Online,,635,Completed,Transfer In via Online,0,San Francisco,USD,2.5
3665,89,2024-09-15 14:52:15,Transfer In,5147.49,170442.96,ATM,,685,Completed,Transfer In via ATM,0,New York City,USD,0
3666,580,2025-05-15 05:54:14,Transfer In,6718.38,215139.32,Online,,1073,Completed,Transfer In via Online,1,Augusta,USD,0
3667,330,2026-01-27 17:04:01,Deposit,5988.23,75436.82,Branch,Entertainment,,Completed,Deposit via Online,0,Sacramento,USD,0
3668,152,2026-08-18 22:14:56,Deposit,3845.15,1949.62,ATM,Fuel,,Completed,Deposit via Online,0,Miami,USD,2.5
3669,49,2024-11-04 10:16:04,Transfer In,3750.23,192307.49,Mobile App,,170,Completed,Transfer In via ATM,0,Aurora,USD,0
3670,343,2026-08-28 19:59:17,Transfer In,3148.29,67133.18,Online,,74,Completed,Transfer In via Online,0,Tampa,USD,1.5
3671,1198,2024-07-07 17:37:27,Fee,5722.84,167736.6,Online,,,Completed,Fee via Online,0,Spokane,USD,10
3672,587,2024-09-16 06:06:45,Bill Payment,5011.44,49314.03,Branch,Travel,,Completed,Bill Payment via ATM,0,San Diego,USD,2.5
3673,1122,2026-04-26 04:02:55,Bill Payment,4009.55,171612.08,POS,Healthcare,,Completed,Bill Payment via ATM,0,Cambridge,USD,0
3674,312,2024-01-13 00:20:28,Withdrawal,6706.76,190233.85,Online,Groceries,,Completed,Withdrawal via POS,0,Chicago,USD,0
3675,908,2024-12-28 07:01:37,Interest Credit,1909.47,15609.29,Mobile App,,,Completed,Interest Credit via Branch,0,Augusta,USD,2.5
3676,689,2024-11-19 07:03:26,Transfer In,4413.55,222152.17,Mobile App,,122,Completed,Transfer In via POS,0,Miami,USD,1.5
3677,1016,2024-08-26 16:41:02,Interest Credit,5395.12,149056.84,Mobile App,,,Completed,Interest Credit via Online,0,Rochester,USD,1.5
3678,812,2025-02-16 01:07:57,Withdrawal,4371.46,228154.1,Online,Healthcare,,Completed,Withdrawal via ATM,0,San Diego,USD,0
3679,544,2024-01-30 21:52:23,Deposit,3630.16,241402.37,Branch,Education,,Completed,Deposit via Mobile App,0,Worcester,USD,0
3680,205,2024-11-17 00:12:00,Bill Payment,4495.07,201163.0,Mobile App,Travel,,Completed,Bill Payment via Branch,0,Cambridge,USD,0
3681,359,2026-07-30 13:30:21,Deposit,2878.41,220644.23,Mobile App,Travel,,Completed,Deposit via Online,0,Denver,USD,2.5
3682,269,2025-08-28 23:53:00,Bill Payment,7484.37,96415.16,Mobile App,Education,,Failed,Bill Payment via Branch,0,San Francisco,USD,0
3683,68,2024-09-06 21:10:12,Deposit,4593.11,217859.43,Branch,Fuel,,Completed,Deposit via POS,0,San Diego,USD,0
3684,379,2025-08-03 20:10:32,Deposit,3786.21,1348.82,Mobile App,Entertainment,,Completed,Deposit via Online,1,Denver,USD,1.5
3685,280,2025-12-03 15:29:33,Fee,2774.56,162607.85,Mobile App,,,Completed,Fee via Branch,0,Seattle,USD,0
3686,227,2026-05-11 12:05:21,Transfer Out,4685.37,183785.68,Branch,,1091,Completed,Transfer Out via Branch,1,Springfield,USD,1.5
3687,1006,2025-03-07 01:53:06,Transfer In,4733.75,125048.76,Online,,383,Completed,Transfer In via Branch,0,Buffalo,USD,0
3688,709,2024-05-27 23:21:33,Withdrawal,648.74,192090.36,Online,Healthcare,,Completed,Withdrawal via Online,0,Miami,USD,0
3689,23,2024-02-23 13:28:05,Withdrawal,2004.93,143476.92,Online,Entertainment,,Completed,Withdrawal via POS,0,Augusta,USD,10
3690,600,2024-02-28 10:38:01,Withdrawal,1916.17,235510.07,Branch,Fuel,,Pending,Withdrawal via ATM,0,San Francisco,USD,0
3691,42,2024-05-17 16:08:05,Deposit,854.63,56185.36,ATM,Groceries,,Completed,Deposit via Online,0,Atlanta,USD,2.5
3692,1170,2026-05-29 11:19:50,Transfer In,6342.2,16826.02,Online,,345,Completed,Transfer In via POS,0,Naperville,USD,0
3693,122,2025-12-20 13:49:00,Withdrawal,2412.68,241992.26,Online,Entertainment,,Completed,Withdrawal via Online,0,San Francisco,USD,0
3694,470,2026-03-19 11:50:02,Transfer Out,4228.29,144279.32,Mobile App,,1093,Completed,Transfer Out via Mobile App,0,Spokane,USD,0
3695,1005,2025-12-05 22:15:17,Withdrawal,6643.21,236292.48,ATM,Dining,,Completed,Withdrawal via Online,0,Buffalo,USD,1.5
3696,891,2025-06-21 23:55:16,Bill Payment,6535.49,197359.44,Online,Travel,,Completed,Bill Payment via POS,0,Sacramento,USD,0
3697,342,2024-04-01 10:03:17,Deposit,1787.25,195049.59,Online,Dining,,Completed,Deposit via Online,0,New York City,USD,10
3698,600,2025-05-20 23:33:33,Deposit,3041.13,142005.93,Online,Healthcare,,Completed,Deposit via POS,1,Albany,USD,0
3699,508,2026-07-07 19:25:15,Deposit,4064.29,90817.57,Branch,Education,,Completed,Deposit via ATM,0,Austin,USD,1.5
3700,483,2025-10-13 07:30:45,Bill Payment,4178.12,122120.61,Online,Dining,,Completed,Bill Payment via Online,0,San Diego,USD,1.5
3701,574,2025-05-27 07:29:38,Transfer In,733.6,187161.03,Mobile App,,136,Completed,Transfer In via ATM,0,Houston,USD,1.5
3702,838,2025-08-18 06:29:38,Deposit,1736.79,112712.91,Mobile App,Entertainment,,Completed,Deposit via ATM,0,Spokane,USD,2.5
3703,711,2026-02-04 12:34:16,Bill Payment,6002.2,48037.7,Online,Retail,,Completed,Bill Payment via Online,0,Atlanta,USD,10
3704,931,2026-08-24 05:01:57,Bill Payment,7956.45,193757.06,Mobile App,Groceries,,Completed,Bill Payment via Branch,0,Miami,USD,5
3705,849,2024-05-28 23:50:15,Withdrawal,4261.94,182117.7,Online,Healthcare,,Completed,Withdrawal via ATM,0,Rochester,USD,10
3706,570,2026-06-07 21:38:13,Withdrawal,3623.69,105810.15,Mobile App,Healthcare,,Completed,Withdrawal via POS,0,Savannah,USD,0
3707,1000,2024-05-20 10:57:59,Transfer In,1526.54,122463.38,Mobile App,,465,Completed,Transfer In via Online,0,Miami,USD,2.5
3708,473,2025-06-13 19:36:02,Transfer In,1450.19,101264.48,ATM,,599,Completed,Transfer In via ATM,0,Tacoma,USD,0
3709,43,2025-05-14 19:05:32,Withdrawal,6173.0,239904.65,Online,Education,,Completed,Withdrawal via ATM,0,Boston,USD,2.5
3710,655,2024-03-10 21:18:20,Interest Credit,3979.85,122989.95,Mobile App,,,Completed,Interest Credit via Mobile App,0,Tampa,USD,2.5
3711,295,2024-09-18 13:20:20,Deposit,133.76,76046.09,ATM,Travel,,Completed,Deposit via POS,0,Springfield,USD,0
3712,434,2024-11-20 02:41:29,Bill Payment,5490.04,67828.75,Mobile App,Travel,,Completed,Bill Payment via Mobile App,0,Miami,USD,2.5
3713,449,2024-05-15 16:06:39,Transfer Out,6470.24,225376.12,ATM,,689,Completed,Transfer Out via Online,0,Worcester,USD,0
3714,848,2024-08-14 22:43:15,Transfer In,653.15,139109.22,Mobile App,,1077,Completed,Transfer In via Mobile App,0,Sacramento,USD,0
3715,428,2026-06-29 22:00:47,Transfer In,4668.02,99505.92,Branch,,845,Completed,Transfer In via ATM,0,Tucson,USD,10
3716,715,2025-09-27 21:34:45,Transfer Out,6491.65,67519.15,Online,,612,Completed,Transfer Out via Online,0,Tampa,USD,10
3717,794,2024-07-11 06:26:02,Transfer Out,7578.65,180347.0,ATM,,208,Completed,Transfer Out via Online,0,Worcester,USD,0
3718,822,2024-11-06 22:47:50,Withdrawal,313.72,152451.01,Mobile App,Fuel,,Completed,Withdrawal via Branch,0,Houston,USD,10
3719,1025,2026-08-07 03:11:22,Transfer In,1640.4,224302.93,Branch,,748,Completed,Transfer In via ATM,0,Tucson,USD,0
3720,787,2024-08-09 19:47:29,Deposit,5143.47,135798.89,Online,,,Completed,Deposit via ATM,1,Atlanta,USD,10
3721,435,2026-09-20 18:06:10,Withdrawal,6247.25,135110.12,Mobile App,Retail,,Completed,Withdrawal via POS,0,Chicago,USD,10
3722,336,2024-01-18 08:41:21,Transfer Out,6824.36,201220.52,Mobile App,,817,Completed,Transfer Out via Mobile App,0,Buffalo,USD,0
3723,1116,2024-10-21 01:40:41,Transfer In,7099.7,147211.19,Online,,272,Completed,Transfer In via Branch,0,Cambridge,USD,10
3724,928,2024-06-08 03:38:02,Bill Payment,1849.21,99049.04,Mobile App,Retail,,Completed,Bill Payment via Branch,0,San Francisco,USD,10
3725,740,2024-04-04 12:17:03,Withdrawal,2058.38,70233.71,Mobile App,Education,,Failed,Withdrawal via Branch,0,Sacramento,USD,0
3726,136,2026-02-09 01:06:44,Transfer In,7328.99,167165.65,ATM,,1115,Pending,Transfer In via Mobile App,0,Denver,USD,10
3727,1190,2026-08-06 12:24:22,Bill Payment,5812.0,176296.65,ATM,Education,,Completed,Bill Payment via Online,0,Houston,USD,5
3728,874,2025-07-04 13:22:17,Withdrawal,7100.95,165888.09,ATM,Education,,Completed,Withdrawal via ATM,0,Rochester,USD,1.5
3729,603,2024-11-27 08:26:12,Fee,3467.83,252776.03,Online,,,Completed,Fee via Online,0,Boston,USD,5
3730,376,2025-07-01 20:29:58,Fee,2842.15,128441.7,ATM,,,Completed,Fee via POS,0,Miami,USD,0
3731,1170,2025-11-16 05:53:22,Deposit,7884.91,67447.55,Online,Education,,Completed,Deposit via Branch,0,Houston,USD,10
3732,830,2026-07-25 09:23:52,Bill Payment,4610.19,115319.91,POS,Healthcare,,Completed,Bill Payment via Mobile App,0,Spokane,USD,1.5
3733,114,2025-09-19 02:02:33,Bill Payment,5443.33,4768.19,Mobile App,Fuel,,Completed,Bill Payment via Mobile App,0,New York City,USD,5
3734,549,2026-02-23 17:30:00,Fee,3110.3,83774.42,ATM,,,Failed,Fee via Mobile App,0,Chicago,USD,10
3735,227,2026-08-30 14:29:22,Transfer In,6728.29,181834.71,Online,,160,Completed,Transfer In via Branch,0,San Antonio,USD,0
3736,59,2024-12-11 06:13:55,Interest Credit,7341.35,147097.78,Online,,,Completed,Interest Credit via ATM,0,Albany,USD,0
3737,51,2024-01-18 20:42:53,Bill Payment,2003.48,78684.39,ATM,Retail,,Completed,Bill Payment via Branch,0,Spokane,USD,0
3738,289,2025-10-26 05:27:36,Deposit,2489.81,257991.45,POS,Dining,,Completed,Deposit via Mobile App,0,Dallas,USD,0
3739,48,2026-06-09 11:16:26,Deposit,2066.31,149179.87,ATM,Groceries,,Completed,Deposit via POS,0,Tacoma,USD,1.5
3740,713,2024-04-24 04:38:31,Deposit,5557.85,114497.02,Online,Utilities,,Completed,Deposit via POS,0,Worcester,USD,1.5
3741,663,2024-02-01 15:26:58,Deposit,4797.53,104793.97,Online,Dining,,Completed,Deposit via Mobile App,0,Denver,USD,0
3742,122,2025-04-08 17:15:18,Interest Credit,5310.44,48198.39,Mobile App,,,Completed,Interest Credit via Branch,0,Boston,USD,0
3743,614,2024-06-21 13:08:02,Withdrawal,1422.82,246160.15,Mobile App,Education,,Completed,Withdrawal via Online,0,San Francisco,USD,5
3744,1179,2024-02-25 06:29:42,Bill Payment,4379.61,146330.21,Branch,Education,,Completed,Bill Payment via ATM,0,Seattle,USD,0
3745,1014,2025-03-01 14:49:20,Deposit,840.81,64523.23,Online,Retail,,Completed,Deposit via Mobile App,0,Aurora,USD,10
3746,1055,2024-01-24 11:37:46,Withdrawal,7424.37,154883.99,ATM,Travel,,Completed,Withdrawal via Mobile App,0,San Diego,USD,2.5
3747,392,2024-03-26 01:58:51,Interest Credit,4333.31,128887.7,ATM,,,Completed,Interest Credit via POS,0,Chicago,USD,0
3748,1183,2025-07-14 10:25:39,Transfer In,7615.98,146913.63,Mobile App,,471,Completed,Transfer In via Mobile App,0,Boulder,USD,0
3749,63,2025-06-05 07:50:39,Withdrawal,727.75,41226.55,Mobile App,Travel,,Completed,Withdrawal via Mobile App,0,Seattle,USD,1.5
3750,253,2025-04-02 08:45:07,Bill Payment,6580.47,245092.89,Mobile App,Dining,,Failed,Bill Payment via ATM,0,Augusta,USD,2.5
3751,1120,2024-01-30 13:34:16,Withdrawal,5572.01,243945.95,Branch,Travel,,Completed,Withdrawal via ATM,0,Seattle,USD,0
3752,191,2025-12-22 23:01:38,Deposit,2281.38,101956.17,Branch,Entertainment,,Completed,Deposit via Branch,0,Spokane,USD,0
3753,513,2026-01-14 03:30:43,Deposit,7061.33,117575.93,ATM,Utilities,,Completed,Deposit via Online,0,San Antonio,USD,10
3754,1173,2024-06-24 10:18:26,Interest Credit,2025.24,122109.95,Mobile App,,,Completed,Interest Credit via ATM,0,Sacramento,USD,0
3755,671,2026-09-08 15:24:26,Transfer Out,1638.36,8241.21,Branch,,77,Completed,Transfer Out via Online,0,Phoenix,USD,0
3756,1003,2024-05-06 21:33:04,Withdrawal,450.9,217158.27,Online,,,Completed,Withdrawal via ATM,0,Rochester,USD,5
3757,398,2026-01-03 12:54:50,Bill Payment,49.67,208638.28,Mobile App,Utilities,,Completed,Bill Payment via POS,1,New York City,USD,0
3758,1033,2026-07-12 09:06:54,Withdrawal,4725.75,17789.35,Branch,Dining,,Completed,Withdrawal via ATM,0,Spokane,USD,0
3759,444,2025-03-02 08:40:13,Bill Payment,4116.53,128013.16,Online,Groceries,,Completed,Bill Payment via Mobile App,0,Tucson,USD,0
3760,562,2024-12-16 03:29:56,Withdrawal,1110.08,214481.56,Online,Healthcare,,Completed,Withdrawal via Branch,0,Tacoma,USD,2.5
3761,1112,2024-05-04 20:14:17,Withdrawal,4997.46,29299.55,Mobile App,Travel,,Completed,Withdrawal via Branch,0,Cambridge,USD,0
3762,607,2025-10-15 13:18:05,Transfer Out,3531.99,201881.03,Online,,859,Completed,Transfer Out via ATM,0,Sacramento,USD,5
3763,714,2024-09-20 23:06:41,Interest Credit,6275.72,39378.37,ATM,,,Completed,Interest Credit via POS,0,Orlando,USD,0
3764,815,2025-06-15 06:53:08,Fee,2676.82,210038.37,Online,,,Completed,Fee via Online,0,Dallas,USD,0
3765,550,2025-01-08 12:18:20,Deposit,7979.07,157185.78,Online,Dining,,Completed,Deposit via POS,0,Springfield,USD,0
3766,436,2025-05-11 18:18:40,Transfer Out,5364.45,64418.37,Online,,371,Completed,Transfer Out via Online,0,Atlanta,USD,0
3767,1027,2025-03-04 12:35:12,Withdrawal,2093.48,230037.43,Online,Education,,Completed,Withdrawal via ATM,0,Sacramento,USD,1.5
3768,493,2026-01-19 22:15:13,Transfer Out,4391.5,136360.43,POS,,1055,Completed,Transfer Out via Online,0,Seattle,USD,1.5
3769,3,2024-08-11 22:33:00,Withdrawal,1172.76,149903.48,Mobile App,Retail,,Completed,Withdrawal via Online,0,Sacramento,USD,2.5
3770,272,2026-03-24 06:24:23,Deposit,4527.61,159784.72,ATM,,,Completed,Deposit via Mobile App,0,Miami,USD,0
3771,1092,2026-06-08 10:09:13,Interest Credit,4026.2,21688.27,Branch,,,Completed,Interest Credit via POS,0,Miami,USD,5
3772,953,2026-06-30 14:52:05,Transfer In,2768.57,127214.27,ATM,,1156,Completed,Transfer In via Online,0,Buffalo,USD,10
3773,213,2026-01-22 09:52:39,Bill Payment,1151.84,239364.95,ATM,Travel,,Completed,Bill Payment via POS,0,Chicago,USD,0
3774,623,2024-11-07 10:22:43,Bill Payment,3382.38,70120.09,ATM,Fuel,,Completed,Bill Payment via ATM,0,Spokane,USD,1.5
3775,557,2025-12-24 22:55:36,Withdrawal,7364.6,2029.82,Mobile App,Healthcare,,Completed,Withdrawal via ATM,0,Houston,USD,5
3776,1094,2026-08-26 16:53:24,Deposit,33.24,62661.97,Online,Utilities,,Completed,Deposit via Mobile App,0,Tacoma,USD,0
3777,622,2024-10-31 20:24:49,Transfer Out,6310.06,115076.27,Mobile App,,22,Completed,Transfer Out via Online,0,Rochester,USD,1.5
3778,19,2024-06-26 08:22:29,Withdrawal,7395.04,39449.53,Online,Utilities,,Completed,Withdrawal via Mobile App,1,Orlando,USD,1.5
3779,410,2024-05-24 00:54:35,Withdrawal,2194.79,213933.2,ATM,Healthcare,,Completed,Withdrawal via Online,0,Albany,USD,5
3780,1099,2025-03-14 22:14:00,Fee,3425.77,112921.21,Online,,,Completed,Fee via POS,1,Boulder,USD,0
3781,784,2026-09-12 14:24:51,Withdrawal,6110.26,7112.88,Branch,Dining,,Completed,Withdrawal via Mobile App,0,Atlanta,USD,0
3782,175,2026-04-30 10:13:23,Fee,7189.45,170857.11,ATM,,,Completed,Fee via ATM,0,Seattle,USD,5
3783,232,2024-10-26 05:54:20,Interest Credit,3759.59,250363.97,Mobile App,,,Completed,Interest Credit via Mobile App,0,Tampa,USD,0
3784,546,2026-04-03 13:36:27,Bill Payment,3695.17,21358.12,POS,Travel,,Completed,Bill Payment via Online,0,San Francisco,USD,0
3785,487,2024-01-26 02:28:11,Deposit,2122.14,161548.55,Mobile App,Travel,,Completed,Deposit via Online,1,Phoenix,USD,10
3786,437,2025-09-12 19:05:01,Interest Credit,1996.75,39129.22,Mobile App,,,Completed,Interest Credit via Branch,0,Austin,USD,0
3787,473,2024-11-28 05:31:55,Deposit,7585.69,16842.71,Online,Retail,,Completed,Deposit via Online,0,Atlanta,USD,5
3788,307,2024-01-07 19:55:02,Fee,2022.07,95179.83,Mobile App,,,Completed,Fee via Mobile App,0,Aurora,USD,0
3789,784,2025-05-13 05:19:53,Deposit,6848.79,191025.46,ATM,Retail,,Completed,Deposit via Branch,0,Aurora,USD,0
3790,320,2026-01-12 00:49:53,Bill Payment,4485.25,46575.96,Mobile App,Groceries,,Completed,Bill Payment via POS,0,Mesa,USD,5
3791,98,2025-09-16 16:04:20,Withdrawal,2380.0,36550.07,ATM,Entertainment,,Completed,Withdrawal via Mobile App,0,Buffalo,USD,5
3792,145,2024-07-23 13:08:58,Fee,443.16,103816.47,Branch,,,Completed,Fee via ATM,0,Seattle,USD,10
3793,806,2025-12-31 10:12:18,Fee,7774.53,677.69,Mobile App,,,Completed,Fee via Branch,0,Orlando,USD,10
3794,1084,2025-05-05 20:01:36,Withdrawal,2274.77,97516.94,Mobile App,Retail,,Completed,Withdrawal via Mobile App,0,Mesa,USD,0
3795,625,2024-05-28 14:28:15,Bill Payment,1414.06,42245.06,Online,Entertainment,,Completed,Bill Payment via ATM,0,Denver,USD,5
3796,218,2024-08-22 09:48:30,Deposit,5889.91,109785.19,ATM,Dining,,Completed,Deposit via POS,0,Tucson,USD,10
3797,1162,2025-07-11 05:13:20,Transfer Out,2296.12,17193.8,Branch,,1035,Completed,Transfer Out via Mobile App,0,San Antonio,USD,0
3798,939,2025-02-25 00:17:19,Withdrawal,7710.16,75106.05,ATM,Groceries,,Completed,Withdrawal via Branch,0,Aurora,USD,5
3799,1031,2025-05-05 04:28:50,Interest Credit,4167.48,5912.38,Mobile App,,,Completed,Interest Credit via ATM,1,Augusta,USD,2.5
3800,803,2025-02-13 00:18:12,Transfer Out,5033.28,191661.03,Mobile App,,1097,Completed,Transfer Out via Branch,0,Chicago,USD,0
3801,727,2024-06-17 17:43:50,Bill Payment,4021.09,129307.0,Mobile App,Fuel,,Completed,Bill Payment via Mobile App,0,Worcester,USD,5
3802,284,2026-07-27 07:42:01,Fee,7080.11,37550.65,Branch,,,Completed,Fee via Mobile App,1,Boston,USD,2.5
3803,500,2026-01-25 08:21:56,Bill Payment,581.9,139494.17,Branch,Fuel,,Completed,Bill Payment via Branch,1,Spokane,USD,1.5
3804,463,2026-01-17 22:54:15,Withdrawal,7449.32,152157.27,ATM,Dining,,Completed,Withdrawal via POS,0,Tampa,USD,2.5
3805,746,2024-05-05 23:09:50,Deposit,6536.83,86960.08,ATM,Groceries,,Completed,Deposit via Online,0,San Francisco,USD,5
3806,781,2025-04-02 22:18:38,Bill Payment,106.4,132539.81,Online,Education,,Completed,Bill Payment via Online,0,Boulder,USD,0
3807,690,2026-08-08 19:24:25,Interest Credit,5009.91,62496.2,ATM,,,Completed,Interest Credit via Mobile App,0,San Antonio,USD,0
3808,844,2025-01-28 10:51:45,Transfer Out,3126.89,40105.42,Online,,89,Completed,Transfer Out via Branch,0,Austin,USD,1.5
3809,1037,2026-09-11 21:24:20,Transfer Out,7296.19,223391.47,Online,,890,Completed,Transfer Out via Mobile App,0,Savannah,USD,1.5
3810,1132,2025-05-23 08:51:36,Bill Payment,7730.0,191978.05,ATM,Utilities,,Completed,Bill Payment via Branch,0,Augusta,USD,5
3811,626,2026-04-25 14:37:32,Withdrawal,1577.78,181642.89,Branch,Fuel,,Completed,Withdrawal via Branch,0,Tucson,USD,1.5
3812,699,2025-12-03 04:26:40,Bill Payment,3476.78,26540.11,Branch,Utilities,,Completed,Bill Payment via POS,0,Worcester,USD,0
3813,785,2025-01-21 15:38:52,Withdrawal,465.0,131984.59,Mobile App,Fuel,,Completed,Withdrawal via ATM,0,Albany,USD,5
3814,197,2024-12-16 09:07:31,Fee,2277.71,162628.26,Branch,,,Completed,Fee via POS,0,Buffalo,USD,10
3815,1020,2025-11-28 09:25:02,Bill Payment,5600.43,51006.03,ATM,Fuel,,Completed,Bill Payment via POS,0,Seattle,USD,5
3816,764,2025-02-03 09:20:08,Bill Payment,6443.45,122507.52,Mobile App,Utilities,,Completed,Bill Payment via Online,0,Springfield,USD,0
3817,1133,2024-06-01 08:05:57,Transfer In,2370.22,218753.68,Mobile App,,622,Completed,Transfer In via Mobile App,0,Springfield,USD,0
3818,622,2024-05-09 18:17:14,Withdrawal,7127.21,259619.3,Mobile App,Healthcare,,Completed,Withdrawal via Mobile App,0,Houston,USD,2.5
3819,869,2026-09-08 14:21:02,Bill Payment,4627.03,257357.97,Online,,,Completed,Bill Payment via Online,1,Austin,USD,0
3820,44,2026-08-12 11:31:01,Deposit,6318.94,222449.89,Mobile App,Travel,,Completed,Deposit via Mobile App,0,Austin,USD,5
3821,582,2025-09-12 03:48:02,Bill Payment,3997.33,116119.44,Online,,,Completed,Bill Payment via Mobile App,0,Worcester,USD,1.5
3822,1024,2025-03-17 01:06:08,Deposit,6323.23,174651.34,Online,Utilities,,Pending,Deposit via Online,0,Cambridge,USD,0
3823,1177,2026-09-22 19:03:39,Fee,4942.98,200320.72,Mobile App,,,Completed,Fee via Mobile App,0,Orlando,USD,1.5
3824,573,2026-04-30 14:19:09,Deposit,403.66,7127.71,ATM,Utilities,,Completed,Deposit via Branch,0,Worcester,USD,5
3825,984,2025-03-17 02:43:55,Deposit,6206.24,180539.73,Mobile App,Education,,Completed,Deposit via Branch,0,Rochester,USD,5
3826,426,2026-05-04 13:07:18,Interest Credit,1599.6,145896.08,Mobile App,,,Completed,Interest Credit via Branch,0,Boulder,USD,0
3827,259,2024-09-26 00:33:39,Fee,362.24,121854.16,Mobile App,,,Completed,Fee via Mobile App,0,Savannah,USD,5
3828,1198,2025-09-14 07:09:26,Deposit,2417.27,209110.17,ATM,Fuel,,Completed,Deposit via POS,0,Chicago,USD,2.5
3829,600,2025-04-17 08:36:03,Deposit,6263.16,99295.11,Online,Entertainment,,Completed,Deposit via ATM,0,Boston,USD,2.5
3830,340,2026-04-08 05:01:48,Transfer Out,7237.86,6268.16,Branch,,103,Completed,Transfer Out via POS,0,Tacoma,USD,0
3831,308,2025-10-23 01:36:01,Deposit,1012.33,2830.07,Online,Groceries,,Completed,Deposit via POS,0,Phoenix,USD,1.5
3832,237,2025-07-31 00:35:36,Withdrawal,1088.55,19738.92,Mobile App,Groceries,,Completed,Withdrawal via Online,1,Los Angeles,USD,5
3833,1126,2025-09-29 20:00:33,Transfer In,7380.45,240193.73,ATM,,139,Completed,Transfer In via Mobile App,0,Mesa,USD,0
3834,1143,2024-12-26 21:10:40,Deposit,3914.1,35114.58,ATM,Retail,,Completed,Deposit via ATM,0,San Diego,USD,1.5
3835,798,2024-02-06 10:14:03,Bill Payment,4062.01,209316.06,Online,Retail,,Completed,Bill Payment via ATM,0,Worcester,USD,2.5
3836,1118,2026-08-31 00:24:53,Bill Payment,818.64,108543.63,Online,Travel,,Completed,Bill Payment via Branch,1,San Diego,USD,5
3837,129,2024-04-18 15:14:58,Bill Payment,1119.3,222739.5,Mobile App,Travel,,Completed,Bill Payment via POS,1,Jacksonville,USD,1.5
3838,994,2025-05-24 05:44:41,Transfer Out,7144.11,141334.88,Mobile App,,1085,Completed,Transfer Out via POS,0,Phoenix,USD,1.5
3839,32,2025-05-14 14:20:10,Interest Credit,3749.99,178907.51,Branch,,,Completed,Interest Credit via Online,0,San Antonio,USD,10
3840,756,2025-04-27 09:44:28,Withdrawal,6783.06,215756.61,Online,Utilities,,Completed,Withdrawal via Branch,0,Jacksonville,USD,0
3841,765,2024-10-27 17:37:41,Deposit,7336.28,124620.03,Online,,,Completed,Deposit via Branch,0,Dallas,USD,5
3842,696,2024-05-25 06:47:54,Fee,4020.74,-796.67,Online,,,Completed,Fee via Mobile App,0,Tacoma,USD,0
3843,235,2024-08-22 19:44:57,Transfer Out,6760.81,54058.82,Mobile App,,1097,Completed,Transfer Out via Online,0,Boulder,USD,0
3844,809,2026-05-12 08:47:22,Bill Payment,3763.56,155456.34,ATM,Dining,,Failed,Bill Payment via ATM,0,San Diego,USD,0
3845,1150,2026-03-21 01:43:09,Withdrawal,496.03,39940.44,Branch,Healthcare,,Completed,Withdrawal via POS,0,Boston,USD,2.5
3846,842,2024-11-02 23:37:26,Transfer In,1489.55,26157.74,Online,,563,Completed,Transfer In via ATM,0,Aurora,USD,1.5
3847,256,2024-11-02 14:58:40,Deposit,7514.42,90731.56,Mobile App,,,Pending,Deposit via Branch,0,Chicago,USD,0
3848,556,2025-02-22 10:30:07,Withdrawal,6856.4,185866.39,Online,Groceries,,Completed,Withdrawal via ATM,0,Rochester,USD,0
3849,275,2026-01-07 10:37:43,Deposit,4729.55,181654.76,Branch,Retail,,Completed,Deposit via ATM,0,Albany,USD,2.5
3850,692,2025-01-12 15:31:31,Bill Payment,954.99,44250.14,ATM,Travel,,Completed,Bill Payment via Mobile App,0,Atlanta,USD,5
3851,125,2024-06-01 01:20:08,Bill Payment,621.18,12528.98,Online,Dining,,Completed,Bill Payment via ATM,0,Phoenix,USD,0
3852,1078,2024-04-20 05:48:21,Transfer In,892.26,56677.56,Online,,697,Completed,Transfer In via Branch,0,Chicago,USD,0
3853,122,2024-03-27 16:57:55,Fee,5529.18,91790.41,ATM,,,Completed,Fee via Online,0,Savannah,USD,0
3854,648,2026-02-28 01:10:03,Transfer In,3942.5,204844.33,Online,,383,Completed,Transfer In via POS,0,Los Angeles,USD,1.5
3855,882,2025-03-07 22:59:30,Bill Payment,7625.22,138974.49,Mobile App,,,Completed,Bill Payment via ATM,0,Buffalo,USD,0
3856,467,2024-09-09 06:32:03,Transfer In,1452.66,187681.54,Online,,883,Completed,Transfer In via Mobile App,0,Denver,USD,0
3857,310,2026-01-06 18:40:43,Deposit,2343.3,203870.71,Online,Groceries,,Completed,Deposit via POS,0,Orlando,USD,0
3858,39,2024-12-21 13:37:35,Bill Payment,7714.06,20703.84,Mobile App,,,Completed,Bill Payment via POS,0,Chicago,USD,0
3859,675,2024-12-22 04:52:51,Bill Payment,1987.06,175457.7,Mobile App,Utilities,,Completed,Bill Payment via Branch,0,Mesa,USD,0
3860,164,2025-07-27 16:22:38,Withdrawal,3703.92,139732.62,Online,,,Completed,Withdrawal via Mobile App,1,Houston,USD,0
3861,84,2024-06-20 17:21:42,Withdrawal,6828.04,120886.21,Online,Education,,Completed,Withdrawal via POS,0,Mesa,USD,10
3862,875,2026-08-25 22:57:44,Withdrawal,5745.59,191128.79,Online,Fuel,,Completed,Withdrawal via Online,0,Jacksonville,USD,0
3863,386,2025-10-20 14:31:08,Fee,2584.55,78787.9,ATM,,,Completed,Fee via Mobile App,0,Chicago,USD,1.5
3864,1101,2024-10-02 20:37:36,Bill Payment,2684.3,206329.3,Online,Utilities,,Completed,Bill Payment via Branch,0,Orlando,USD,1.5
3865,524,2024-10-09 11:43:52,Deposit,2987.17,168975.31,POS,Education,,Completed,Deposit via ATM,0,Aurora,USD,0
3866,212,2026-03-27 17:21:59,Transfer In,7973.08,172073.64,Branch,,1072,Completed,Transfer In via ATM,0,Cambridge,USD,1.5
3867,813,2026-02-03 21:10:13,Bill Payment,4475.12,176280.06,Mobile App,Fuel,,Completed,Bill Payment via Mobile App,0,Denver,USD,2.5
3868,484,2024-04-10 20:57:24,Interest Credit,6069.67,141314.98,Mobile App,,,Completed,Interest Credit via POS,0,Miami,USD,0
3869,564,2025-12-09 20:05:11,Transfer In,642.15,1028.04,Mobile App,,230,Failed,Transfer In via Mobile App,0,Aurora,USD,10
3870,524,2025-05-07 01:42:58,Bill Payment,2283.26,199280.39,Branch,,,Completed,Bill Payment via ATM,0,Atlanta,USD,0
3871,796,2024-07-14 04:10:03,Withdrawal,923.42,2949.7,ATM,,,Completed,Withdrawal via Online,0,Augusta,USD,1.5
3872,1180,2025-07-03 07:55:44,Fee,1913.77,4543.94,Mobile App,,,Completed,Fee via POS,0,Mesa,USD,1.5
3873,1061,2025-06-14 03:12:59,Interest Credit,6936.07,74867.73,POS,,,Completed,Interest Credit via Mobile App,0,Tucson,USD,0
3874,447,2025-04-07 16:07:50,Deposit,5719.75,214155.32,Online,Entertainment,,Completed,Deposit via POS,0,Aurora,USD,10
3875,723,2024-01-03 12:23:37,Deposit,4270.1,144708.27,ATM,,,Completed,Deposit via Branch,0,Savannah,USD,0
3876,483,2025-10-29 08:27:55,Deposit,558.1,192617.89,Online,Retail,,Completed,Deposit via Branch,0,Springfield,USD,5
3877,1162,2024-08-21 00:50:00,Withdrawal,2850.97,159688.55,Online,Retail,,Completed,Withdrawal via Mobile App,0,Mesa,USD,10
3878,324,2024-08-12 21:31:07,Bill Payment,2467.61,259252.19,Mobile App,,,Completed,Bill Payment via POS,0,Buffalo,USD,10
3879,228,2025-11-06 19:31:59,Bill Payment,5796.23,80881.92,Branch,Retail,,Completed,Bill Payment via Branch,0,Albany,USD,1.5
3880,38,2026-02-26 09:03:02,Fee,7555.19,125578.94,Mobile App,,,Completed,Fee via Online,0,Seattle,USD,0
3881,856,2025-05-14 10:36:20,Withdrawal,7642.81,188645.43,ATM,,,Completed,Withdrawal via POS,0,Tampa,USD,0
3882,1134,2026-05-12 06:31:47,Deposit,788.85,126210.35,ATM,Education,,Completed,Deposit via POS,0,San Francisco,USD,0
3883,74,2026-03-15 16:17:42,Bill Payment,6483.36,162306.29,Branch,Retail,,Completed,Bill Payment via Branch,0,Cambridge,USD,0
3884,836,2025-12-23 13:37:22,Bill Payment,614.38,16305.01,ATM,Retail,,Completed,Bill Payment via Mobile App,0,Sacramento,USD,5
3885,682,2025-06-11 04:17:12,Interest Credit,261.44,250957.5,Mobile App,,,Completed,Interest Credit via Online,0,Denver,USD,10
3886,495,2024-10-03 16:09:06,Withdrawal,1888.26,132299.29,Online,Utilities,,Completed,Withdrawal via Online,0,Tampa,USD,0
3887,338,2026-03-10 18:25:55,Interest Credit,2505.48,104477.41,Mobile App,,,Completed,Interest Credit via Branch,0,Los Angeles,USD,0
3888,457,2025-06-19 18:23:59,Withdrawal,6972.36,128428.66,Online,Utilities,,Completed,Withdrawal via ATM,0,Rochester,USD,0
3889,508,2026-09-18 02:04:14,Deposit,5605.32,3312.36,Online,Utilities,,Completed,Deposit via Online,0,Aurora,USD,0
3890,544,2025-02-08 08:11:28,Transfer In,6938.74,107948.62,ATM,,1178,Completed,Transfer In via Branch,0,Orlando,USD,0
3891,524,2026-05-14 10:32:09,Transfer In,5928.25,103841.69,Online,,923,Completed,Transfer In via Online,0,Augusta,USD,1.5
3892,666,2024-01-19 05:59:57,Transfer In,4885.88,103561.87,Branch,,530,Completed,Transfer In via Mobile App,0,Tampa,USD,0
3893,86,2026-04-25 01:10:12,Withdrawal,60.14,23962.75,Mobile App,Fuel,,Completed,Withdrawal via Branch,0,Rochester,USD,2.5
3894,507,2026-03-25 22:12:48,Bill Payment,6650.35,236113.72,Online,Utilities,,Completed,Bill Payment via ATM,0,Los Angeles,USD,0
3895,223,2026-09-17 23:27:25,Deposit,4703.46,11509.05,Mobile App,Dining,,Completed,Deposit via POS,0,Naperville,USD,0
3896,622,2024-06-30 09:09:08,Withdrawal,3331.75,168649.59,Online,Retail,,Completed,Withdrawal via Online,0,Jacksonville,USD,10
3897,400,2024-06-09 16:13:15,Bill Payment,3650.23,19241.43,Branch,Healthcare,,Failed,Bill Payment via Online,0,Chicago,USD,5
3898,339,2026-05-26 09:45:06,Deposit,5449.9,118047.97,Mobile App,Entertainment,,Completed,Deposit via ATM,0,Seattle,USD,0
3899,1179,2024-11-06 09:07:18,Interest Credit,7343.09,167366.32,Online,,,Completed,Interest Credit via Online,0,Savannah,USD,0
3900,610,2025-10-17 04:45:50,Deposit,6290.91,161009.91,Mobile App,Healthcare,,Completed,Deposit via Online,1,Boston,USD,2.5
3901,891,2024-10-05 09:47:27,Deposit,2003.91,94664.55,Mobile App,,,Completed,Deposit via Online,0,Tucson,USD,10
3902,739,2026-03-11 13:01:49,Withdrawal,7312.71,40035.26,Branch,Utilities,,Completed,Withdrawal via ATM,0,Spokane,USD,0
3903,367,2024-07-05 02:45:47,Transfer Out,7059.13,162774.67,Online,,52,Completed,Transfer Out via Branch,0,Springfield,USD,0
3904,48,2026-05-11 11:07:24,Deposit,5964.91,33816.17,ATM,Fuel,,Completed,Deposit via Branch,0,Rochester,USD,0
3905,1061,2024-04-28 05:26:47,Interest Credit,2380.45,224581.08,ATM,,,Completed,Interest Credit via Online,0,Boulder,USD,10
3906,433,2025-02-04 15:29:46,Withdrawal,5357.1,249575.08,ATM,Travel,,Completed,Withdrawal via Mobile App,0,Denver,USD,0
3907,435,2024-11-06 08:00:09,Withdrawal,554.21,120184.1,Online,Fuel,,Completed,Withdrawal via POS,0,Savannah,USD,0
3908,658,2026-01-12 11:40:10,Transfer Out,6946.67,82787.72,Mobile App,,653,Completed,Transfer Out via ATM,0,Dallas,USD,1.5
3909,509,2025-06-10 20:04:59,Transfer In,437.04,141472.11,ATM,,492,Completed,Transfer In via ATM,1,Boulder,USD,1.5
3910,1144,2024-01-05 04:23:22,Bill Payment,5846.27,220990.09,Mobile App,Retail,,Completed,Bill Payment via Online,0,Buffalo,USD,2.5
3911,103,2026-08-02 01:49:39,Transfer Out,5420.33,48331.52,Mobile App,,1186,Completed,Transfer Out via Mobile App,0,Sacramento,USD,0
3912,669,2025-05-10 16:16:12,Interest Credit,7657.29,136645.44,ATM,,,Completed,Interest Credit via POS,0,Naperville,USD,2.5
3913,557,2024-04-10 06:41:58,Withdrawal,5021.4,251874.29,Online,Dining,,Completed,Withdrawal via Mobile App,0,Chicago,USD,10
3914,842,2025-12-29 12:29:59,Bill Payment,7093.26,142827.43,Mobile App,,,Completed,Bill Payment via Branch,0,Sacramento,USD,2.5
3915,201,2026-05-20 13:12:40,Bill Payment,1901.27,259746.39,ATM,Entertainment,,Completed,Bill Payment via Online,0,Sacramento,USD,0
3916,566,2025-01-19 06:43:51,Deposit,7351.02,3388.98,Online,Healthcare,,Completed,Deposit via Branch,0,Tampa,USD,1.5
3917,73,2026-09-12 11:30:18,Deposit,825.43,68432.34,Branch,Groceries,,Completed,Deposit via ATM,0,Naperville,USD,5
3918,54,2024-07-21 05:31:54,Withdrawal,1504.6,164289.83,Branch,Entertainment,,Completed,Withdrawal via Mobile App,0,Miami,USD,1.5
3919,255,2024-03-03 08:34:05,Transfer In,6928.55,192518.27,Online,,766,Failed,Transfer In via POS,0,Atlanta,USD,2.5
3920,606,2025-11-28 11:16:15,Deposit,7997.37,48551.35,Online,Travel,,Completed,Deposit via Branch,0,Buffalo,USD,0
3921,96,2024-04-14 19:47:17,Transfer Out,944.75,54827.36,Online,,84,Completed,Transfer Out via POS,0,San Diego,USD,10
3922,1023,2025-03-21 19:52:50,Bill Payment,4474.44,22644.92,Online,Education,,Completed,Bill Payment via Mobile App,0,Worcester,USD,5
3923,881,2026-04-06 09:58:46,Transfer In,4058.92,213583.46,Mobile App,,410,Completed,Transfer In via ATM,0,Orlando,USD,0
3924,1091,2025-09-13 15:38:39,Deposit,1443.53,204584.4,Online,Dining,,Completed,Deposit via Online,0,Seattle,USD,0
3925,472,2026-06-29 14:15:47,Withdrawal,7704.66,155547.69,Branch,Education,,Completed,Withdrawal via POS,0,Jacksonville,USD,2.5
3926,440,2024-02-19 09:35:29,Fee,1427.6,94290.24,Online,,,Completed,Fee via Online,0,Savannah,USD,1.5
3927,1170,2024-03-30 06:52:34,Transfer In,6923.31,51571.39,Mobile App,,73,Completed,Transfer In via ATM,0,New York City,USD,5
3928,1098,2024-10-02 11:17:25,Interest Credit,6897.4,13861.79,ATM,,,Completed,Interest Credit via Online,0,Savannah,USD,2.5
3929,725,2026-07-25 11:33:37,Deposit,765.78,22097.84,Mobile App,Education,,Completed,Deposit via Mobile App,1,Austin,USD,1.5
3930,327,2024-07-28 10:29:07,Withdrawal,3357.32,78087.73,Online,Entertainment,,Completed,Withdrawal via ATM,0,Austin,USD,0
3931,33,2026-07-06 03:29:41,Transfer In,431.6,166789.48,Online,,366,Completed,Transfer In via ATM,0,Spokane,USD,10
3932,530,2025-04-18 21:27:37,Fee,7978.94,153271.78,Mobile App,,,Completed,Fee via Online,0,Tacoma,USD,0
3933,185,2024-04-26 13:01:45,Transfer In,6034.18,-249.01,Mobile App,,144,Completed,Transfer In via Online,0,Augusta,USD,0
3934,427,2024-04-16 17:22:29,Transfer In,7642.1,220212.09,Online,,393,Completed,Transfer In via POS,0,San Francisco,USD,0
3935,346,2025-11-19 11:29:57,Withdrawal,182.36,208542.66,Online,Utilities,,Completed,Withdrawal via ATM,0,Boston,USD,0
3936,765,2026-01-16 01:02:34,Bill Payment,2966.77,140538.41,Branch,Fuel,,Completed,Bill Payment via Branch,0,Seattle,USD,1.5
3937,358,2025-08-11 12:21:03,Deposit,7782.64,258903.78,Online,Dining,,Completed,Deposit via Branch,0,Chicago,USD,0
3938,589,2025-04-10 16:50:09,Interest Credit,3785.43,187595.09,Mobile App,,,Completed,Interest Credit via Branch,0,San Antonio,USD,5
3939,144,2025-10-12 22:15:00,Transfer Out,4202.01,196977.26,Mobile App,,604,Completed,Transfer Out via POS,0,Houston,USD,0
3940,787,2025-02-18 02:39:50,Fee,5521.16,178217.42,ATM,,,Completed,Fee via Online,0,Atlanta,USD,2.5
3941,7,2026-02-18 02:42:37,Transfer Out,1917.81,49275.72,ATM,,433,Completed,Transfer Out via Mobile App,0,Boulder,USD,0
3942,562,2024-04-14 18:03:24,Fee,7283.79,141217.98,Mobile App,,,Completed,Fee via Online,0,Tampa,USD,1.5
3943,627,2025-09-21 01:55:35,Fee,7552.36,100148.42,Branch,,,Completed,Fee via Mobile App,0,Chicago,USD,5
3944,693,2025-01-22 04:16:06,Transfer Out,1998.97,1789.46,Mobile App,,171,Completed,Transfer Out via Branch,0,Aurora,USD,0
3945,720,2026-07-14 10:59:50,Fee,4681.17,243668.62,Online,,,Completed,Fee via Mobile App,0,Aurora,USD,5
3946,787,2026-01-29 00:55:26,Deposit,5259.11,58835.62,Branch,Dining,,Completed,Deposit via ATM,0,Tacoma,USD,0
3947,354,2026-07-27 00:38:47,Withdrawal,2119.82,92738.41,ATM,Entertainment,,Completed,Withdrawal via Mobile App,0,Dallas,USD,0
3948,178,2025-11-13 09:00:36,Interest Credit,5230.74,215628.75,Branch,,,Completed,Interest Credit via Mobile App,0,Boulder,USD,0
3949,600,2025-09-07 14:31:41,Deposit,1448.08,113001.81,Online,Travel,,Completed,Deposit via Online,0,Savannah,USD,0
3950,905,2026-01-19 18:04:48,Bill Payment,1858.26,-673.82,Online,Travel,,Completed,Bill Payment via Online,0,Tucson,USD,5
3951,756,2024-02-20 19:50:25,Transfer In,727.5,191006.31,ATM,,761,Completed,Transfer In via Online,0,Austin,USD,10
3952,298,2025-05-21 07:29:24,Bill Payment,3098.19,18053.55,Branch,Dining,,Completed,Bill Payment via ATM,0,Austin,USD,1.5
3953,991,2024-04-08 07:48:11,Fee,1285.34,251698.21,Mobile App,,,Completed,Fee via Online,0,Dallas,USD,5
3954,650,2025-10-08 17:14:07,Deposit,2259.98,228240.24,ATM,Entertainment,,Completed,Deposit via Online,0,Los Angeles,USD,0
3955,1063,2026-04-23 17:02:41,Withdrawal,1801.81,172164.34,Online,Groceries,,Completed,Withdrawal via ATM,0,Tucson,USD,5
3956,220,2025-09-26 20:38:47,Bill Payment,4731.64,119317.2,Online,,,Completed,Bill Payment via Online,0,Austin,USD,0
3957,207,2026-03-30 19:59:01,Deposit,7076.77,253836.39,Mobile App,Groceries,,Completed,Deposit via POS,0,Tacoma,USD,10
3958,535,2024-11-23 23:59:11,Bill Payment,7444.93,108635.13,Online,Utilities,,Completed,Bill Payment via Online,0,Sacramento,USD,5
3959,882,2024-12-29 22:18:08,Transfer In,6642.1,84422.8,Mobile App,,1096,Completed,Transfer In via ATM,0,Savannah,USD,0
3960,1057,2024-01-10 09:45:41,Withdrawal,4897.64,15288.73,Mobile App,Groceries,,Failed,Withdrawal via Online,1,Austin,USD,2.5
3961,38,2024-04-30 05:44:41,Withdrawal,6282.26,87061.94,ATM,Education,,Completed,Withdrawal via ATM,0,Denver,USD,10
3962,409,2024-07-24 14:54:11,Withdrawal,7906.42,200964.3,ATM,Education,,Completed,Withdrawal via Mobile App,0,Phoenix,USD,2.5
3963,939,2025-03-12 16:11:09,Bill Payment,5568.14,147692.81,Branch,Retail,,Completed,Bill Payment via ATM,1,Miami,USD,1.5
3964,378,2024-08-11 00:14:20,Bill Payment,4483.66,169370.9,Mobile App,,,Completed,Bill Payment via Online,0,Tampa,USD,2.5
3965,951,2025-06-13 01:10:26,Deposit,855.06,254480.86,Branch,Education,,Completed,Deposit via Branch,0,Sacramento,USD,0
3966,453,2025-12-05 18:09:18,Transfer In,3563.77,158909.93,POS,,1098,Completed,Transfer In via POS,0,Naperville,USD,10
3967,804,2024-01-23 14:07:30,Interest Credit,415.44,-1314.85,Online,,,Completed,Interest Credit via Branch,0,Cambridge,USD,0
3968,1154,2026-07-09 18:41:22,Interest Credit,1209.22,202534.47,Online,,,Pending,Interest Credit via Online,0,Cambridge,USD,0
3969,244,2025-07-10 23:53:29,Fee,5795.52,142037.94,Online,,,Completed,Fee via Mobile App,0,New York City,USD,0
3970,886,2025-11-05 15:26:57,Withdrawal,2951.97,228708.67,Online,Entertainment,,Completed,Withdrawal via POS,0,San Francisco,USD,0
3971,936,2026-04-15 10:43:17,Withdrawal,1937.79,96116.35,Mobile App,Entertainment,,Completed,Withdrawal via ATM,1,Aurora,USD,0
3972,9,2025-06-05 12:59:08,Bill Payment,4487.99,145681.11,Online,Dining,,Completed,Bill Payment via ATM,0,Worcester,USD,10
3973,306,2024-01-04 10:56:54,Transfer Out,1089.33,236446.92,Mobile App,,173,Completed,Transfer Out via Branch,0,Aurora,USD,0
3974,74,2024-05-17 07:50:19,Withdrawal,7283.05,-1597.68,Mobile App,Dining,,Completed,Withdrawal via POS,0,Albany,USD,0
3975,1185,2025-04-12 01:06:18,Transfer In,7352.18,-1291.34,Online,,1000,Completed,Transfer In via Mobile App,0,Houston,USD,2.5
3976,345,2026-01-28 22:21:55,Fee,2404.83,43296.91,Branch,,,Completed,Fee via ATM,1,New York City,USD,0
3977,293,2025-12-14 15:05:24,Deposit,7163.12,121598.75,Mobile App,Retail,,Completed,Deposit via ATM,0,Tacoma,USD,1.5
3978,302,2025-04-12 00:17:48,Transfer In,6348.37,54393.69,Mobile App,,1055,Completed,Transfer In via ATM,1,Sacramento,USD,0
3979,571,2026-08-01 14:27:29,Deposit,7317.77,77063.26,Online,Utilities,,Completed,Deposit via Branch,0,Tacoma,USD,1.5
3980,708,2024-04-15 13:43:45,Deposit,6912.04,32589.09,Online,Education,,Completed,Deposit via POS,0,Boston,USD,2.5
3981,1136,2024-01-28 10:26:57,Deposit,7679.76,130640.35,Mobile App,Entertainment,,Completed,Deposit via Mobile App,0,Chicago,USD,0
3982,350,2025-11-19 21:05:36,Deposit,6328.23,252265.34,Branch,Retail,,Completed,Deposit via ATM,0,Springfield,USD,10
3983,192,2024-04-20 20:18:19,Interest Credit,7970.29,191424.83,Mobile App,,,Completed,Interest Credit via Mobile App,0,Seattle,USD,0
3984,835,2025-09-06 08:07:11,Transfer In,683.51,68711.06,ATM,,308,Completed,Transfer In via ATM,0,Albany,USD,1.5
3985,235,2026-08-31 23:54:19,Bill Payment,845.19,11828.19,Online,Retail,,Completed,Bill Payment via ATM,0,Boston,USD,0
3986,838,2024-06-03 07:40:01,Bill Payment,743.42,69066.54,ATM,Education,,Completed,Bill Payment via ATM,0,Houston,USD,1.5
3987,139,2026-06-10 23:16:27,Bill Payment,7344.25,71684.14,Branch,Dining,,Completed,Bill Payment via Online,0,Atlanta,USD,5
3988,1088,2025-11-06 11:49:04,Bill Payment,2286.68,209818.85,Mobile App,,,Completed,Bill Payment via Mobile App,0,Springfield,USD,10
3989,282,2026-05-27 08:34:07,Bill Payment,5401.22,135499.22,Online,Utilities,,Completed,Bill Payment via Mobile App,0,Seattle,USD,1.5
3990,798,2025-08-09 21:39:34,Deposit,1690.14,241947.76,Mobile App,Entertainment,,Completed,Deposit via POS,0,Cambridge,USD,10
3991,410,2026-09-12 20:50:33,Withdrawal,1189.58,64613.08,POS,Utilities,,Completed,Withdrawal via ATM,0,Houston,USD,0
3992,895,2024-09-07 19:28:40,Bill Payment,6571.53,32551.1,Online,,,Completed,Bill Payment via Branch,0,Tampa,USD,1.5
3993,355,2025-05-04 10:18:01,Transfer In,6805.1,188529.35,ATM,,451,Completed,Transfer In via Mobile App,0,Seattle,USD,0
3994,263,2024-04-30 08:57:27,Bill Payment,2519.94,207173.18,Mobile App,Fuel,,Completed,Bill Payment via Online,0,San Francisco,USD,1.5
3995,1027,2024-07-16 13:40:09,Fee,5648.03,92332.64,ATM,,,Completed,Fee via Branch,0,Savannah,USD,5
3996,631,2024-12-04 04:05:14,Transfer In,3159.69,18828.6,Online,,986,Completed,Transfer In via Branch,0,San Diego,USD,5
3997,425,2024-08-14 05:33:35,Withdrawal,7472.5,91453.04,Online,Fuel,,Completed,Withdrawal via POS,0,Tucson,USD,2.5
3998,829,2025-03-22 12:19:59,Transfer In,3351.53,170899.11,Online,,776,Completed,Transfer In via Mobile App,0,Austin,USD,0
3999,620,2025-02-22 09:17:05,Bill Payment,830.0,198274.82,Mobile App,,,Failed,Bill Payment via ATM,0,Seattle,USD,0
4000,331,2026-05-11 13:32:59,Deposit,7949.63,192641.2,ATM,Entertainment,,Completed,Deposit via Online,0,Naperville,USD,0
4001,246,2026-06-16 20:54:11,Withdrawal,765.21,72422.22,Online,Groceries,,Completed,Withdrawal via POS,0,Sacramento,USD,2.5
4002,1029,2024-01-07 23:02:37,Deposit,4947.1,48278.28,Online,Education,,Completed,Deposit via Mobile App,0,Spokane,USD,0
4003,1100,2026-03-07 16:08:11,Fee,3852.79,90597.44,Online,,,Completed,Fee via ATM,0,Tucson,USD,0
4004,524,2025-06-29 22:27:35,Deposit,4345.68,91776.04,POS,Fuel,,Completed,Deposit via ATM,0,Orlando,USD,2.5
4005,558,2025-11-03 09:20:04,Fee,2982.4,52884.86,Online,,,Completed,Fee via Branch,0,Seattle,USD,0
4006,306,2025-12-15 21:14:58,Bill Payment,353.47,85143.65,Branch,Education,,Failed,Bill Payment via ATM,0,Dallas,USD,2.5
4007,690,2024-12-31 14:29:22,Fee,2857.5,158924.54,Mobile App,,,Completed,Fee via Branch,0,Houston,USD,10
4008,228,2024-12-17 04:39:38,Transfer In,2707.88,97318.58,ATM,,444,Completed,Transfer In via ATM,0,Los Angeles,USD,0
4009,266,2026-05-15 09:32:08,Transfer Out,5366.28,179793.76,Branch,,310,Completed,Transfer Out via ATM,0,Springfield,USD,0
4010,963,2025-05-14 12:00:25,Transfer Out,6586.63,86537.98,Branch,,857,Completed,Transfer Out via POS,0,Houston,USD,0
4011,603,2024-01-15 16:49:27,Fee,3270.32,128645.88,ATM,,,Completed,Fee via Mobile App,0,Los Angeles,USD,0
4012,251,2025-10-12 00:42:01,Withdrawal,4362.76,89725.0,Mobile App,Entertainment,,Completed,Withdrawal via POS,0,Tucson,USD,0
4013,181,2025-10-29 18:59:38,Deposit,862.54,51161.44,Mobile App,Utilities,,Completed,Deposit via Branch,0,Chicago,USD,5
4014,778,2024-10-19 13:46:25,Bill Payment,1029.46,27149.79,Branch,,,Completed,Bill Payment via Mobile App,1,Austin,USD,2.5
4015,465,2026-03-07 19:20:16,Transfer Out,7635.09,1790.36,Online,,529,Completed,Transfer Out via Online,0,San Antonio,USD,0
4016,20,2024-05-14 16:24:17,Withdrawal,7883.21,154143.36,Branch,Entertainment,,Failed,Withdrawal via Online,0,Miami,USD,5
4017,127,2026-05-24 14:04:14,Deposit,2373.35,239412.77,Mobile App,Utilities,,Completed,Deposit via Branch,0,Jacksonville,USD,5
4018,564,2026-08-20 01:56:16,Deposit,3547.59,129370.22,Mobile App,Utilities,,Completed,Deposit via Online,0,Buffalo,USD,2.5
4019,672,2024-06-10 22:40:24,Withdrawal,5904.9,109556.9,Mobile App,Education,,Completed,Withdrawal via Mobile App,0,Miami,USD,2.5
4020,1068,2026-04-02 14:12:31,Transfer In,22.02,-812.64,Mobile App,,693,Completed,Transfer In via POS,0,New York City,USD,1.5
4021,1084,2025-01-24 22:07:11,Withdrawal,7826.38,99329.35,Online,Travel,,Completed,Withdrawal via Branch,0,Boston,USD,0
4022,1064,2024-02-07 23:24:29,Withdrawal,1638.03,118228.22,Branch,,,Completed,Withdrawal via ATM,0,Naperville,USD,0
4023,735,2026-09-18 07:51:41,Transfer Out,6389.55,232636.11,Branch,,391,Completed,Transfer Out via Mobile App,1,Boulder,USD,0
4024,1091,2025-08-24 06:14:14,Fee,967.62,90019.25,Online,,,Completed,Fee via Mobile App,0,Sacramento,USD,0
4025,1138,2026-01-31 21:23:47,Bill Payment,2256.36,119774.1,ATM,Fuel,,Completed,Bill Payment via ATM,0,Tacoma,USD,10
4026,1071,2025-07-04 09:11:36,Interest Credit,1271.95,219822.97,Mobile App,,,Completed,Interest Credit via Online,1,Tampa,USD,2.5
4027,91,2026-04-25 05:19:49,Transfer In,4138.74,196520.56,Branch,,441,Completed,Transfer In via POS,0,Boston,USD,0
4028,865,2024-09-16 01:29:54,Deposit,5629.21,160488.76,Online,Travel,,Completed,Deposit via Mobile App,1,Boulder,USD,10
4029,571,2025-10-27 01:10:36,Withdrawal,2055.15,107942.65,Mobile App,Healthcare,,Completed,Withdrawal via Branch,0,Worcester,USD,5
4030,739,2024-01-20 21:11:53,Transfer Out,3801.16,240646.08,ATM,,637,Completed,Transfer Out via POS,0,Naperville,USD,2.5
4031,583,2026-03-10 05:53:16,Transfer In,7905.1,118678.79,ATM,,267,Completed,Transfer In via Online,0,San Antonio,USD,1.5
4032,227,2025-11-11 21:01:07,Bill Payment,1822.34,79276.38,Online,Entertainment,,Completed,Bill Payment via ATM,0,Boulder,USD,1.5
4033,636,2024-12-21 19:03:47,Deposit,6188.45,115161.77,Mobile App,Entertainment,,Completed,Deposit via Branch,0,Augusta,USD,0
4034,967,2025-03-12 01:21:47,Bill Payment,2826.29,32988.08,Mobile App,Education,,Completed,Bill Payment via Online,0,Albany,USD,10
4035,241,2025-11-19 17:07:13,Transfer Out,4058.69,67333.73,Branch,,60,Failed,Transfer Out via Branch,1,Savannah,USD,0
4036,331,2024-09-02 09:59:02,Deposit,6617.83,234491.07,Mobile App,Fuel,,Completed,Deposit via Online,0,Savannah,USD,5
4037,470,2026-04-28 00:07:16,Withdrawal,997.48,55035.86,Mobile App,Education,,Completed,Withdrawal via Mobile App,0,Albany,USD,0
4038,929,2026-07-01 13:29:08,Bill Payment,5249.01,93046.66,Online,Dining,,Completed,Bill Payment via ATM,0,New York City,USD,0
4039,449,2024-12-29 22:44:47,Interest Credit,7871.79,132768.14,Mobile App,,,Pending,Interest Credit via POS,0,Phoenix,USD,2.5
4040,170,2026-01-17 01:41:46,Transfer Out,6860.14,164105.4,Mobile App,,886,Completed,Transfer Out via Online,0,Savannah,USD,10
4041,356,2026-05-25 17:12:23,Withdrawal,6124.31,14610.07,Mobile App,,,Pending,Withdrawal via POS,0,Aurora,USD,2.5
4042,734,2024-05-21 18:05:00,Deposit,1360.15,158184.04,Online,Dining,,Completed,Deposit via Online,0,Naperville,USD,2.5
4043,1148,2024-11-17 05:02:54,Bill Payment,7306.51,33645.79,Mobile App,Entertainment,,Completed,Bill Payment via POS,0,Phoenix,USD,0
4044,1184,2026-01-04 07:52:43,Deposit,4805.23,103358.92,Branch,,,Completed,Deposit via Branch,0,Cambridge,USD,0
4045,300,2026-04-17 01:15:01,Withdrawal,33.19,113393.85,Online,Utilities,,Completed,Withdrawal via Online,1,Atlanta,USD,10
4046,881,2026-06-11 20:38:08,Deposit,4765.33,168072.23,ATM,Healthcare,,Completed,Deposit via Branch,0,Atlanta,USD,5
4047,969,2026-04-01 19:18:31,Withdrawal,4462.25,51746.62,Branch,Retail,,Completed,Withdrawal via Branch,0,Orlando,USD,5
4048,806,2025-01-22 14:50:29,Withdrawal,6869.58,172970.22,ATM,Retail,,Completed,Withdrawal via POS,0,San Antonio,USD,10
4049,684,2024-01-05 09:40:18,Interest Credit,2066.47,250291.14,Branch,,,Failed,Interest Credit via ATM,0,Worcester,USD,2.5
4050,1119,2026-07-14 21:18:56,Withdrawal,1495.18,165341.39,Online,Education,,Completed,Withdrawal via Branch,0,Worcester,USD,0
4051,22,2024-08-05 03:36:38,Withdrawal,2356.45,197789.31,Mobile App,Groceries,,Failed,Withdrawal via POS,0,Aurora,USD,10
4052,58,2024-12-29 06:01:02,Fee,2987.28,122918.6,Online,,,Completed,Fee via POS,0,Tacoma,USD,0
4053,42,2026-09-04 06:24:00,Transfer Out,402.59,246531.25,POS,,548,Completed,Transfer Out via Mobile App,0,Houston,USD,0
4054,657,2026-08-11 01:56:54,Withdrawal,2306.63,25870.81,Branch,Retail,,Completed,Withdrawal via Online,0,Chicago,USD,0
4055,282,2025-10-09 11:31:27,Interest Credit,4483.32,176046.68,ATM,,,Completed,Interest Credit via POS,0,Tampa,USD,0
4056,1053,2026-02-04 07:26:29,Interest Credit,7155.03,153762.43,ATM,,,Completed,Interest Credit via Mobile App,0,Spokane,USD,0
4057,722,2026-06-10 00:03:32,Bill Payment,1179.33,66878.44,Mobile App,Travel,,Completed,Bill Payment via POS,0,San Francisco,USD,10
4058,154,2024-06-05 05:27:50,Fee,6873.42,125918.31,POS,,,Completed,Fee via Mobile App,0,Sacramento,USD,5
4059,21,2026-04-26 20:06:04,Transfer In,7436.87,184422.1,Branch,,123,Completed,Transfer In via ATM,0,Rochester,USD,1.5
4060,46,2025-12-02 09:51:19,Bill Payment,5963.89,187987.62,ATM,Entertainment,,Completed,Bill Payment via Online,0,Aurora,USD,0
4061,658,2025-11-24 10:45:47,Withdrawal,3638.85,224421.82,Online,Dining,,Completed,Withdrawal via Online,0,Naperville,USD,0
4062,137,2025-09-10 18:18:23,Withdrawal,2087.78,228162.82,Mobile App,Entertainment,,Completed,Withdrawal via Mobile App,0,New York City,USD,5
4063,758,2026-05-13 23:18:25,Transfer Out,1757.06,121591.08,Online,,358,Completed,Transfer Out via POS,0,Boulder,USD,2.5
4064,836,2025-07-30 17:33:24,Deposit,7407.66,68314.68,Mobile App,,,Completed,Deposit via Online,0,Orlando,USD,0
4065,768,2024-10-14 23:33:02,Transfer In,5328.77,84564.69,ATM,,879,Failed,Transfer In via Branch,0,Chicago,USD,1.5
4066,523,2026-05-03 13:39:12,Transfer Out,44.57,78941.83,Online,,1133,Completed,Transfer Out via Online,0,Sacramento,USD,0
4067,479,2025-05-17 09:10:42,Deposit,6533.32,28003.87,POS,Fuel,,Completed,Deposit via Mobile App,0,San Diego,USD,0
4068,1140,2024-08-07 22:47:48,Transfer In,6717.06,131005.91,Online,,157,Completed,Transfer In via ATM,0,Houston,USD,0
4069,449,2024-01-11 04:45:46,Transfer In,444.92,9513.95,Online,,227,Completed,Transfer In via Online,0,Chicago,USD,1.5
4070,648,2026-06-30 01:10:31,Fee,1846.26,257719.02,Mobile App,,,Completed,Fee via Mobile App,0,Houston,USD,2.5
4071,156,2026-01-07 02:42:45,Interest Credit,696.6,146885.48,Online,,,Completed,Interest Credit via Branch,0,Aurora,USD,0
4072,146,2025-08-22 11:39:19,Transfer In,2856.83,209048.97,ATM,,615,Completed,Transfer In via ATM,0,Los Angeles,USD,10
4073,863,2026-03-18 20:53:38,Withdrawal,6298.92,60869.9,Mobile App,Entertainment,,Completed,Withdrawal via Branch,0,Spokane,USD,5
4074,1187,2026-03-23 10:03:50,Interest Credit,5480.41,18483.91,Mobile App,,,Completed,Interest Credit via Online,0,Houston,USD,0
4075,1009,2024-11-11 18:14:27,Withdrawal,3710.2,152806.84,POS,Utilities,,Completed,Withdrawal via Branch,0,Mesa,USD,10
4076,506,2024-08-16 04:13:17,Deposit,79.78,212343.93,Branch,Dining,,Completed,Deposit via Mobile App,1,Spokane,USD,0
4077,427,2024-05-27 01:34:08,Withdrawal,4352.66,179992.18,Branch,Utilities,,Completed,Withdrawal via Online,0,San Diego,USD,0
4078,1014,2025-01-02 13:32:40,Withdrawal,6561.67,33199.36,Online,Fuel,,Completed,Withdrawal via POS,0,Austin,USD,0
4079,1075,2024-03-12 03:01:02,Interest Credit,1159.88,196217.45,Mobile App,,,Completed,Interest Credit via Mobile App,0,San Diego,USD,2.5
4080,1184,2025-04-20 07:38:49,Interest Credit,7136.74,138274.62,Online,,,Completed,Interest Credit via ATM,0,Savannah,USD,0
4081,898,2024-12-29 23:58:29,Fee,3253.28,185628.46,Online,,,Completed,Fee via Branch,0,Springfield,USD,5
4082,783,2026-03-16 22:15:50,Deposit,6550.53,203616.62,ATM,Fuel,,Completed,Deposit via Branch,1,Denver,USD,0
4083,429,2025-07-02 22:47:08,Transfer Out,2889.36,253667.21,ATM,,240,Completed,Transfer Out via Mobile App,0,Augusta,USD,5
4084,1070,2025-01-22 08:36:12,Transfer Out,5507.83,57959.41,ATM,,979,Completed,Transfer Out via ATM,0,Chicago,USD,0
4085,814,2024-10-17 05:16:51,Transfer Out,5907.71,74136.14,Mobile App,,597,Completed,Transfer Out via Mobile App,1,Aurora,USD,2.5
4086,1038,2025-12-12 11:44:36,Interest Credit,4869.51,226833.35,POS,,,Completed,Interest Credit via ATM,0,Tampa,USD,0
4087,65,2024-09-01 13:52:10,Interest Credit,2382.25,22877.23,Online,,,Pending,Interest Credit via Online,1,Atlanta,USD,5
4088,516,2025-10-28 09:51:59,Fee,5985.83,72202.11,Online,,,Completed,Fee via Online,0,Naperville,USD,0
4089,829,2026-07-22 20:19:14,Interest Credit,738.42,187890.61,Mobile App,,,Completed,Interest Credit via Online,0,Denver,USD,0
4090,109,2026-05-10 18:38:32,Deposit,1755.44,2157.8,POS,,,Completed,Deposit via Online,0,San Antonio,USD,0
4091,81,2024-08-20 04:58:22,Transfer In,6989.68,3627.31,Mobile App,,809,Completed,Transfer In via ATM,0,Spokane,USD,5
4092,14,2025-07-02 20:25:01,Bill Payment,5796.72,23360.57,Online,,,Completed,Bill Payment via POS,0,Phoenix,USD,0
4093,565,2024-04-03 06:51:03,Deposit,500.87,59565.14,POS,Healthcare,,Completed,Deposit via Mobile App,0,Buffalo,USD,0
4094,777,2024-11-21 04:47:54,Bill Payment,3392.48,241845.8,Branch,Retail,,Completed,Bill Payment via POS,0,Cambridge,USD,0
4095,183,2026-03-29 13:04:48,Bill Payment,5717.72,136655.48,Mobile App,Groceries,,Completed,Bill Payment via Online,0,Naperville,USD,5
4096,718,2026-05-28 16:53:04,Deposit,7172.77,42154.57,ATM,,,Completed,Deposit via POS,1,Spokane,USD,0
4097,832,2024-10-02 14:02:24,Deposit,985.1,121227.26,Mobile App,Retail,,Completed,Deposit via Branch,0,Mesa,USD,0
4098,56,2025-05-12 16:07:04,Interest Credit,6175.36,64881.8,Mobile App,,,Completed,Interest Credit via Online,0,Jacksonville,USD,0
4099,275,2024-09-16 01:22:50,Bill Payment,4433.72,182613.17,Branch,,,Completed,Bill Payment via ATM,0,San Diego,USD,1.5
4100,496,2026-09-18 15:18:30,Fee,7029.18,254353.76,Online,,,Completed,Fee via ATM,0,Jacksonville,USD,0
4101,16,2025-05-04 14:28:02,Withdrawal,6305.67,243133.36,Online,Utilities,,Completed,Withdrawal via Online,0,Cambridge,USD,5
4102,190,2026-03-29 14:56:12,Deposit,513.19,251846.88,Mobile App,Retail,,Completed,Deposit via POS,0,Boulder,USD,0
4103,770,2025-08-07 00:53:50,Deposit,4900.89,148369.06,Online,Dining,,Completed,Deposit via Mobile App,1,San Antonio,USD,1.5
4104,731,2025-02-27 15:17:43,Deposit,619.42,145095.21,Online,Utilities,,Completed,Deposit via Branch,0,Seattle,USD,0
4105,789,2026-08-15 05:42:34,Bill Payment,1418.54,72645.6,Mobile App,Utilities,,Completed,Bill Payment via Mobile App,0,Aurora,USD,0
4106,268,2024-11-15 10:00:44,Withdrawal,2626.32,15491.91,ATM,Dining,,Completed,Withdrawal via POS,0,Orlando,USD,10
4107,424,2024-09-03 06:55:12,Deposit,5464.56,206677.8,Online,Groceries,,Completed,Deposit via POS,0,Atlanta,USD,10
4108,466,2024-12-02 06:52:00,Transfer In,7754.94,112144.17,Mobile App,,753,Completed,Transfer In via Online,0,San Francisco,USD,1.5
4109,758,2026-01-12 23:18:21,Deposit,3832.69,157564.48,Branch,Healthcare,,Completed,Deposit via Mobile App,0,Seattle,USD,0
4110,396,2026-07-01 13:34:01,Interest Credit,7527.06,242867.02,Online,,,Completed,Interest Credit via Online,0,Savannah,USD,0
4111,277,2024-04-20 22:40:26,Bill Payment,2593.24,183089.95,Mobile App,,,Completed,Bill Payment via Online,1,Houston,USD,1.5
4112,187,2025-06-28 21:59:57,Fee,6020.26,190940.07,ATM,,,Completed,Fee via POS,0,Dallas,USD,0
4113,433,2024-03-17 04:58:31,Bill Payment,7422.19,827.07,Online,Travel,,Completed,Bill Payment via Branch,0,San Antonio,USD,0
4114,1009,2025-03-24 03:24:31,Deposit,1657.05,120975.88,Mobile App,Retail,,Completed,Deposit via Branch,0,San Antonio,USD,0
4115,759,2025-05-06 16:39:15,Bill Payment,1411.49,18018.54,ATM,Dining,,Completed,Bill Payment via POS,0,Orlando,USD,0
4116,1040,2026-03-16 13:34:31,Transfer In,4561.98,52131.98,Online,,449,Completed,Transfer In via Branch,0,Austin,USD,5
4117,44,2024-05-13 17:14:32,Deposit,6868.07,38151.91,Online,Education,,Completed,Deposit via POS,0,San Antonio,USD,1.5
4118,484,2025-08-14 02:10:43,Withdrawal,2545.79,108474.32,POS,Education,,Completed,Withdrawal via Online,0,Los Angeles,USD,2.5
4119,1112,2026-02-02 13:07:15,Transfer Out,6189.39,170655.76,Mobile App,,996,Completed,Transfer Out via ATM,0,Denver,USD,0
4120,366,2025-05-11 18:07:15,Withdrawal,3352.72,39528.82,ATM,Entertainment,,Completed,Withdrawal via POS,0,Augusta,USD,1.5
4121,1054,2024-04-08 06:22:14,Withdrawal,5526.05,46670.07,Mobile App,,,Completed,Withdrawal via Branch,0,Denver,USD,2.5
4122,524,2024-12-27 13:20:40,Interest Credit,6369.55,241283.99,Mobile App,,,Completed,Interest Credit via POS,0,San Diego,USD,0
4123,617,2024-06-03 10:55:07,Transfer In,4329.36,201173.12,Mobile App,,1127,Completed,Transfer In via Branch,0,Dallas,USD,2.5
4124,803,2026-05-02 08:58:13,Withdrawal,4078.42,175410.38,Mobile App,Retail,,Completed,Withdrawal via ATM,0,Springfield,USD,1.5
4125,698,2025-09-30 05:06:28,Interest Credit,2598.29,108402.0,Online,,,Completed,Interest Credit via Branch,0,Rochester,USD,5
4126,390,2026-01-30 21:39:25,Withdrawal,2759.94,13249.94,Mobile App,Fuel,,Completed,Withdrawal via Mobile App,0,Augusta,USD,5
4127,178,2026-03-21 11:22:32,Interest Credit,2334.59,170903.23,Online,,,Completed,Interest Credit via Online,1,Sacramento,USD,2.5
4128,964,2025-04-05 22:27:55,Deposit,3869.74,28486.32,Branch,Retail,,Completed,Deposit via Branch,0,Orlando,USD,2.5
4129,856,2024-08-14 15:05:09,Deposit,7373.9,85701.8,Online,Education,,Completed,Deposit via POS,0,Savannah,USD,0
4130,617,2025-01-17 14:03:23,Withdrawal,3482.09,137929.35,Mobile App,Entertainment,,Completed,Withdrawal via Mobile App,0,Houston,USD,0
4131,1016,2024-06-02 04:49:49,Withdrawal,3519.85,113591.56,Online,Healthcare,,Completed,Withdrawal via Branch,0,Los Angeles,USD,0
4132,1039,2026-02-24 04:39:51,Transfer Out,3814.06,167866.0,ATM,,480,Completed,Transfer Out via POS,0,San Diego,USD,10
4133,960,2025-03-10 06:16:26,Withdrawal,3503.51,54339.3,Branch,Entertainment,,Completed,Withdrawal via Mobile App,0,Tacoma,USD,2.5
4134,61,2026-01-06 16:04:03,Deposit,7796.52,52129.08,Mobile App,Travel,,Failed,Deposit via Online,0,Tampa,USD,0
4135,963,2026-09-15 19:02:56,Bill Payment,7801.07,181305.11,Online,Fuel,,Completed,Bill Payment via Branch,0,Boulder,USD,2.5
4136,481,2026-02-09 03:48:11,Bill Payment,166.88,100499.74,ATM,Dining,,Completed,Bill Payment via ATM,0,Aurora,USD,2.5
4137,312,2025-02-26 00:08:20,Withdrawal,7223.25,239013.92,ATM,Travel,,Completed,Withdrawal via POS,0,Tacoma,USD,10
4138,971,2025-04-06 15:37:11,Transfer In,4386.38,34951.15,ATM,,858,Completed,Transfer In via Branch,0,Austin,USD,0
4139,1062,2024-05-21 01:31:46,Transfer In,6999.25,121115.19,Online,,355,Completed,Transfer In via ATM,0,Boulder,USD,0
4140,580,2024-12-23 09:17:02,Transfer Out,6485.11,187412.89,ATM,,901,Completed,Transfer Out via POS,0,New York City,USD,10
4141,163,2025-03-16 15:50:11,Bill Payment,7635.79,200944.58,Mobile App,Utilities,,Completed,Bill Payment via POS,0,New York City,USD,10
4142,850,2024-01-28 06:17:02,Bill Payment,2164.41,66943.87,Branch,,,Completed,Bill Payment via ATM,0,Aurora,USD,5
4143,1101,2024-07-22 04:00:33,Bill Payment,2542.15,121798.86,Branch,Entertainment,,Completed,Bill Payment via Online,0,Seattle,USD,10
4144,379,2026-04-05 06:08:59,Transfer In,7521.04,154011.57,Branch,,933,Completed,Transfer In via POS,0,Phoenix,USD,0
4145,263,2025-04-07 22:01:18,Withdrawal,3394.54,25021.05,ATM,Education,,Completed,Withdrawal via Online,0,Albany,USD,0
4146,899,2024-12-26 22:19:54,Withdrawal,5468.88,116445.98,Mobile App,Fuel,,Completed,Withdrawal via ATM,0,Tacoma,USD,5
4147,172,2026-03-14 21:33:02,Withdrawal,2163.81,61809.32,Online,Dining,,Completed,Withdrawal via ATM,0,New York City,USD,10
4148,926,2026-01-23 04:32:35,Withdrawal,2717.62,186555.35,Online,Entertainment,,Completed,Withdrawal via ATM,0,Houston,USD,0
4149,1182,2025-04-24 17:21:05,Transfer In,5569.96,85455.19,Online,,1061,Completed,Transfer In via POS,0,Worcester,USD,5
4150,906,2026-09-19 22:02:04,Transfer Out,6582.21,192056.54,Online,,1160,Completed,Transfer Out via Branch,0,San Diego,USD,10
4151,1192,2026-01-21 03:11:49,Transfer In,337.09,125567.66,Mobile App,,1162,Completed,Transfer In via POS,0,San Francisco,USD,10
4152,1181,2025-04-25 04:36:40,Transfer In,1880.03,134326.66,Mobile App,,499,Completed,Transfer In via Branch,0,New York City,USD,1.5
4153,12,2025-12-22 05:09:16,Transfer In,1531.45,205042.48,ATM,,685,Failed,Transfer In via Mobile App,0,Boston,USD,10
4154,586,2024-08-04 01:55:12,Fee,7409.83,105725.96,Mobile App,,,Completed,Fee via Branch,0,Tacoma,USD,0
4155,749,2025-04-30 16:51:47,Withdrawal,3058.73,224498.55,Mobile App,Education,,Completed,Withdrawal via POS,0,Los Angeles,USD,2.5
4156,1184,2024-11-02 06:45:50,Withdrawal,3835.8,-66.61,ATM,Dining,,Pending,Withdrawal via Branch,0,Tampa,USD,10
4157,193,2024-08-15 19:32:41,Interest Credit,6916.8,220907.61,Branch,,,Completed,Interest Credit via POS,0,San Antonio,USD,0
4158,945,2024-01-16 21:55:57,Fee,1429.05,69407.03,ATM,,,Completed,Fee via Online,0,Boston,USD,5
4159,649,2024-07-04 08:10:59,Transfer In,4233.59,59229.5,Online,,690,Completed,Transfer In via ATM,0,Buffalo,USD,0
4160,993,2025-03-17 09:58:53,Deposit,6596.04,206754.49,Mobile App,Healthcare,,Completed,Deposit via ATM,0,Los Angeles,USD,0
4161,377,2026-03-30 16:41:11,Deposit,3970.62,58500.5,Online,Groceries,,Pending,Deposit via ATM,0,Miami,USD,10
4162,1095,2026-04-18 20:31:59,Fee,139.77,99745.6,Branch,,,Completed,Fee via Mobile App,0,Buffalo,USD,0
4163,1148,2025-05-17 05:57:38,Interest Credit,2899.74,93949.33,Online,,,Completed,Interest Credit via Branch,0,Los Angeles,USD,0
4164,1086,2024-11-19 16:03:20,Deposit,1027.86,68049.6,Mobile App,Entertainment,,Completed,Deposit via Branch,0,Augusta,USD,0
4165,1,2025-04-03 02:25:01,Transfer In,2545.41,12341.06,ATM,,996,Completed,Transfer In via Online,0,Augusta,USD,1.5
4166,202,2024-06-29 16:56:17,Withdrawal,877.2,131427.04,ATM,Utilities,,Completed,Withdrawal via Branch,0,Albany,USD,2.5
4167,127,2024-02-19 17:03:43,Deposit,1021.54,49011.54,Mobile App,Dining,,Completed,Deposit via ATM,0,New York City,USD,2.5
4168,1039,2025-07-15 11:56:01,Fee,2268.56,46894.73,Branch,,,Completed,Fee via Branch,0,Springfield,USD,0
4169,804,2024-11-27 15:59:13,Fee,423.99,197174.5,Online,,,Completed,Fee via Online,0,Buffalo,USD,0
4170,1,2026-02-08 00:52:47,Withdrawal,3837.97,259993.51,Mobile App,Entertainment,,Completed,Withdrawal via POS,0,Naperville,USD,0
4171,663,2025-01-28 15:19:16,Fee,5695.01,160185.8,Branch,,,Completed,Fee via POS,0,Tucson,USD,0
4172,995,2025-06-11 00:30:27,Transfer In,177.3,153781.76,Mobile App,,218,Completed,Transfer In via ATM,0,Springfield,USD,0
4173,234,2026-09-06 07:15:48,Bill Payment,5528.43,18528.91,Branch,Groceries,,Failed,Bill Payment via ATM,1,Seattle,USD,0
4174,57,2026-06-10 17:10:57,Transfer In,5317.83,247505.08,Online,,780,Completed,Transfer In via ATM,0,Miami,USD,0
4175,1014,2024-07-04 13:33:03,Deposit,6134.7,167807.46,Mobile App,Dining,,Pending,Deposit via POS,0,Savannah,USD,0
4176,106,2025-05-30 03:53:19,Bill Payment,5103.09,89902.31,Mobile App,Retail,,Completed,Bill Payment via ATM,0,Cambridge,USD,10
4177,147,2024-10-26 15:45:53,Fee,1143.04,212200.09,POS,,,Completed,Fee via Online,0,Dallas,USD,0
4178,45,2024-02-15 14:26:40,Withdrawal,4614.3,82147.99,Branch,Dining,,Completed,Withdrawal via Branch,0,Tucson,USD,0
4179,939,2025-02-19 18:52:09,Bill Payment,135.68,109436.62,Online,Education,,Completed,Bill Payment via POS,0,San Antonio,USD,0
4180,125,2024-09-07 04:05:16,Bill Payment,7625.58,212639.11,ATM,Dining,,Completed,Bill Payment via Online,0,Los Angeles,USD,0
4181,827,2024-01-11 06:21:38,Bill Payment,3431.39,203834.92,Online,Retail,,Completed,Bill Payment via ATM,0,Cambridge,USD,0
4182,340,2025-10-13 09:32:02,Withdrawal,4327.86,28136.55,Mobile App,Education,,Completed,Withdrawal via Online,0,Rochester,USD,10
4183,1125,2025-01-11 11:49:08,Deposit,7203.05,87473.53,Mobile App,Groceries,,Completed,Deposit via Mobile App,0,Mesa,USD,0
4184,1192,2024-07-25 11:03:22,Deposit,3204.69,22949.03,Mobile App,Education,,Completed,Deposit via Online,0,Seattle,USD,0
4185,43,2025-04-22 06:40:47,Transfer Out,1110.85,130331.19,Mobile App,,930,Completed,Transfer Out via ATM,1,Rochester,USD,0
4186,1031,2024-03-08 11:06:08,Withdrawal,1226.25,102825.12,Branch,Healthcare,,Completed,Withdrawal via Branch,0,Sacramento,USD,2.5
4187,1101,2026-04-13 03:57:50,Bill Payment,3499.73,211339.7,ATM,,,Completed,Bill Payment via Online,0,Atlanta,USD,0
4188,515,2024-07-25 02:44:24,Interest Credit,2376.78,183422.4,Mobile App,,,Completed,Interest Credit via POS,0,New York City,USD,0
4189,762,2024-12-03 13:56:20,Withdrawal,2925.26,20758.26,Mobile App,,,Completed,Withdrawal via ATM,0,Naperville,USD,1.5
4190,553,2025-12-26 04:13:15,Fee,1474.03,132578.88,ATM,,,Completed,Fee via Online,0,Tucson,USD,1.5
4191,319,2026-08-22 23:04:19,Transfer In,7694.05,192252.64,ATM,,841,Completed,Transfer In via Online,0,Tacoma,USD,0
4192,1163,2025-02-04 02:02:20,Interest Credit,6962.19,252779.05,Online,,,Completed,Interest Credit via Online,0,Cambridge,USD,0
4193,1119,2025-02-20 17:36:41,Transfer Out,1351.98,1509.49,Mobile App,,131,Completed,Transfer Out via POS,0,Atlanta,USD,0
4194,337,2024-05-18 02:04:27,Deposit,6968.98,152860.66,Mobile App,Education,,Completed,Deposit via Branch,1,Austin,USD,5
4195,771,2025-08-25 12:49:47,Withdrawal,7183.83,100230.83,Mobile App,Healthcare,,Completed,Withdrawal via Branch,0,Naperville,USD,0
4196,415,2024-08-05 10:51:21,Withdrawal,6824.06,18655.97,Online,Groceries,,Completed,Withdrawal via Mobile App,0,Savannah,USD,2.5
4197,827,2025-06-11 22:56:20,Transfer Out,6795.36,242108.89,POS,,542,Completed,Transfer Out via Branch,0,Buffalo,USD,0
4198,785,2025-12-21 14:11:44,Bill Payment,2951.54,225970.7,Branch,Fuel,,Completed,Bill Payment via Mobile App,0,Cambridge,USD,2.5
4199,853,2026-04-14 05:22:16,Bill Payment,6011.27,103323.04,ATM,Fuel,,Completed,Bill Payment via Mobile App,0,Boulder,USD,5
4200,235,2025-08-29 04:00:02,Transfer In,678.44,147433.82,Online,,866,Completed,Transfer In via POS,0,Rochester,USD,1.5
4201,1198,2025-02-09 14:58:42,Bill Payment,7433.87,79533.71,Branch,Travel,,Completed,Bill Payment via Branch,0,Spokane,USD,0
4202,706,2025-11-01 11:28:43,Transfer In,5707.15,259800.27,Online,,423,Completed,Transfer In via Mobile App,0,Houston,USD,10
4203,442,2024-01-31 03:34:44,Withdrawal,1982.1,28332.36,POS,Groceries,,Failed,Withdrawal via Mobile App,0,San Diego,USD,2.5
4204,440,2024-09-19 17:16:26,Withdrawal,7984.91,51685.79,Mobile App,Groceries,,Completed,Withdrawal via ATM,0,Savannah,USD,1.5
4205,1107,2026-07-05 16:27:07,Transfer Out,5101.97,26583.63,Mobile App,,805,Completed,Transfer Out via POS,0,Denver,USD,5
4206,13,2025-06-06 06:27:14,Interest Credit,5349.63,95188.04,Online,,,Completed,Interest Credit via Mobile App,0,San Francisco,USD,0
4207,770,2025-01-27 14:20:29,Fee,1625.6,42263.75,Branch,,,Completed,Fee via Mobile App,0,Buffalo,USD,10
4208,202,2025-11-09 01:33:02,Fee,7743.78,35133.01,Online,,,Completed,Fee via Online,1,Worcester,USD,10
4209,475,2024-06-25 00:17:32,Interest Credit,451.71,237188.67,Mobile App,,,Completed,Interest Credit via Mobile App,0,Denver,USD,10
4210,335,2025-11-23 12:48:46,Interest Credit,5331.85,106340.74,Mobile App,,,Completed,Interest Credit via Online,0,Cambridge,USD,5
4211,723,2026-02-17 14:40:55,Bill Payment,5947.76,162726.03,Online,Fuel,,Completed,Bill Payment via Branch,0,San Antonio,USD,0
4212,401,2026-02-14 20:46:56,Withdrawal,7320.05,211390.25,Branch,Entertainment,,Completed,Withdrawal via Online,0,Austin,USD,10
4213,882,2024-09-16 04:31:54,Withdrawal,5743.75,108743.75,Branch,Dining,,Completed,Withdrawal via ATM,0,Tacoma,USD,10
4214,1051,2024-12-12 03:49:34,Bill Payment,7710.23,51354.1,Online,Travel,,Completed,Bill Payment via ATM,0,Jacksonville,USD,0
4215,719,2024-01-26 08:21:54,Withdrawal,3344.75,478.67,ATM,Fuel,,Completed,Withdrawal via ATM,0,Tacoma,USD,0
4216,1097,2025-06-07 18:38:22,Deposit,5416.34,102096.88,Online,Groceries,,Completed,Deposit via POS,0,Savannah,USD,5
4217,1172,2026-04-12 13:48:34,Deposit,348.08,1524.79,Online,Travel,,Completed,Deposit via Mobile App,0,Aurora,USD,5
4218,437,2026-02-09 11:00:44,Transfer Out,5249.25,242507.74,ATM,,58,Completed,Transfer Out via Online,0,Augusta,USD,0
4219,812,2025-04-18 07:36:14,Transfer In,5140.3,50716.83,ATM,,201,Completed,Transfer In via Online,0,Miami,USD,5
4220,181,2025-07-30 13:19:19,Transfer Out,6018.42,74175.23,Online,,27,Completed,Transfer Out via POS,0,Spokane,USD,10
4221,537,2026-01-10 17:15:47,Interest Credit,5441.15,134969.13,Mobile App,,,Completed,Interest Credit via Online,0,Sacramento,USD,0
4222,615,2026-08-13 01:53:54,Bill Payment,1954.39,15461.46,Branch,Fuel,,Completed,Bill Payment via Branch,0,Tampa,USD,2.5
4223,577,2024-11-22 17:12:40,Bill Payment,6630.3,86202.95,Mobile App,Entertainment,,Completed,Bill Payment via POS,0,Phoenix,USD,0
4224,128,2026-05-02 01:07:33,Interest Credit,4733.64,155317.19,ATM,,,Completed,Interest Credit via Online,0,Phoenix,USD,0
4225,605,2025-03-04 04:56:53,Withdrawal,5122.74,57818.61,Branch,Retail,,Completed,Withdrawal via Branch,0,Austin,USD,5
4226,401,2024-09-13 20:34:59,Bill Payment,4940.33,57887.85,ATM,Retail,,Completed,Bill Payment via Branch,0,Miami,USD,2.5
4227,811,2024-01-09 19:36:19,Transfer Out,2002.87,198188.51,Branch,,1170,Completed,Transfer Out via ATM,0,Tacoma,USD,0
4228,497,2024-07-10 11:14:25,Withdrawal,960.16,38233.62,ATM,Retail,,Completed,Withdrawal via Mobile App,0,Jacksonville,USD,1.5
4229,399,2025-10-16 22:12:12,Withdrawal,7669.35,200896.14,ATM,Utilities,,Completed,Withdrawal via Online,0,New York City,USD,0
4230,449,2024-11-17 00:36:59,Transfer Out,3401.4,130105.35,Online,,779,Completed,Transfer Out via Branch,0,Boulder,USD,10
4231,69,2025-03-25 07:57:11,Deposit,2022.07,79130.61,Mobile App,Retail,,Completed,Deposit via Branch,0,Sacramento,USD,10
4232,816,2026-01-05 06:31:31,Transfer Out,5615.9,5782.95,Mobile App,,979,Completed,Transfer Out via Mobile App,0,Cambridge,USD,10
4233,627,2025-05-14 04:35:23,Withdrawal,5156.72,255783.4,Online,Healthcare,,Completed,Withdrawal via Online,1,Denver,USD,0
4234,833,2026-05-30 01:43:58,Bill Payment,908.42,228214.2,Online,Healthcare,,Completed,Bill Payment via Branch,0,Worcester,USD,0
4235,36,2025-05-13 19:29:02,Bill Payment,5382.57,177518.93,Branch,Travel,,Completed,Bill Payment via ATM,0,Boston,USD,10
4236,327,2024-12-04 07:45:00,Transfer In,2268.63,259562.41,ATM,,469,Completed,Transfer In via POS,1,Miami,USD,2.5
4237,59,2024-09-11 04:21:36,Withdrawal,5974.71,9495.97,ATM,Dining,,Completed,Withdrawal via Online,0,Los Angeles,USD,1.5
4238,280,2025-03-11 11:04:35,Withdrawal,7553.3,211197.38,Mobile App,Healthcare,,Completed,Withdrawal via Mobile App,0,Tampa,USD,0
4239,150,2024-03-17 19:41:30,Bill Payment,7017.23,163881.77,Online,Travel,,Completed,Bill Payment via Mobile App,0,Chicago,USD,5
4240,776,2025-12-04 01:18:52,Interest Credit,7770.09,110264.13,Mobile App,,,Completed,Interest Credit via POS,0,San Francisco,USD,10
4241,428,2024-01-28 13:35:02,Transfer In,1924.29,248823.89,Mobile App,,1035,Completed,Transfer In via Mobile App,0,Springfield,USD,0
4242,1040,2026-04-09 12:16:09,Bill Payment,139.8,221314.99,Online,Education,,Completed,Bill Payment via Online,0,Tacoma,USD,2.5
4243,520,2025-06-09 21:57:19,Deposit,1969.65,139307.64,Online,Education,,Completed,Deposit via ATM,0,Springfield,USD,0
4244,1114,2024-05-26 20:50:17,Deposit,6210.28,218591.76,Online,Fuel,,Completed,Deposit via POS,0,Tampa,USD,0
4245,246,2024-06-29 13:34:46,Transfer Out,6640.62,236508.0,ATM,,102,Completed,Transfer Out via Online,0,Tampa,USD,0
4246,1132,2024-07-28 15:18:23,Fee,6132.87,116276.17,Mobile App,,,Completed,Fee via ATM,1,Chicago,USD,0
4247,982,2025-02-05 15:16:17,Deposit,4120.61,254850.61,Mobile App,,,Completed,Deposit via POS,0,Seattle,USD,0
4248,443,2026-04-15 14:51:01,Bill Payment,4113.75,237714.36,Online,Groceries,,Completed,Bill Payment via Mobile App,0,Phoenix,USD,0
4249,794,2025-03-30 12:44:19,Transfer In,330.6,168804.08,Mobile App,,910,Completed,Transfer In via Online,0,Seattle,USD,1.5
4250,713,2024-07-24 19:54:34,Bill Payment,4688.03,132843.29,Mobile App,Healthcare,,Completed,Bill Payment via Online,0,Phoenix,USD,1.5
4251,669,2024-02-29 12:24:31,Transfer Out,778.24,148148.32,ATM,,1038,Completed,Transfer Out via Online,0,Mesa,USD,5
4252,1067,2024-06-24 17:04:41,Withdrawal,4813.1,208351.64,ATM,Entertainment,,Failed,Withdrawal via ATM,0,Denver,USD,0
4253,533,2026-07-30 19:20:00,Deposit,3994.27,175015.83,Mobile App,Education,,Failed,Deposit via ATM,0,Boston,USD,5
4254,398,2024-05-26 22:20:03,Fee,3295.45,44700.66,Branch,,,Completed,Fee via ATM,0,Tacoma,USD,10
4255,1112,2024-04-13 01:56:27,Bill Payment,2699.33,85826.71,Online,Travel,,Completed,Bill Payment via Mobile App,0,Cambridge,USD,0
4256,449,2026-01-30 01:17:08,Interest Credit,6923.89,27137.21,Mobile App,,,Completed,Interest Credit via Online,0,Austin,USD,2.5
4257,563,2026-04-14 05:52:28,Transfer In,4625.9,222708.4,Branch,,1039,Completed,Transfer In via ATM,0,Atlanta,USD,0
4258,842,2026-04-08 11:19:43,Transfer In,5525.76,192389.98,Mobile App,,985,Completed,Transfer In via POS,0,Sacramento,USD,0
4259,450,2025-10-11 22:42:42,Transfer In,225.93,950.25,ATM,,858,Completed,Transfer In via POS,0,Springfield,USD,10
4260,503,2025-05-04 02:46:24,Deposit,3928.43,31770.79,ATM,Dining,,Completed,Deposit via Mobile App,1,Dallas,USD,0
4261,873,2025-08-28 12:48:39,Deposit,4588.87,217933.77,Mobile App,,,Completed,Deposit via ATM,0,Houston,USD,0
4262,550,2026-08-24 18:35:23,Bill Payment,7935.49,120015.78,ATM,Fuel,,Completed,Bill Payment via Online,0,Miami,USD,0
4263,823,2024-04-16 09:28:25,Deposit,5886.99,131998.37,Online,Fuel,,Completed,Deposit via ATM,0,Houston,USD,0
4264,1144,2024-06-13 01:16:11,Withdrawal,5720.8,7605.91,ATM,Entertainment,,Completed,Withdrawal via ATM,0,Tampa,USD,2.5
4265,1138,2026-02-16 21:05:40,Fee,4339.74,146441.63,Branch,,,Completed,Fee via Online,0,Sacramento,USD,2.5
4266,1124,2024-06-06 07:11:07,Withdrawal,6778.48,158076.81,Online,Entertainment,,Completed,Withdrawal via POS,0,Denver,USD,5
4267,958,2026-05-31 06:35:42,Bill Payment,3470.67,57606.67,Online,Healthcare,,Completed,Bill Payment via POS,0,Tacoma,USD,0
4268,267,2025-01-06 04:55:13,Bill Payment,6531.69,192626.6,Branch,Travel,,Completed,Bill Payment via Branch,1,Seattle,USD,0
4269,1066,2024-10-15 08:55:59,Deposit,5086.79,73076.05,Online,Entertainment,,Completed,Deposit via Branch,0,Naperville,USD,0
4270,958,2026-04-15 11:24:35,Withdrawal,4883.43,147789.44,ATM,Utilities,,Completed,Withdrawal via POS,0,Chicago,USD,1.5
4271,1088,2025-02-07 08:09:37,Bill Payment,1309.57,18774.14,ATM,Retail,,Completed,Bill Payment via Online,0,Boulder,USD,10
4272,57,2025-07-06 08:26:56,Deposit,4601.12,39351.72,Branch,Retail,,Pending,Deposit via Online,0,Houston,USD,0
4273,311,2024-02-02 07:36:43,Withdrawal,1232.86,55351.14,Online,Entertainment,,Completed,Withdrawal via POS,1,San Diego,USD,5
4274,858,2024-06-24 08:52:46,Interest Credit,2086.86,238334.21,Mobile App,,,Completed,Interest Credit via Mobile App,0,Sacramento,USD,0
4275,902,2024-04-13 08:35:50,Interest Credit,3521.57,15583.33,ATM,,,Completed,Interest Credit via Online,1,Savannah,USD,10
4276,724,2025-02-27 23:33:27,Withdrawal,4063.57,247459.32,ATM,Education,,Completed,Withdrawal via Mobile App,0,Orlando,USD,10
4277,191,2025-07-31 10:15:50,Interest Credit,3807.21,199860.24,Mobile App,,,Completed,Interest Credit via POS,0,Boston,USD,0
4278,129,2024-07-25 21:58:34,Bill Payment,3782.11,19190.41,Online,Education,,Completed,Bill Payment via POS,0,Savannah,USD,0
4279,1083,2026-05-04 18:21:30,Transfer Out,3437.55,155730.17,Online,,484,Completed,Transfer Out via POS,0,Houston,USD,2.5
4280,977,2024-06-27 19:30:30,Deposit,6864.92,197531.64,ATM,Dining,,Completed,Deposit via ATM,0,Denver,USD,0
4281,1170,2024-01-30 12:41:28,Bill Payment,361.25,232685.75,Online,Healthcare,,Completed,Bill Payment via ATM,0,Miami,USD,10
4282,9,2024-06-28 19:44:21,Fee,7468.67,258469.55,Mobile App,,,Completed,Fee via Online,0,Orlando,USD,0
4283,111,2025-02-16 09:10:26,Deposit,6885.01,43415.16,Online,Entertainment,,Failed,Deposit via Branch,0,Cambridge,USD,0
4284,486,2026-08-17 03:48:52,Deposit,6941.12,121587.36,POS,Entertainment,,Pending,Deposit via Mobile App,0,Savannah,USD,5
4285,322,2025-07-21 12:02:19,Interest Credit,1034.86,99578.48,ATM,,,Completed,Interest Credit via Branch,0,Dallas,USD,0
4286,593,2025-07-02 11:51:09,Deposit,818.31,212629.82,Online,Education,,Completed,Deposit via POS,0,New York City,USD,0
4287,167,2024-04-05 11:08:13,Transfer Out,1621.05,178149.54,Online,,801,Completed,Transfer Out via POS,0,Atlanta,USD,0
4288,878,2026-09-04 08:09:12,Withdrawal,7268.38,115014.32,Mobile App,Entertainment,,Completed,Withdrawal via POS,0,Seattle,USD,2.5
4289,256,2024-09-22 14:36:39,Transfer Out,3989.41,187629.4,Branch,,232,Completed,Transfer Out via Mobile App,0,New York City,USD,0
4290,461,2025-11-08 06:01:30,Transfer Out,5630.36,81745.22,ATM,,937,Completed,Transfer Out via POS,0,Savannah,USD,2.5
4291,585,2024-09-25 02:24:30,Bill Payment,219.93,178567.7,Online,Healthcare,,Completed,Bill Payment via Branch,0,San Antonio,USD,0
4292,863,2026-04-07 04:01:21,Interest Credit,4958.54,210862.59,ATM,,,Completed,Interest Credit via Online,0,San Antonio,USD,1.5
4293,216,2024-03-01 10:17:38,Deposit,3760.48,121657.05,Online,Utilities,,Completed,Deposit via Mobile App,0,Atlanta,USD,0
4294,784,2025-06-29 06:35:12,Fee,9.37,216396.86,POS,,,Completed,Fee via Online,0,Naperville,USD,0
4295,1017,2026-05-16 14:45:21,Fee,1845.77,54228.83,Branch,,,Completed,Fee via POS,0,Miami,USD,10
4296,302,2025-03-25 16:13:08,Withdrawal,2195.43,187590.31,ATM,Fuel,,Completed,Withdrawal via Mobile App,0,Spokane,USD,0
4297,595,2026-05-31 18:30:14,Bill Payment,5098.9,107080.85,ATM,Travel,,Completed,Bill Payment via ATM,0,Buffalo,USD,2.5
4298,1047,2026-01-27 22:54:08,Withdrawal,6909.73,33217.8,Online,Groceries,,Completed,Withdrawal via POS,0,Boulder,USD,10
4299,46,2026-07-08 17:57:04,Interest Credit,5309.69,7202.61,Branch,,,Completed,Interest Credit via Online,0,Boston,USD,10
4300,1141,2026-03-15 14:39:48,Bill Payment,3430.55,235145.85,Online,Travel,,Completed,Bill Payment via Mobile App,0,Tacoma,USD,0
4301,229,2024-03-21 05:22:59,Transfer Out,188.95,201520.89,Online,,615,Pending,Transfer Out via Online,0,Spokane,USD,0
4302,683,2026-07-11 00:04:36,Transfer Out,4842.47,197474.0,Branch,,838,Completed,Transfer Out via Branch,0,Los Angeles,USD,5
4303,155,2025-03-20 18:09:58,Deposit,2899.14,257013.52,Online,Groceries,,Completed,Deposit via ATM,1,Savannah,USD,0
4304,903,2026-02-15 23:24:27,Deposit,7091.67,124527.0,Mobile App,Fuel,,Completed,Deposit via POS,0,Seattle,USD,10
4305,1183,2026-06-05 09:30:06,Transfer In,5256.02,203299.16,Mobile App,,154,Completed,Transfer In via Online,0,Houston,USD,5
4306,613,2025-11-14 21:07:45,Withdrawal,1955.5,136524.82,Online,,,Completed,Withdrawal via Mobile App,1,San Diego,USD,10
4307,517,2026-07-28 11:30:35,Fee,6801.86,142663.01,Online,,,Completed,Fee via POS,0,Denver,USD,2.5
4308,1003,2024-10-17 14:56:57,Interest Credit,4702.83,259653.62,Online,,,Completed,Interest Credit via Branch,0,Phoenix,USD,2.5
4309,711,2024-07-16 21:18:37,Bill Payment,6631.39,214573.76,ATM,Retail,,Completed,Bill Payment via POS,0,Miami,USD,0
4310,76,2024-07-03 09:07:25,Bill Payment,4961.93,40993.64,Online,Dining,,Completed,Bill Payment via ATM,0,Cambridge,USD,10
4311,353,2026-04-13 11:03:04,Transfer Out,4012.34,202424.35,Online,,854,Completed,Transfer Out via ATM,0,San Francisco,USD,0
4312,1031,2024-07-02 04:08:43,Bill Payment,5586.04,154339.26,Branch,Dining,,Completed,Bill Payment via ATM,0,Seattle,USD,0
4313,1146,2026-07-03 23:40:50,Deposit,600.86,162600.15,ATM,Utilities,,Completed,Deposit via Online,0,Aurora,USD,0
4314,905,2025-01-10 23:33:34,Transfer In,4654.62,88376.87,Online,,378,Completed,Transfer In via Mobile App,0,New York City,USD,0
4315,36,2024-08-11 10:17:46,Withdrawal,1765.39,34258.39,ATM,Healthcare,,Completed,Withdrawal via ATM,0,Dallas,USD,0
4316,501,2024-04-22 21:44:55,Fee,3843.89,135529.81,Mobile App,,,Failed,Fee via ATM,1,Houston,USD,0
4317,341,2026-03-17 17:21:27,Deposit,2114.99,193551.96,Mobile App,Travel,,Completed,Deposit via Mobile App,0,New York City,USD,0
4318,124,2024-06-08 14:09:24,Deposit,3546.25,85137.09,Mobile App,Entertainment,,Completed,Deposit via Online,0,San Diego,USD,0
4319,137,2024-10-05 01:54:53,Transfer Out,5791.4,82248.39,ATM,,240,Completed,Transfer Out via ATM,0,Houston,USD,2.5
4320,48,2025-03-18 17:08:14,Bill Payment,2425.74,214485.59,Mobile App,Dining,,Completed,Bill Payment via ATM,0,Albany,USD,10
4321,679,2026-09-03 22:19:24,Deposit,4172.76,120491.95,ATM,Retail,,Completed,Deposit via POS,0,Los Angeles,USD,10
4322,194,2026-07-03 01:09:09,Withdrawal,7635.58,236724.27,POS,Fuel,,Completed,Withdrawal via ATM,0,San Antonio,USD,1.5
4323,251,2024-01-06 07:38:57,Withdrawal,5635.58,205888.59,ATM,Education,,Completed,Withdrawal via Mobile App,0,Atlanta,USD,0
4324,606,2024-08-09 20:20:51,Transfer Out,1919.18,211934.99,Online,,134,Completed,Transfer Out via Mobile App,0,Seattle,USD,10
4325,115,2025-07-15 16:42:14,Withdrawal,6121.42,244621.8,Mobile App,Travel,,Completed,Withdrawal via Online,0,Houston,USD,10
4326,1128,2026-01-09 22:48:06,Deposit,5850.86,238709.11,Online,Travel,,Completed,Deposit via ATM,1,Savannah,USD,2.5
4327,1037,2026-01-24 17:16:15,Transfer Out,807.35,89760.88,Online,,761,Completed,Transfer Out via ATM,0,Phoenix,USD,2.5
4328,968,2024-11-20 10:42:31,Transfer In,7176.45,256443.12,Online,,270,Completed,Transfer In via Mobile App,0,San Diego,USD,1.5
4329,354,2024-03-01 17:51:08,Bill Payment,268.82,121865.72,Mobile App,Groceries,,Completed,Bill Payment via Branch,0,Aurora,USD,0
4330,1026,2026-05-29 05:08:48,Deposit,4982.64,138526.94,ATM,Fuel,,Completed,Deposit via POS,0,San Antonio,USD,5
4331,2,2025-09-06 13:12:57,Deposit,4168.16,66281.03,Online,Travel,,Completed,Deposit via Mobile App,0,Aurora,USD,0
4332,530,2025-09-03 12:32:38,Withdrawal,2448.82,66685.21,Online,,,Completed,Withdrawal via Mobile App,0,Worcester,USD,0
4333,705,2026-09-11 16:01:03,Deposit,7716.2,26175.35,Mobile App,Education,,Completed,Deposit via Branch,0,Seattle,USD,0
4334,654,2024-11-20 09:35:50,Fee,7214.65,148343.21,Mobile App,,,Completed,Fee via Mobile App,0,Tucson,USD,0
4335,390,2025-11-28 11:35:36,Withdrawal,4941.52,28753.14,Mobile App,Retail,,Completed,Withdrawal via ATM,0,San Antonio,USD,0
4336,1009,2024-08-06 13:06:02,Transfer In,544.66,121544.94,Online,,1108,Completed,Transfer In via POS,0,Albany,USD,0
4337,120,2025-08-26 12:02:39,Transfer Out,7381.57,247356.0,ATM,,924,Completed,Transfer Out via Online,0,Sacramento,USD,0
4338,850,2024-05-06 23:11:12,Interest Credit,5069.0,4799.17,POS,,,Completed,Interest Credit via Mobile App,0,Los Angeles,USD,2.5
4339,4,2025-11-30 07:30:35,Transfer In,4538.6,211394.72,Mobile App,,374,Completed,Transfer In via POS,0,Tucson,USD,0
4340,943,2026-09-16 07:46:22,Transfer Out,2110.3,170642.77,Branch,,906,Completed,Transfer Out via ATM,0,Springfield,USD,0
4341,841,2025-05-07 06:28:28,Interest Credit,6213.32,25285.05,Online,,,Completed,Interest Credit via Mobile App,0,Phoenix,USD,0
4342,66,2025-06-23 20:04:16,Transfer Out,124.05,210187.09,ATM,,460,Completed,Transfer Out via POS,0,San Antonio,USD,5
4343,578,2024-03-27 19:58:58,Transfer In,2070.7,192103.65,Branch,,764,Completed,Transfer In via ATM,0,Phoenix,USD,1.5
4344,555,2026-06-12 00:26:00,Bill Payment,966.48,237183.76,Online,Healthcare,,Completed,Bill Payment via Mobile App,0,San Francisco,USD,0
4345,992,2024-04-27 15:17:33,Withdrawal,4121.79,37028.32,Online,Education,,Completed,Withdrawal via ATM,0,Buffalo,USD,0
4346,653,2025-01-21 20:11:42,Bill Payment,3239.2,10578.2,Mobile App,Dining,,Completed,Bill Payment via Mobile App,0,Savannah,USD,10
4347,642,2024-12-13 08:46:23,Bill Payment,836.31,111517.0,Online,Education,,Pending,Bill Payment via Branch,0,San Francisco,USD,5
4348,955,2024-02-17 15:53:58,Withdrawal,2745.09,115452.32,Mobile App,Education,,Completed,Withdrawal via Online,0,Buffalo,USD,0
4349,245,2026-08-30 23:46:04,Transfer Out,871.57,227657.71,POS,,17,Completed,Transfer Out via Mobile App,0,Austin,USD,0
4350,676,2025-07-16 02:03:34,Fee,572.12,160121.07,Online,,,Completed,Fee via Mobile App,0,San Antonio,USD,10
4351,839,2025-03-04 09:06:27,Withdrawal,7818.56,135765.78,Online,Utilities,,Completed,Withdrawal via Branch,0,Augusta,USD,0
4352,863,2024-05-05 04:30:23,Deposit,5621.38,32650.67,Online,Utilities,,Completed,Deposit via Mobile App,0,Chicago,USD,0
4353,239,2025-03-05 14:04:06,Bill Payment,3831.91,39806.52,Mobile App,Education,,Completed,Bill Payment via ATM,0,Miami,USD,1.5
4354,560,2025-02-22 22:36:06,Withdrawal,2200.3,230250.16,Online,Dining,,Completed,Withdrawal via Online,0,Austin,USD,0
4355,1047,2025-01-29 08:13:19,Transfer In,870.51,215275.81,Online,,643,Completed,Transfer In via Online,0,Los Angeles,USD,0
4356,1040,2024-11-26 11:10:13,Deposit,3395.72,50894.23,ATM,Education,,Completed,Deposit via Branch,0,Boston,USD,2.5
4357,594,2024-06-20 07:15:08,Withdrawal,31.71,32633.91,Online,Utilities,,Completed,Withdrawal via Branch,0,Tucson,USD,0
4358,274,2026-05-11 06:52:43,Withdrawal,7362.14,21603.13,Online,Retail,,Completed,Withdrawal via Online,0,Denver,USD,10
4359,782,2025-07-05 20:36:43,Deposit,1778.52,184973.29,Online,Groceries,,Completed,Deposit via Online,0,Austin,USD,0
4360,644,2024-10-30 02:45:32,Bill Payment,854.22,200276.31,Branch,Dining,,Completed,Bill Payment via Mobile App,0,Los Angeles,USD,5
4361,1086,2026-09-02 06:37:28,Withdrawal,3388.17,91623.04,Online,Retail,,Completed,Withdrawal via ATM,0,Austin,USD,0
4362,441,2025-08-09 22:27:40,Bill Payment,2139.89,48715.49,Branch,Fuel,,Completed,Bill Payment via ATM,0,Austin,USD,0
4363,614,2024-09-21 05:53:26,Transfer Out,5831.45,111337.77,Mobile App,,913,Completed,Transfer Out via Online,0,New York City,USD,0
4364,508,2026-01-17 10:05:51,Interest Credit,7810.55,180215.24,Online,,,Completed,Interest Credit via Mobile App,0,Jacksonville,USD,0
4365,346,2025-08-08 05:04:21,Bill Payment,4016.07,116213.3,Online,,,Completed,Bill Payment via ATM,0,Austin,USD,0
4366,442,2024-01-24 08:21:18,Interest Credit,226.56,166145.33,Branch,,,Completed,Interest Credit via POS,0,Naperville,USD,1.5
4367,289,2025-12-22 08:10:09,Transfer In,1648.56,124098.99,Branch,,975,Completed,Transfer In via Online,0,San Antonio,USD,2.5
4368,749,2025-05-19 15:41:59,Withdrawal,6083.52,139496.17,Online,Retail,,Pending,Withdrawal via Mobile App,0,Houston,USD,0
4369,1113,2025-06-29 00:56:36,Deposit,4001.79,21619.7,POS,Fuel,,Completed,Deposit via Online,0,Rochester,USD,0
4370,1194,2024-10-27 17:59:53,Withdrawal,7521.11,69287.29,ATM,Dining,,Completed,Withdrawal via Branch,0,Savannah,USD,2.5
4371,556,2024-01-03 18:48:26,Interest Credit,3757.91,28231.07,ATM,,,Completed,Interest Credit via ATM,0,San Diego,USD,0
4372,780,2026-01-16 16:29:44,Bill Payment,1454.25,62252.68,Online,Dining,,Completed,Bill Payment via Mobile App,0,Mesa,USD,2.5
4373,406,2026-09-18 17:31:01,Deposit,4994.04,138537.84,Online,,,Completed,Deposit via Online,0,Sacramento,USD,2.5
4374,1029,2026-01-22 00:43:35,Transfer Out,7531.31,197529.36,Mobile App,,1196,Completed,Transfer Out via Branch,0,Naperville,USD,0
4375,137,2026-04-24 19:04:09,Fee,4177.56,218351.07,Mobile App,,,Completed,Fee via ATM,0,Cambridge,USD,0
4376,866,2024-01-22 15:46:04,Transfer Out,4321.39,126487.47,Online,,544,Completed,Transfer Out via Mobile App,0,Los Angeles,USD,10
4377,345,2024-02-14 12:08:09,Deposit,2979.95,31461.45,Online,Education,,Completed,Deposit via Online,0,Naperville,USD,5
4378,586,2024-01-11 05:01:06,Transfer Out,7785.34,195889.04,Online,,42,Pending,Transfer Out via Online,0,Los Angeles,USD,0
4379,931,2025-12-14 10:31:41,Withdrawal,201.49,172292.54,Branch,,,Completed,Withdrawal via Online,0,Mesa,USD,10
4380,49,2024-04-13 01:49:41,Deposit,6358.59,60809.73,POS,Healthcare,,Completed,Deposit via POS,1,Jacksonville,USD,0
4381,255,2026-08-15 21:51:38,Fee,6589.32,129580.65,ATM,,,Completed,Fee via POS,1,Springfield,USD,0
4382,114,2026-04-22 18:05:02,Bill Payment,2019.95,99306.27,Online,Dining,,Completed,Bill Payment via Online,0,Tampa,USD,10
4383,788,2025-08-16 19:57:48,Deposit,5815.58,81698.54,Online,Travel,,Completed,Deposit via Online,0,Buffalo,USD,1.5
4384,986,2024-06-14 13:43:53,Deposit,1111.57,73078.66,Online,Retail,,Completed,Deposit via Branch,0,Tampa,USD,1.5
4385,484,2026-02-09 02:29:40,Deposit,3033.28,45218.75,ATM,Travel,,Completed,Deposit via Mobile App,0,Atlanta,USD,0
4386,626,2026-06-21 07:26:34,Bill Payment,5373.33,212807.71,Branch,Utilities,,Completed,Bill Payment via POS,0,Austin,USD,0
4387,1177,2026-02-14 01:49:47,Bill Payment,7498.46,189670.87,Mobile App,Entertainment,,Completed,Bill Payment via ATM,0,Albany,USD,5
4388,464,2026-07-31 14:34:46,Withdrawal,4821.95,40168.25,Online,Healthcare,,Completed,Withdrawal via Branch,0,Tampa,USD,10
4389,537,2026-05-30 08:27:34,Transfer Out,293.5,213182.41,Online,,55,Completed,Transfer Out via Mobile App,0,Savannah,USD,0
4390,565,2024-08-25 17:17:06,Interest Credit,2752.29,199763.0,Online,,,Completed,Interest Credit via Online,0,Tucson,USD,0
4391,1002,2024-02-02 12:13:22,Deposit,4499.42,205539.32,Branch,Dining,,Completed,Deposit via POS,0,Denver,USD,2.5
4392,762,2024-09-15 12:43:09,Interest Credit,3581.9,163742.25,Mobile App,,,Completed,Interest Credit via POS,0,Tampa,USD,0
4393,157,2025-07-25 06:39:33,Deposit,7268.81,84433.51,ATM,Retail,,Completed,Deposit via Mobile App,0,Augusta,USD,5
4394,911,2024-02-04 12:36:51,Fee,6714.91,7149.57,Online,,,Completed,Fee via Mobile App,0,Austin,USD,0
4395,472,2024-08-12 17:17:06,Bill Payment,1815.93,101612.05,Mobile App,Healthcare,,Completed,Bill Payment via Online,0,San Antonio,USD,0
4396,687,2026-06-15 22:54:50,Bill Payment,2444.15,183233.24,Branch,Groceries,,Completed,Bill Payment via ATM,0,Phoenix,USD,0
4397,285,2024-12-13 19:10:26,Deposit,5296.52,32662.01,ATM,Dining,,Failed,Deposit via Branch,1,Rochester,USD,0
4398,881,2024-07-11 01:02:51,Bill Payment,319.29,139203.83,Online,Retail,,Completed,Bill Payment via POS,0,Worcester,USD,5
4399,472,2024-07-24 21:03:26,Deposit,3847.5,161089.7,Online,,,Completed,Deposit via POS,0,Tampa,USD,10
4400,641,2024-01-07 13:08:17,Interest Credit,4487.87,23836.9,ATM,,,Completed,Interest Credit via Online,0,Austin,USD,0
4401,37,2024-06-16 10:29:31,Deposit,7487.07,150445.53,Branch,Entertainment,,Completed,Deposit via Online,0,Jacksonville,USD,0
4402,908,2024-12-22 19:20:24,Withdrawal,1032.36,156930.24,Mobile App,Retail,,Completed,Withdrawal via Branch,0,New York City,USD,0
4403,168,2024-02-10 15:43:57,Fee,5807.25,196036.32,Mobile App,,,Completed,Fee via Branch,0,Jacksonville,USD,5
4404,145,2026-03-18 23:14:22,Bill Payment,5292.61,97602.71,Mobile App,Retail,,Completed,Bill Payment via ATM,0,Augusta,USD,1.5
4405,517,2026-06-23 01:21:18,Interest Credit,6376.91,156526.74,ATM,,,Completed,Interest Credit via Online,1,Mesa,USD,0
4406,886,2026-03-14 17:59:54,Transfer Out,418.99,-1066.75,Online,,31,Completed,Transfer Out via Branch,0,Los Angeles,USD,1.5
4407,389,2024-12-09 08:44:40,Fee,651.54,179874.89,Branch,,,Completed,Fee via ATM,0,San Francisco,USD,2.5
4408,436,2026-08-29 11:29:10,Transfer Out,4234.08,24420.68,ATM,,454,Completed,Transfer Out via Online,0,Springfield,USD,0
4409,1030,2024-04-23 07:04:52,Fee,6548.98,60405.54,Online,,,Completed,Fee via ATM,0,Denver,USD,0
4410,1145,2026-06-01 23:12:08,Transfer Out,7584.15,42911.53,ATM,,1089,Completed,Transfer Out via ATM,0,Savannah,USD,0
4411,12,2024-08-13 18:57:01,Fee,7780.86,221053.07,Online,,,Completed,Fee via Online,0,San Francisco,USD,1.5
4412,317,2024-12-02 23:15:50,Bill Payment,4655.03,216369.79,Online,Fuel,,Completed,Bill Payment via Branch,0,San Diego,USD,0
4413,635,2024-11-23 21:41:17,Withdrawal,618.4,34577.87,Mobile App,Entertainment,,Completed,Withdrawal via Branch,0,Austin,USD,1.5
4414,987,2025-12-17 11:27:52,Bill Payment,1433.29,1395.9,Mobile App,Healthcare,,Completed,Bill Payment via Branch,0,New York City,USD,10
4415,763,2026-06-14 16:00:45,Deposit,5298.7,212285.46,Mobile App,Entertainment,,Completed,Deposit via ATM,0,Naperville,USD,0
4416,851,2024-08-13 14:01:19,Deposit,7916.42,19409.11,Mobile App,Retail,,Completed,Deposit via Mobile App,0,San Francisco,USD,10
4417,410,2025-02-08 00:15:05,Transfer In,1220.21,124034.97,Online,,648,Completed,Transfer In via Mobile App,0,San Antonio,USD,10
4418,67,2025-05-18 06:50:28,Deposit,1697.77,159028.71,Online,Education,,Completed,Deposit via POS,0,Phoenix,USD,0
4419,355,2025-07-07 06:36:19,Interest Credit,1673.35,255188.86,Mobile App,,,Completed,Interest Credit via Online,0,New York City,USD,0
4420,561,2025-07-13 03:23:55,Interest Credit,1137.19,32387.42,Mobile App,,,Completed,Interest Credit via Branch,0,Seattle,USD,0
4421,35,2025-11-24 18:03:20,Deposit,5089.03,48383.38,ATM,Dining,,Completed,Deposit via Mobile App,0,Phoenix,USD,10
4422,863,2024-07-26 17:38:19,Deposit,6120.6,163659.09,ATM,Utilities,,Pending,Deposit via Mobile App,0,Seattle,USD,0
4423,256,2024-07-12 06:05:24,Deposit,2492.83,138572.63,Online,,,Completed,Deposit via Branch,0,San Francisco,USD,0
4424,206,2026-02-13 05:07:09,Transfer In,3298.24,111168.46,Online,,799,Completed,Transfer In via Branch,0,Boston,USD,10
4425,598,2024-07-11 08:42:09,Bill Payment,2767.7,114696.32,Mobile App,Utilities,,Completed,Bill Payment via Mobile App,0,Springfield,USD,10
4426,770,2024-06-10 21:02:35,Interest Credit,7879.99,83410.23,Mobile App,,,Completed,Interest Credit via Mobile App,0,Cambridge,USD,0
4427,887,2026-04-28 02:27:17,Withdrawal,5421.94,45941.21,POS,Groceries,,Completed,Withdrawal via Mobile App,0,Worcester,USD,1.5
4428,1116,2025-01-28 07:49:28,Deposit,5712.9,120566.95,Branch,Healthcare,,Completed,Deposit via Mobile App,0,Albany,USD,0
4429,98,2024-06-11 21:14:20,Deposit,3925.47,132069.12,Online,Retail,,Completed,Deposit via Branch,1,Aurora,USD,0
4430,481,2025-03-01 21:37:46,Transfer In,5404.08,227824.52,ATM,,355,Completed,Transfer In via Online,0,Spokane,USD,0
4431,137,2024-01-08 05:28:17,Bill Payment,5091.71,210171.38,Mobile App,Healthcare,,Completed,Bill Payment via Mobile App,0,Miami,USD,0
4432,98,2025-06-20 07:53:30,Deposit,5975.93,8089.0,ATM,Travel,,Completed,Deposit via Mobile App,0,San Francisco,USD,0
4433,189,2024-12-12 03:01:24,Deposit,716.2,228970.19,ATM,Healthcare,,Completed,Deposit via Online,0,Tacoma,USD,2.5
4434,694,2026-01-15 03:04:04,Deposit,6413.46,125209.16,Online,Dining,,Completed,Deposit via Branch,0,Savannah,USD,1.5
4435,565,2025-06-21 06:56:17,Bill Payment,435.47,115889.77,Mobile App,Retail,,Completed,Bill Payment via Mobile App,0,San Diego,USD,5
4436,661,2025-10-05 19:39:43,Deposit,2787.75,258874.43,Branch,Dining,,Completed,Deposit via Mobile App,0,Mesa,USD,0
4437,559,2024-05-02 04:53:41,Deposit,5203.76,29258.47,ATM,Entertainment,,Completed,Deposit via Mobile App,1,Aurora,USD,10
4438,122,2026-04-09 23:45:34,Bill Payment,54.86,87367.98,Mobile App,Education,,Completed,Bill Payment via POS,0,Tacoma,USD,10
4439,817,2026-02-26 01:59:15,Withdrawal,1659.61,46781.29,Mobile App,Utilities,,Completed,Withdrawal via Branch,1,Orlando,USD,5
4440,96,2026-01-21 03:40:42,Interest Credit,1240.81,52114.98,POS,,,Completed,Interest Credit via ATM,0,San Diego,USD,10
4441,505,2024-03-31 06:50:18,Transfer In,7203.55,214751.93,ATM,,859,Completed,Transfer In via POS,0,Cambridge,USD,0
4442,920,2026-05-27 22:39:57,Bill Payment,117.82,166727.13,ATM,Retail,,Completed,Bill Payment via POS,0,Houston,USD,1.5
4443,1175,2024-02-27 10:00:41,Interest Credit,7833.28,68292.71,Mobile App,,,Completed,Interest Credit via Mobile App,0,San Diego,USD,0
4444,1146,2026-02-17 12:22:27,Transfer In,5591.59,107125.2,ATM,,312,Failed,Transfer In via Online,0,Phoenix,USD,1.5
4445,220,2026-01-19 20:29:56,Transfer Out,2090.71,259271.95,POS,,707,Completed,Transfer Out via POS,0,Augusta,USD,0
4446,476,2025-01-27 00:52:03,Transfer In,2128.83,167033.33,Mobile App,,1193,Completed,Transfer In via ATM,0,Orlando,USD,0
4447,503,2026-06-24 20:35:46,Interest Credit,6928.15,63085.45,Branch,,,Completed,Interest Credit via Branch,0,Springfield,USD,0
4448,387,2025-09-02 12:07:18,Deposit,6078.91,70668.6,Mobile App,Entertainment,,Completed,Deposit via ATM,0,Springfield,USD,5
4449,197,2025-09-05 13:24:13,Bill Payment,7006.16,105448.23,ATM,Education,,Pending,Bill Payment via POS,0,Worcester,USD,10
4450,618,2026-08-07 11:25:33,Bill Payment,150.63,179046.78,Online,Fuel,,Completed,Bill Payment via Mobile App,0,San Francisco,USD,5
4451,34,2024-04-27 16:02:45,Bill Payment,7941.6,34463.01,Online,Utilities,,Completed,Bill Payment via ATM,0,Aurora,USD,0
4452,303,2024-08-30 05:47:37,Withdrawal,4402.24,15535.42,Online,Fuel,,Pending,Withdrawal via Mobile App,0,Boston,USD,2.5
4453,68,2025-05-10 10:05:00,Interest Credit,6447.19,201119.72,Mobile App,,,Completed,Interest Credit via ATM,0,Phoenix,USD,10
4454,864,2024-07-16 16:36:06,Withdrawal,5163.28,168672.27,Mobile App,Groceries,,Completed,Withdrawal via ATM,0,Tacoma,USD,5
4455,143,2025-04-25 03:50:13,Deposit,3494.18,85046.54,POS,Dining,,Completed,Deposit via Branch,0,Houston,USD,5
4456,278,2024-11-04 08:55:43,Transfer In,5039.18,98082.77,ATM,,359,Completed,Transfer In via Online,0,Buffalo,USD,1.5
4457,1023,2025-01-05 22:50:41,Withdrawal,4690.51,88080.6,ATM,Education,,Completed,Withdrawal via POS,0,Springfield,USD,0
4458,564,2024-06-08 17:35:31,Withdrawal,3012.44,177669.93,POS,Healthcare,,Completed,Withdrawal via Branch,1,Phoenix,USD,0
4459,192,2026-06-23 14:26:19,Transfer In,2136.62,33092.78,POS,,217,Completed,Transfer In via Online,0,Boulder,USD,1.5
4460,139,2025-01-18 03:54:36,Transfer Out,1571.91,163906.47,Mobile App,,801,Completed,Transfer Out via Branch,0,Tampa,USD,1.5
4461,1199,2025-08-17 02:34:01,Withdrawal,224.73,16066.67,Online,Education,,Completed,Withdrawal via Branch,0,Jacksonville,USD,2.5
4462,336,2026-05-15 05:31:37,Deposit,7393.64,29866.79,ATM,Travel,,Failed,Deposit via Branch,0,Savannah,USD,1.5
4463,990,2025-10-01 15:14:58,Bill Payment,4658.27,163036.61,Mobile App,Fuel,,Completed,Bill Payment via POS,0,Boulder,USD,0
4464,161,2025-07-19 05:23:16,Bill Payment,5688.85,2532.93,Mobile App,Dining,,Completed,Bill Payment via Branch,0,Seattle,USD,0
4465,342,2026-06-18 21:12:29,Fee,2218.62,218527.17,ATM,,,Completed,Fee via POS,0,Orlando,USD,10
4466,1069,2024-12-07 05:08:12,Interest Credit,2166.44,18094.14,Online,,,Completed,Interest Credit via ATM,0,Aurora,USD,10
4467,850,2026-09-11 00:16:51,Bill Payment,1432.84,-814.91,ATM,Travel,,Completed,Bill Payment via ATM,0,Denver,USD,0
4468,857,2024-04-07 14:14:24,Transfer Out,4790.02,49640.51,Mobile App,,1115,Completed,Transfer Out via Online,0,San Antonio,USD,5
4469,354,2024-05-12 04:10:51,Fee,7448.1,21005.04,Online,,,Completed,Fee via Mobile App,0,Albany,USD,0
4470,1177,2025-01-29 17:34:19,Transfer In,2937.52,117111.25,ATM,,66,Completed,Transfer In via POS,0,San Francisco,USD,5
4471,859,2024-03-16 20:40:33,Fee,2804.9,12646.2,Branch,,,Completed,Fee via Online,0,San Francisco,USD,0
4472,308,2024-08-16 14:55:27,Transfer In,7116.99,105955.55,Online,,170,Completed,Transfer In via Mobile App,0,Tacoma,USD,1.5
4473,431,2025-04-25 15:42:15,Bill Payment,5590.31,22624.41,ATM,Retail,,Completed,Bill Payment via POS,0,Springfield,USD,0
4474,237,2024-08-19 15:43:02,Transfer In,4614.4,241554.34,ATM,,1161,Completed,Transfer In via Online,0,Springfield,USD,0
4475,322,2025-02-03 23:32:13,Fee,2135.9,206886.96,Online,,,Completed,Fee via ATM,0,Worcester,USD,0
4476,239,2026-07-31 06:22:45,Transfer Out,3709.64,22507.31,ATM,,102,Completed,Transfer Out via ATM,1,Mesa,USD,0
4477,908,2026-05-03 06:15:46,Transfer Out,5588.34,82261.77,Mobile App,,823,Completed,Transfer Out via ATM,0,Tacoma,USD,10
4478,339,2024-09-30 12:30:43,Transfer Out,1531.37,169125.37,Online,,142,Completed,Transfer Out via ATM,0,Denver,USD,0
4479,978,2024-11-13 20:45:28,Deposit,3883.0,217214.79,Mobile App,Healthcare,,Completed,Deposit via Branch,0,Tampa,USD,0
4480,321,2025-10-28 10:39:41,Bill Payment,5584.29,171617.11,ATM,Utilities,,Completed,Bill Payment via POS,0,Aurora,USD,0
4481,560,2025-05-22 16:17:06,Transfer Out,7631.76,55118.1,ATM,,193,Completed,Transfer Out via Online,0,San Francisco,USD,10
4482,953,2026-07-04 23:22:26,Fee,688.69,232151.82,ATM,,,Completed,Fee via Online,0,Tampa,USD,10
4483,738,2024-09-08 08:53:54,Transfer Out,7351.41,134686.2,Branch,,463,Completed,Transfer Out via Online,0,San Antonio,USD,5
4484,787,2024-04-12 16:18:58,Deposit,1541.46,371.43,Mobile App,Groceries,,Completed,Deposit via Branch,0,Atlanta,USD,10
4485,74,2026-06-22 21:28:33,Transfer In,2653.12,215155.47,Mobile App,,1103,Failed,Transfer In via Mobile App,0,Tampa,USD,0
4486,875,2025-11-30 19:36:35,Transfer Out,3286.74,179498.43,Mobile App,,596,Completed,Transfer Out via Online,1,Phoenix,USD,2.5
4487,455,2026-06-07 13:48:44,Deposit,7123.65,257758.7,Mobile App,Dining,,Failed,Deposit via POS,0,Seattle,USD,0
4488,972,2025-02-28 20:55:40,Withdrawal,7479.27,135126.73,POS,Entertainment,,Completed,Withdrawal via Online,0,Dallas,USD,5
4489,707,2025-03-23 16:07:17,Withdrawal,4873.8,146682.76,Branch,Fuel,,Completed,Withdrawal via ATM,0,Tacoma,USD,5
4490,855,2026-02-03 22:04:16,Transfer Out,6853.78,211861.05,Online,,1184,Completed,Transfer Out via Online,0,Albany,USD,0
4491,306,2024-01-27 09:31:23,Withdrawal,6506.7,47340.57,POS,Dining,,Completed,Withdrawal via ATM,0,Naperville,USD,0
4492,902,2025-07-23 22:33:12,Deposit,5977.39,255498.61,ATM,Healthcare,,Completed,Deposit via Branch,0,San Antonio,USD,1.5
4493,268,2024-06-07 00:32:25,Bill Payment,4717.0,227743.98,Branch,Groceries,,Completed,Bill Payment via Mobile App,0,Chicago,USD,0
4494,1162,2026-01-10 08:13:58,Deposit,4077.66,75484.59,Online,Dining,,Completed,Deposit via ATM,0,Cambridge,USD,10
4495,64,2025-06-15 23:31:12,Bill Payment,1421.13,161202.12,ATM,Entertainment,,Completed,Bill Payment via POS,0,Seattle,USD,10
4496,1142,2024-09-25 01:01:14,Bill Payment,3708.88,157309.88,Online,Dining,,Completed,Bill Payment via Mobile App,0,Orlando,USD,0
4497,946,2026-05-22 19:27:33,Deposit,7478.99,218921.64,ATM,Fuel,,Completed,Deposit via Branch,0,San Francisco,USD,0
4498,829,2024-09-26 22:35:15,Bill Payment,5206.12,74134.08,Online,Retail,,Failed,Bill Payment via Online,0,Phoenix,USD,5
4499,391,2024-07-09 16:04:27,Bill Payment,2925.42,48536.43,ATM,Fuel,,Completed,Bill Payment via Online,0,Rochester,USD,2.5
4500,1151,2025-12-04 17:45:56,Withdrawal,2196.51,205855.59,Mobile App,Retail,,Completed,Withdrawal via Branch,0,Albany,USD,0
4501,766,2024-03-03 16:03:22,Interest Credit,626.75,108025.19,ATM,,,Completed,Interest Credit via Branch,0,San Diego,USD,1.5
4502,882,2025-11-20 16:49:32,Deposit,4141.68,99176.75,Mobile App,Entertainment,,Completed,Deposit via Online,0,New York City,USD,1.5
4503,1083,2026-05-08 08:09:12,Interest Credit,6579.57,196604.87,ATM,,,Completed,Interest Credit via POS,0,Dallas,USD,10
4504,46,2024-12-19 21:59:43,Transfer Out,2036.3,81495.01,Mobile App,,167,Completed,Transfer Out via Mobile App,0,Houston,USD,2.5
4505,333,2024-11-13 03:49:37,Transfer In,5619.8,164173.6,POS,,954,Failed,Transfer In via Mobile App,0,Jacksonville,USD,0
4506,73,2024-09-27 08:44:06,Withdrawal,6403.49,218403.8,Mobile App,Retail,,Completed,Withdrawal via Branch,0,Boulder,USD,0
4507,1191,2025-12-19 08:32:17,Bill Payment,3654.0,243269.58,ATM,,,Completed,Bill Payment via ATM,0,Mesa,USD,0
4508,862,2024-05-19 07:04:36,Withdrawal,6385.58,182479.89,Online,,,Completed,Withdrawal via Mobile App,0,Cambridge,USD,10
4509,1074,2025-08-03 17:21:00,Deposit,1389.49,126292.83,Mobile App,Retail,,Completed,Deposit via POS,0,Savannah,USD,10
4510,85,2024-04-14 20:34:33,Deposit,1725.58,257256.62,Mobile App,Dining,,Pending,Deposit via Branch,0,New York City,USD,0
4511,726,2024-08-25 06:53:39,Deposit,4970.21,231076.34,POS,Fuel,,Completed,Deposit via Mobile App,0,Tucson,USD,0
4512,224,2026-04-19 15:12:21,Bill Payment,3801.46,250474.12,Online,Entertainment,,Completed,Bill Payment via Online,0,Denver,USD,5
4513,189,2025-05-31 09:21:25,Bill Payment,4004.24,447.79,Branch,Entertainment,,Completed,Bill Payment via ATM,0,Worcester,USD,0
4514,260,2025-03-16 17:36:02,Bill Payment,4101.44,227594.23,Online,Fuel,,Completed,Bill Payment via Online,0,Boulder,USD,10
4515,992,2026-07-04 11:46:40,Deposit,5610.61,135906.9,Mobile App,Healthcare,,Completed,Deposit via Branch,0,Denver,USD,0
4516,298,2025-04-05 01:45:49,Bill Payment,4769.34,54302.46,POS,Travel,,Completed,Bill Payment via ATM,0,Orlando,USD,5
4517,1028,2024-05-19 09:04:40,Transfer In,6555.22,28807.03,ATM,,326,Completed,Transfer In via Branch,0,Boston,USD,0
4518,15,2025-04-10 04:55:54,Transfer Out,534.46,136194.05,ATM,,277,Completed,Transfer Out via Mobile App,0,Atlanta,USD,0
4519,1161,2026-08-29 21:03:01,Bill Payment,5624.25,110100.7,Online,Fuel,,Completed,Bill Payment via Branch,0,Seattle,USD,0
4520,893,2025-01-08 14:42:44,Bill Payment,6171.85,53469.27,ATM,Fuel,,Completed,Bill Payment via Branch,0,New York City,USD,10
4521,549,2026-01-09 18:23:45,Withdrawal,304.13,16969.72,Mobile App,Fuel,,Completed,Withdrawal via Branch,0,Denver,USD,5
4522,893,2026-05-08 05:59:25,Withdrawal,4230.5,134694.78,ATM,Entertainment,,Completed,Withdrawal via Online,1,San Antonio,USD,0
4523,164,2024-06-02 00:27:01,Bill Payment,3209.7,236833.97,ATM,Retail,,Completed,Bill Payment via Mobile App,0,Seattle,USD,2.5
4524,241,2024-04-03 05:41:57,Withdrawal,5820.98,-322.82,Online,Retail,,Completed,Withdrawal via Online,0,Los Angeles,USD,5
4525,1136,2025-06-28 03:58:34,Deposit,7072.88,224757.17,Mobile App,Healthcare,,Completed,Deposit via ATM,1,Boston,USD,0
4526,302,2025-12-07 18:42:36,Transfer In,7835.97,82462.18,Branch,,973,Completed,Transfer In via Online,0,Rochester,USD,5
4527,21,2024-09-10 20:43:34,Interest Credit,3856.49,69813.92,Online,,,Completed,Interest Credit via Branch,0,Sacramento,USD,5
4528,1059,2026-03-07 07:10:52,Withdrawal,3618.14,153895.76,POS,Healthcare,,Completed,Withdrawal via POS,0,Sacramento,USD,0
4529,438,2024-11-16 16:38:30,Bill Payment,3771.1,9285.9,Branch,Utilities,,Completed,Bill Payment via ATM,0,Seattle,USD,0
4530,764,2026-07-18 21:46:32,Transfer Out,3963.9,174423.28,Branch,,652,Completed,Transfer Out via POS,0,Springfield,USD,0
4531,648,2026-02-28 15:13:40,Bill Payment,5250.19,257095.59,ATM,Healthcare,,Completed,Bill Payment via Mobile App,0,Augusta,USD,0
4532,1173,2025-08-12 12:27:52,Deposit,2436.92,147367.16,Branch,Utilities,,Completed,Deposit via ATM,0,Miami,USD,5
4533,750,2026-01-04 11:33:52,Withdrawal,2589.95,259767.89,Mobile App,,,Completed,Withdrawal via ATM,0,Rochester,USD,0
4534,311,2026-08-25 04:32:02,Transfer In,7829.03,236138.58,Online,,678,Completed,Transfer In via POS,0,Augusta,USD,0
4535,620,2024-10-28 21:44:46,Withdrawal,2227.84,231182.32,Mobile App,Utilities,,Pending,Withdrawal via ATM,0,Aurora,USD,0
4536,1101,2025-06-25 15:30:21,Transfer Out,7573.68,249981.94,Online,,739,Completed,Transfer Out via ATM,0,Buffalo,USD,0
4537,158,2025-05-06 15:40:10,Fee,1782.49,176157.89,Online,,,Completed,Fee via Mobile App,0,Austin,USD,0
4538,356,2025-03-06 13:25:16,Bill Payment,3789.97,1101.39,Branch,Fuel,,Completed,Bill Payment via Mobile App,0,Augusta,USD,1.5
4539,131,2025-09-24 18:42:08,Withdrawal,4824.22,7629.03,ATM,Entertainment,,Completed,Withdrawal via Branch,0,Aurora,USD,0
4540,651,2026-04-07 20:32:19,Bill Payment,2624.0,24461.17,ATM,Fuel,,Completed,Bill Payment via Branch,1,Austin,USD,0
4541,131,2024-07-16 21:03:55,Deposit,6287.89,211719.09,Branch,,,Completed,Deposit via Branch,0,Naperville,USD,0
4542,338,2024-07-27 13:14:23,Fee,3318.9,180576.16,POS,,,Completed,Fee via POS,0,Boston,USD,5
4543,89,2024-08-22 00:13:15,Fee,6020.8,-1075.16,ATM,,,Completed,Fee via Online,0,Houston,USD,0
4544,270,2024-06-18 19:33:54,Deposit,2873.27,202795.26,Mobile App,Dining,,Completed,Deposit via Online,0,Chicago,USD,0
4545,950,2025-08-11 09:19:38,Interest Credit,5530.31,173702.56,ATM,,,Completed,Interest Credit via ATM,0,Atlanta,USD,0
4546,1068,2025-07-11 01:46:02,Transfer Out,3253.22,130829.3,Online,,885,Completed,Transfer Out via POS,0,Chicago,USD,2.5
4547,320,2024-12-19 13:57:27,Withdrawal,2686.71,252034.58,Mobile App,Utilities,,Failed,Withdrawal via Online,0,Augusta,USD,1.5
4548,193,2024-12-23 06:03:36,Fee,3892.64,211547.08,Online,,,Completed,Fee via Branch,0,Seattle,USD,1.5
4549,1144,2025-09-08 06:37:43,Transfer Out,7565.57,108892.1,ATM,,851,Completed,Transfer Out via Online,0,Tacoma,USD,10
4550,675,2024-02-27 01:05:29,Bill Payment,7477.26,88828.73,Mobile App,Retail,,Completed,Bill Payment via ATM,0,New York City,USD,1.5
4551,582,2024-12-05 14:42:19,Fee,1546.87,202794.73,ATM,,,Completed,Fee via POS,0,Austin,USD,5
4552,89,2025-12-15 23:29:30,Bill Payment,4765.2,44637.55,Mobile App,Retail,,Completed,Bill Payment via Online,0,Cambridge,USD,0
4553,399,2025-10-26 04:20:50,Withdrawal,2597.42,210.2,Mobile App,Utilities,,Completed,Withdrawal via Online,0,Buffalo,USD,0
4554,308,2026-08-16 02:45:30,Interest Credit,4958.31,241279.64,Mobile App,,,Completed,Interest Credit via ATM,0,Denver,USD,10
4555,672,2024-10-01 09:17:37,Transfer In,750.46,203977.42,Branch,,742,Completed,Transfer In via Branch,0,Naperville,USD,10
4556,853,2026-05-31 15:41:08,Withdrawal,3271.29,14493.16,Branch,,,Completed,Withdrawal via POS,0,Los Angeles,USD,2.5
4557,246,2024-11-28 21:02:05,Transfer Out,4408.46,151646.16,Online,,60,Completed,Transfer Out via ATM,0,San Francisco,USD,0
4558,263,2025-05-17 10:46:56,Withdrawal,6926.43,198220.17,ATM,Retail,,Completed,Withdrawal via ATM,0,Dallas,USD,2.5
4559,509,2026-02-21 19:39:38,Deposit,3747.72,60564.22,ATM,Groceries,,Failed,Deposit via Online,0,Mesa,USD,5
4560,861,2026-01-03 18:29:23,Transfer Out,4441.85,189734.05,Online,,913,Completed,Transfer Out via ATM,0,Houston,USD,0
4561,963,2025-06-13 08:15:21,Bill Payment,7175.66,190236.51,Online,,,Completed,Bill Payment via POS,0,San Antonio,USD,2.5
4562,918,2026-04-07 21:11:52,Deposit,1625.19,256922.38,Mobile App,Travel,,Completed,Deposit via ATM,0,Sacramento,USD,0
4563,702,2025-06-24 09:40:10,Bill Payment,7717.55,85652.99,Online,Groceries,,Completed,Bill Payment via Online,0,Springfield,USD,0
4564,999,2026-08-28 17:09:53,Withdrawal,3002.13,52528.95,Mobile App,Retail,,Failed,Withdrawal via Branch,0,Rochester,USD,5
4565,420,2024-11-15 23:56:44,Withdrawal,4660.81,63966.92,Mobile App,Travel,,Pending,Withdrawal via Online,0,Worcester,USD,1.5
4566,208,2025-03-12 08:50:49,Bill Payment,2833.23,111047.51,Mobile App,Groceries,,Completed,Bill Payment via Branch,0,San Francisco,USD,2.5
4567,605,2026-03-03 03:32:01,Deposit,5795.43,109542.37,ATM,,,Completed,Deposit via Mobile App,0,Rochester,USD,10
4568,290,2024-05-14 16:56:15,Withdrawal,6101.05,238204.77,Branch,Travel,,Completed,Withdrawal via Branch,0,Buffalo,USD,1.5
4569,149,2026-02-25 23:01:00,Deposit,3792.2,90214.23,ATM,Healthcare,,Failed,Deposit via Branch,0,Mesa,USD,1.5
4570,322,2024-01-18 22:53:00,Bill Payment,838.03,24775.7,Mobile App,Dining,,Completed,Bill Payment via Branch,0,Jacksonville,USD,5
4571,15,2025-05-21 21:35:21,Transfer Out,3964.84,47828.48,Online,,963,Completed,Transfer Out via ATM,0,San Francisco,USD,0
4572,1165,2025-02-01 02:28:00,Transfer Out,6160.2,243866.21,Online,,1066,Completed,Transfer Out via Online,0,Tampa,USD,0
4573,968,2024-05-05 01:53:13,Fee,3033.7,115713.59,Branch,,,Completed,Fee via Mobile App,0,Boston,USD,1.5
4574,319,2025-08-06 07:58:10,Deposit,3311.57,201220.95,ATM,Education,,Completed,Deposit via Branch,0,Houston,USD,0
4575,615,2024-06-16 22:41:04,Withdrawal,5904.91,239901.06,Branch,Education,,Completed,Withdrawal via ATM,0,Mesa,USD,1.5
4576,211,2024-10-31 12:47:55,Withdrawal,3468.03,38667.71,Online,Dining,,Completed,Withdrawal via Branch,0,Rochester,USD,0
4577,964,2024-08-04 06:33:12,Withdrawal,630.24,74921.98,Online,Utilities,,Completed,Withdrawal via Mobile App,0,Miami,USD,0
4578,1033,2026-02-17 13:54:01,Fee,2588.45,134442.76,Mobile App,,,Completed,Fee via ATM,0,Cambridge,USD,5
4579,118,2026-05-23 03:30:23,Fee,5573.13,233089.96,Mobile App,,,Completed,Fee via ATM,0,Tampa,USD,5
4580,1111,2026-01-05 15:21:00,Bill Payment,339.99,35950.3,POS,Fuel,,Completed,Bill Payment via POS,0,Tucson,USD,1.5
4581,531,2024-03-20 23:49:37,Bill Payment,501.4,64431.38,POS,Healthcare,,Completed,Bill Payment via Branch,0,Worcester,USD,1.5
4582,1195,2025-08-07 10:20:40,Interest Credit,1777.13,113870.97,Branch,,,Completed,Interest Credit via Online,0,Tampa,USD,0
4583,624,2024-06-17 10:27:03,Transfer In,5231.72,82004.9,Mobile App,,1198,Completed,Transfer In via Online,0,Mesa,USD,10
4584,607,2024-06-07 16:56:32,Bill Payment,1265.5,196793.73,ATM,Retail,,Completed,Bill Payment via Online,0,Atlanta,USD,0
4585,588,2024-07-02 04:47:40,Withdrawal,2296.01,33201.23,ATM,Retail,,Completed,Withdrawal via POS,1,Atlanta,USD,2.5
4586,1109,2024-12-15 15:53:45,Transfer In,7879.73,190342.98,Mobile App,,202,Completed,Transfer In via ATM,0,Springfield,USD,10
4587,941,2026-01-23 11:19:42,Bill Payment,2020.13,149238.34,Mobile App,,,Failed,Bill Payment via Online,0,Dallas,USD,0
4588,144,2025-06-16 05:12:34,Withdrawal,442.02,212906.72,ATM,Education,,Completed,Withdrawal via ATM,0,Dallas,USD,5
4589,208,2024-12-17 23:07:19,Fee,7250.21,203406.19,Online,,,Completed,Fee via Branch,0,Austin,USD,10
4590,424,2026-03-05 05:20:48,Bill Payment,803.73,36777.17,Online,Groceries,,Completed,Bill Payment via Branch,0,Dallas,USD,0
4591,896,2026-07-20 23:00:19,Withdrawal,6456.17,23021.59,POS,Education,,Completed,Withdrawal via Online,0,Mesa,USD,0
4592,20,2025-02-08 22:09:53,Withdrawal,4185.46,69780.89,Branch,Groceries,,Completed,Withdrawal via POS,0,Sacramento,USD,5
4593,838,2026-01-25 10:03:29,Transfer In,4154.89,80414.25,Branch,,159,Completed,Transfer In via Mobile App,0,Jacksonville,USD,0
4594,432,2026-09-13 21:06:16,Withdrawal,6191.02,89567.99,Online,,,Completed,Withdrawal via Online,0,Buffalo,USD,0
4595,743,2025-03-22 07:51:52,Withdrawal,4462.48,11471.54,Mobile App,Healthcare,,Completed,Withdrawal via Mobile App,0,Worcester,USD,0
4596,117,2025-07-05 08:46:35,Fee,7197.35,41395.43,Online,,,Completed,Fee via Branch,1,San Diego,USD,5
4597,856,2024-07-07 07:48:46,Deposit,7873.91,87093.66,ATM,Dining,,Completed,Deposit via Branch,0,Los Angeles,USD,1.5
4598,94,2026-01-28 22:59:38,Transfer In,7494.81,132087.97,ATM,,1063,Completed,Transfer In via Online,0,Tampa,USD,0
4599,1014,2026-05-29 01:12:22,Transfer In,2678.21,130340.53,Mobile App,,965,Completed,Transfer In via Online,0,Atlanta,USD,0
4600,1107,2025-10-06 19:50:39,Withdrawal,3837.57,113073.8,Mobile App,Retail,,Completed,Withdrawal via Mobile App,0,Miami,USD,10
4601,1159,2024-03-31 11:00:05,Bill Payment,7497.5,143529.13,ATM,Dining,,Completed,Bill Payment via ATM,0,Chicago,USD,5
4602,757,2026-08-01 20:56:21,Bill Payment,710.25,257734.69,Online,Travel,,Completed,Bill Payment via Branch,0,Springfield,USD,10
4603,75,2026-03-02 07:59:38,Interest Credit,1765.21,10766.28,ATM,,,Completed,Interest Credit via Online,0,Boston,USD,1.5
4604,633,2024-09-02 04:37:12,Deposit,4312.67,206190.86,Online,Fuel,,Completed,Deposit via Online,0,Springfield,USD,0
4605,1027,2024-09-29 23:31:04,Transfer Out,3035.69,139936.82,Mobile App,,11,Completed,Transfer Out via POS,0,Sacramento,USD,0
4606,341,2024-10-13 21:33:55,Deposit,4789.3,74603.2,Online,Entertainment,,Completed,Deposit via Mobile App,0,Atlanta,USD,0
4607,688,2025-07-26 06:01:15,Bill Payment,1844.99,162121.41,Mobile App,Utilities,,Failed,Bill Payment via Online,0,Spokane,USD,0
4608,57,2025-08-15 20:00:23,Bill Payment,1543.69,148860.21,Mobile App,Education,,Completed,Bill Payment via Mobile App,0,Sacramento,USD,0
4609,964,2026-02-25 11:38:14,Interest Credit,3794.35,247890.68,POS,,,Completed,Interest Credit via ATM,0,Tacoma,USD,0
4610,828,2025-08-27 06:33:56,Withdrawal,1580.83,30905.33,Mobile App,,,Completed,Withdrawal via Mobile App,0,Springfield,USD,0
4611,788,2025-10-15 19:32:10,Deposit,4033.35,137091.78,Branch,,,Completed,Deposit via POS,0,San Antonio,USD,10
4612,649,2025-01-28 15:07:25,Deposit,7493.06,178164.64,Branch,Groceries,,Pending,Deposit via ATM,0,Boulder,USD,0
4613,799,2026-04-09 19:29:45,Bill Payment,5135.0,16861.86,POS,Healthcare,,Completed,Bill Payment via ATM,0,Springfield,USD,0
4614,1157,2025-03-18 11:56:02,Transfer In,7980.12,115044.7,Online,,32,Completed,Transfer In via Mobile App,0,Augusta,USD,1.5
4615,797,2024-05-14 02:38:34,Bill Payment,491.2,141707.71,Mobile App,Fuel,,Completed,Bill Payment via Mobile App,0,Chicago,USD,0
4616,965,2025-02-01 16:55:04,Transfer In,6812.48,248117.55,Mobile App,,656,Completed,Transfer In via Branch,0,Houston,USD,5
4617,297,2024-09-18 18:02:22,Transfer In,2353.82,72591.81,Online,,207,Completed,Transfer In via Online,0,New York City,USD,0
4618,486,2026-04-09 09:10:10,Fee,4257.43,233574.31,Branch,,,Completed,Fee via Branch,0,San Diego,USD,0
4619,927,2024-12-08 00:08:17,Deposit,6561.74,166146.19,Mobile App,Entertainment,,Completed,Deposit via POS,0,San Antonio,USD,2.5
4620,177,2026-04-17 11:09:51,Deposit,3910.16,94188.7,Mobile App,Healthcare,,Completed,Deposit via ATM,0,Albany,USD,0
4621,751,2026-08-18 22:44:07,Fee,5174.48,226663.04,Mobile App,,,Completed,Fee via Branch,0,Buffalo,USD,5
4622,496,2024-12-26 14:00:48,Bill Payment,22.45,12153.33,Online,Travel,,Completed,Bill Payment via Mobile App,0,Worcester,USD,1.5
4623,303,2024-07-12 19:36:19,Bill Payment,2207.09,24460.15,Online,Retail,,Completed,Bill Payment via Mobile App,0,San Antonio,USD,0
4624,387,2024-03-07 14:52:30,Deposit,6610.77,254569.56,Mobile App,Retail,,Completed,Deposit via POS,0,Savannah,USD,5
4625,493,2026-04-14 06:46:01,Fee,643.19,20893.51,Mobile App,,,Completed,Fee via ATM,0,Sacramento,USD,0
4626,580,2025-10-07 17:19:30,Deposit,3674.62,16891.06,Mobile App,Retail,,Completed,Deposit via ATM,0,Boulder,USD,0
4627,503,2024-01-19 17:24:45,Deposit,2208.75,65222.5,Mobile App,Healthcare,,Completed,Deposit via Branch,0,Austin,USD,10
4628,1023,2024-08-19 03:16:00,Transfer In,7406.49,207465.67,Mobile App,,364,Failed,Transfer In via Mobile App,0,Cambridge,USD,2.5
4629,897,2024-03-15 17:18:51,Bill Payment,3824.63,15700.41,Branch,Dining,,Completed,Bill Payment via Branch,0,Sacramento,USD,0
4630,132,2026-01-05 20:22:49,Withdrawal,663.94,96839.85,ATM,Groceries,,Completed,Withdrawal via ATM,1,Augusta,USD,1.5
4631,659,2024-03-25 05:36:04,Withdrawal,4029.47,4500.9,Online,Groceries,,Completed,Withdrawal via Branch,0,Chicago,USD,2.5
4632,255,2024-08-07 04:00:12,Withdrawal,7898.02,211344.01,Branch,Entertainment,,Completed,Withdrawal via ATM,0,Orlando,USD,10
4633,1062,2025-01-04 23:51:27,Bill Payment,6432.62,161806.31,ATM,Dining,,Completed,Bill Payment via Branch,0,Phoenix,USD,10
4634,51,2024-07-19 09:22:28,Transfer Out,4548.37,51368.21,Branch,,760,Completed,Transfer Out via ATM,0,San Antonio,USD,0
4635,649,2025-09-09 22:45:57,Transfer In,6831.38,29637.46,Online,,322,Completed,Transfer In via Online,1,Chicago,USD,0
4636,3,2024-05-14 04:47:46,Fee,4043.39,30281.31,ATM,,,Completed,Fee via ATM,0,Aurora,USD,0
4637,633,2024-10-24 06:47:20,Bill Payment,6034.7,25141.63,POS,Utilities,,Completed,Bill Payment via ATM,0,Augusta,USD,0
4638,103,2025-04-07 18:04:18,Transfer Out,5589.38,109380.08,ATM,,10,Completed,Transfer Out via Branch,0,Augusta,USD,10
4639,548,2024-03-27 16:04:31,Interest Credit,6881.73,153677.38,Online,,,Completed,Interest Credit via Online,0,Miami,USD,0
4640,893,2025-08-13 16:51:33,Bill Payment,5775.74,180220.93,Branch,Travel,,Completed,Bill Payment via Online,0,San Francisco,USD,2.5
4641,901,2025-01-16 13:21:52,Withdrawal,7103.44,126651.13,ATM,Utilities,,Completed,Withdrawal via Online,0,Augusta,USD,1.5
4642,483,2024-01-06 18:39:31,Deposit,5708.12,151856.92,Branch,Retail,,Completed,Deposit via ATM,0,Worcester,USD,0
4643,404,2024-02-16 16:24:01,Bill Payment,5164.06,99642.01,Branch,Dining,,Completed,Bill Payment via Branch,0,San Francisco,USD,1.5
4644,1050,2026-08-21 03:50:55,Deposit,164.66,36068.73,Online,Healthcare,,Completed,Deposit via ATM,0,Aurora,USD,10
4645,489,2026-07-18 21:37:00,Bill Payment,5556.36,72596.59,Online,Dining,,Completed,Bill Payment via Branch,0,Boston,USD,10
4646,480,2024-05-23 06:41:48,Transfer Out,1523.46,147068.3,Mobile App,,795,Completed,Transfer Out via ATM,1,Boulder,USD,2.5
4647,1094,2025-04-29 21:09:49,Withdrawal,3659.03,57963.37,Online,Entertainment,,Completed,Withdrawal via POS,0,Phoenix,USD,0
4648,566,2024-02-07 04:44:08,Withdrawal,7750.54,228245.78,Online,Education,,Completed,Withdrawal via POS,0,Mesa,USD,0
4649,191,2025-02-03 04:10:59,Interest Credit,5726.57,189127.24,Mobile App,,,Completed,Interest Credit via Branch,1,Denver,USD,0
4650,754,2025-02-03 10:23:14,Withdrawal,3644.74,7114.42,Mobile App,Dining,,Completed,Withdrawal via Online,0,Worcester,USD,0
4651,1135,2026-07-10 14:55:35,Transfer Out,2190.79,237238.62,Mobile App,,642,Completed,Transfer Out via POS,0,Dallas,USD,10
4652,1002,2026-01-16 20:46:25,Transfer In,5569.91,227170.42,Online,,336,Completed,Transfer In via Online,0,Houston,USD,2.5
4653,453,2026-04-09 06:59:49,Transfer Out,7736.83,37225.58,Online,,221,Completed,Transfer Out via Mobile App,0,Augusta,USD,5
4654,366,2024-02-24 18:47:41,Deposit,7727.84,128127.93,Branch,Dining,,Completed,Deposit via Mobile App,1,Cambridge,USD,10
4655,533,2026-08-31 15:57:55,Withdrawal,3630.81,36027.35,Online,Retail,,Completed,Withdrawal via Online,0,Atlanta,USD,2.5
4656,682,2026-05-18 13:37:35,Bill Payment,3555.69,242283.0,Online,Healthcare,,Completed,Bill Payment via ATM,0,Los Angeles,USD,0
4657,733,2025-01-25 03:22:16,Transfer In,2568.51,88635.91,Branch,,649,Completed,Transfer In via Online,0,Springfield,USD,0
4658,418,2024-08-05 22:50:40,Transfer Out,1267.15,222790.27,Online,,921,Completed,Transfer Out via POS,0,Tampa,USD,2.5
4659,361,2025-06-08 16:04:59,Withdrawal,1563.76,63668.05,Mobile App,Entertainment,,Completed,Withdrawal via Branch,0,Los Angeles,USD,0
4660,966,2026-07-26 12:20:23,Deposit,3175.26,135575.06,ATM,Fuel,,Completed,Deposit via ATM,0,Aurora,USD,0
4661,1114,2024-01-11 07:15:55,Withdrawal,5483.4,199531.94,ATM,Healthcare,,Completed,Withdrawal via Mobile App,0,Houston,USD,0
4662,1145,2025-07-25 07:09:08,Withdrawal,6472.79,66870.68,ATM,Education,,Completed,Withdrawal via POS,0,Los Angeles,USD,1.5
4663,190,2024-08-15 19:30:11,Transfer Out,6489.81,168785.99,Branch,,1121,Completed,Transfer Out via Branch,0,Tacoma,USD,0
4664,849,2024-06-22 02:48:48,Interest Credit,1516.09,62557.61,Branch,,,Completed,Interest Credit via POS,0,Jacksonville,USD,0
4665,498,2024-09-27 20:01:10,Interest Credit,1684.27,176035.87,Online,,,Completed,Interest Credit via Branch,0,Aurora,USD,0
4666,669,2024-03-30 22:50:05,Bill Payment,4397.94,162800.14,Mobile App,,,Failed,Bill Payment via POS,0,Boulder,USD,0
4667,580,2026-04-04 12:14:26,Interest Credit,4292.34,82748.62,Online,,,Completed,Interest Credit via Online,0,Springfield,USD,5
4668,617,2025-10-19 17:12:03,Deposit,7947.96,119201.98,ATM,Dining,,Completed,Deposit via Mobile App,0,San Diego,USD,1.5
4669,1074,2026-05-05 16:11:52,Transfer In,2353.36,136973.4,Online,,288,Failed,Transfer In via POS,0,Dallas,USD,0
4670,598,2025-11-02 22:48:07,Fee,2164.52,108564.39,ATM,,,Completed,Fee via Mobile App,0,Jacksonville,USD,0
4671,521,2024-07-24 04:11:45,Bill Payment,6275.71,61859.34,ATM,Utilities,,Pending,Bill Payment via Mobile App,0,Springfield,USD,0
4672,201,2026-05-15 14:41:15,Bill Payment,4760.43,3592.46,Branch,Fuel,,Completed,Bill Payment via Mobile App,0,San Francisco,USD,0
4673,355,2024-07-16 19:56:32,Transfer In,561.63,247234.05,ATM,,468,Completed,Transfer In via Online,0,Aurora,USD,1.5
4674,148,2025-02-13 13:06:02,Interest Credit,78.99,36942.8,ATM,,,Completed,Interest Credit via POS,0,Houston,USD,5
4675,888,2024-01-13 09:44:33,Fee,7045.77,1798.94,Mobile App,,,Completed,Fee via POS,0,Denver,USD,0
4676,518,2026-07-23 23:35:21,Deposit,3291.16,192398.43,POS,Healthcare,,Completed,Deposit via Online,0,Orlando,USD,5
4677,1161,2025-09-07 23:36:33,Interest Credit,7821.22,17397.33,ATM,,,Failed,Interest Credit via Branch,0,Seattle,USD,0
4678,745,2024-10-09 13:09:12,Withdrawal,3977.69,147355.53,Mobile App,Entertainment,,Completed,Withdrawal via Branch,0,Houston,USD,0
4679,965,2024-04-02 23:12:44,Bill Payment,4666.72,68814.24,Online,Travel,,Completed,Bill Payment via Branch,0,San Francisco,USD,10
4680,346,2025-03-10 09:39:17,Withdrawal,6642.52,219544.71,Mobile App,Healthcare,,Completed,Withdrawal via Branch,0,Austin,USD,10
4681,1127,2024-05-16 22:37:08,Fee,5228.39,234076.95,Online,,,Completed,Fee via Branch,0,Mesa,USD,0
4682,286,2024-07-18 15:35:20,Fee,1600.68,197629.08,Online,,,Completed,Fee via Mobile App,0,Houston,USD,0
4683,1124,2024-04-08 22:38:38,Bill Payment,2717.05,204057.46,Online,Utilities,,Completed,Bill Payment via Online,0,Spokane,USD,0
4684,385,2024-12-14 06:26:05,Withdrawal,7517.9,53442.54,Branch,Education,,Completed,Withdrawal via ATM,1,Miami,USD,2.5
4685,970,2026-06-17 03:04:47,Transfer Out,3162.52,249992.82,Branch,,635,Completed,Transfer Out via Mobile App,0,Denver,USD,1.5
4686,452,2024-10-14 03:07:13,Deposit,2730.91,125140.57,POS,Dining,,Completed,Deposit via ATM,0,Seattle,USD,5
4687,719,2026-07-02 13:29:51,Withdrawal,328.17,197987.14,Branch,Healthcare,,Completed,Withdrawal via ATM,0,Boston,USD,2.5
4688,334,2024-07-15 05:37:09,Deposit,408.36,216377.23,Online,Dining,,Completed,Deposit via Online,0,Los Angeles,USD,1.5
4689,321,2024-06-27 07:40:27,Transfer Out,7850.18,129280.58,Branch,,607,Pending,Transfer Out via Branch,0,New York City,USD,1.5
4690,689,2025-04-13 22:17:13,Deposit,4925.05,187219.11,Mobile App,Dining,,Completed,Deposit via POS,0,Phoenix,USD,2.5
4691,297,2026-06-11 23:17:01,Deposit,4558.07,98393.88,Branch,Dining,,Completed,Deposit via Online,0,San Francisco,USD,0
4692,238,2025-06-06 07:29:32,Bill Payment,7412.07,145789.03,Online,Groceries,,Completed,Bill Payment via POS,0,Atlanta,USD,10
4693,234,2025-04-20 15:44:01,Bill Payment,7329.61,231134.54,Mobile App,Fuel,,Completed,Bill Payment via POS,0,Rochester,USD,10
4694,1186,2025-02-23 09:11:15,Transfer Out,4930.22,143753.63,ATM,,514,Completed,Transfer Out via ATM,0,Buffalo,USD,5
4695,1030,2026-07-05 17:58:54,Transfer Out,959.12,13979.68,Online,,722,Completed,Transfer Out via Mobile App,0,San Diego,USD,0
4696,156,2024-02-01 13:59:12,Interest Credit,7077.37,208932.2,Mobile App,,,Completed,Interest Credit via Online,0,Cambridge,USD,5
4697,638,2026-05-06 22:27:29,Bill Payment,5357.2,191333.73,Online,,,Completed,Bill Payment via ATM,0,San Francisco,USD,0
4698,944,2024-07-27 00:16:23,Bill Payment,5369.63,104350.25,POS,Fuel,,Completed,Bill Payment via Online,0,Boulder,USD,2.5
4699,23,2024-09-07 12:08:24,Deposit,3927.09,238193.47,Online,Utilities,,Completed,Deposit via ATM,0,San Francisco,USD,1.5
4700,1142,2024-10-18 17:35:18,Deposit,6162.35,184844.42,Branch,Groceries,,Completed,Deposit via POS,0,Seattle,USD,0
4701,285,2025-09-14 10:16:48,Deposit,2933.16,58423.95,POS,Retail,,Completed,Deposit via POS,0,Denver,USD,5
4702,1032,2024-02-14 21:54:33,Deposit,2807.41,130836.0,Branch,Travel,,Completed,Deposit via Online,0,Albany,USD,2.5
4703,667,2024-10-03 21:19:10,Bill Payment,2833.76,204727.85,Online,Travel,,Completed,Bill Payment via Mobile App,0,Chicago,USD,0
4704,387,2025-03-03 17:02:01,Bill Payment,6518.46,165677.16,Branch,Fuel,,Completed,Bill Payment via Branch,0,New York City,USD,0
4705,381,2024-03-10 07:44:25,Fee,7769.06,243182.62,ATM,,,Completed,Fee via Mobile App,0,Los Angeles,USD,0
4706,320,2024-11-23 03:19:01,Transfer Out,5206.01,135628.15,POS,,283,Completed,Transfer Out via Mobile App,0,Rochester,USD,5
4707,63,2024-12-05 12:00:44,Deposit,2820.15,108948.93,Mobile App,Groceries,,Completed,Deposit via POS,0,San Francisco,USD,5
4708,1195,2025-05-25 13:46:21,Fee,5531.86,122171.05,Online,,,Completed,Fee via Branch,0,Boston,USD,0
4709,992,2025-03-16 11:56:27,Transfer In,7393.71,36092.22,Online,,606,Completed,Transfer In via Mobile App,0,Albany,USD,0
4710,547,2026-09-23 00:13:31,Bill Payment,1791.49,21519.43,POS,,,Completed,Bill Payment via Branch,0,Sacramento,USD,5
4711,182,2026-04-14 05:19:11,Transfer Out,665.62,148223.76,Online,,110,Completed,Transfer Out via Online,0,New York City,USD,10
4712,656,2025-05-08 10:12:37,Transfer Out,3969.0,230944.82,Branch,,20,Completed,Transfer Out via ATM,0,Miami,USD,0
4713,792,2025-09-06 06:21:17,Bill Payment,4494.15,243810.88,ATM,Entertainment,,Completed,Bill Payment via Branch,0,Sacramento,USD,0
4714,1131,2024-07-07 09:47:36,Transfer Out,5424.17,173586.66,POS,,146,Completed,Transfer Out via Mobile App,0,San Francisco,USD,0
4715,885,2024-10-26 04:19:27,Bill Payment,3606.48,136255.2,Online,Retail,,Completed,Bill Payment via Branch,0,San Francisco,USD,0
4716,80,2024-07-01 09:16:43,Fee,4339.86,249516.97,Branch,,,Completed,Fee via Mobile App,0,Naperville,USD,10
4717,47,2026-05-30 10:34:10,Fee,7167.7,20489.19,Mobile App,,,Completed,Fee via Online,0,San Francisco,USD,10
4718,374,2024-10-13 10:58:10,Withdrawal,4209.65,59494.08,Online,Travel,,Completed,Withdrawal via Branch,0,Tacoma,USD,10
4719,822,2024-08-06 18:06:11,Deposit,7404.15,182185.66,Online,Groceries,,Completed,Deposit via Mobile App,0,Jacksonville,USD,0
4720,1092,2024-11-03 00:53:29,Bill Payment,6397.88,43378.62,Mobile App,Healthcare,,Completed,Bill Payment via POS,0,Savannah,USD,0
4721,734,2026-02-08 22:51:47,Interest Credit,1713.75,67128.94,Mobile App,,,Completed,Interest Credit via Branch,0,Orlando,USD,1.5
4722,1200,2024-03-18 14:43:58,Deposit,6662.08,207254.91,ATM,Travel,,Completed,Deposit via POS,0,Worcester,USD,0
4723,629,2025-05-10 05:13:40,Withdrawal,4490.24,63800.26,Mobile App,Groceries,,Completed,Withdrawal via Online,0,Aurora,USD,5
4724,23,2024-08-06 14:04:11,Deposit,1807.47,126468.34,Mobile App,Fuel,,Completed,Deposit via Mobile App,0,Cambridge,USD,5
4725,1101,2024-12-10 15:50:02,Interest Credit,6317.31,48998.29,Branch,,,Completed,Interest Credit via Mobile App,0,San Francisco,USD,10
4726,215,2026-02-18 08:13:53,Transfer In,182.54,82810.47,ATM,,721,Completed,Transfer In via Mobile App,0,Miami,USD,0
4727,536,2026-03-05 12:55:09,Fee,5448.72,204982.85,ATM,,,Completed,Fee via Mobile App,0,Denver,USD,5
4728,809,2025-05-14 23:32:55,Bill Payment,2795.69,178981.39,Branch,Utilities,,Completed,Bill Payment via Online,0,Phoenix,USD,5
4729,345,2025-01-22 22:38:58,Withdrawal,5650.42,98816.83,Mobile App,,,Completed,Withdrawal via Mobile App,0,Los Angeles,USD,1.5
4730,724,2024-09-12 00:25:00,Interest Credit,3951.41,200704.89,Online,,,Completed,Interest Credit via Online,0,Atlanta,USD,0
4731,811,2025-07-23 03:10:10,Bill Payment,7393.02,41658.25,Mobile App,,,Completed,Bill Payment via POS,1,San Antonio,USD,0
4732,711,2026-09-22 10:31:14,Bill Payment,3433.41,159494.2,ATM,Dining,,Completed,Bill Payment via ATM,0,Boston,USD,0
4733,530,2024-06-14 04:14:33,Bill Payment,91.07,111567.1,Online,Entertainment,,Completed,Bill Payment via Branch,0,Tacoma,USD,0
4734,310,2026-05-22 09:33:22,Transfer Out,3713.03,249770.25,POS,,792,Completed,Transfer Out via Mobile App,0,Dallas,USD,1.5
4735,184,2026-02-10 03:58:14,Withdrawal,5948.59,48560.85,Mobile App,Groceries,,Completed,Withdrawal via Online,0,Houston,USD,0
4736,33,2025-01-03 23:36:29,Fee,539.7,198618.52,ATM,,,Completed,Fee via Mobile App,0,Worcester,USD,2.5
4737,359,2024-08-12 22:38:56,Bill Payment,3640.93,240991.91,Online,Entertainment,,Completed,Bill Payment via Online,0,Naperville,USD,10
4738,391,2026-04-20 09:10:53,Transfer In,2430.94,134073.67,ATM,,7,Completed,Transfer In via Branch,0,Chicago,USD,0
4739,981,2024-05-16 13:00:15,Transfer In,3301.97,97082.66,Mobile App,,1071,Completed,Transfer In via Mobile App,0,Augusta,USD,1.5
4740,724,2025-07-12 07:02:02,Withdrawal,4137.56,57485.52,ATM,Fuel,,Completed,Withdrawal via Online,0,San Francisco,USD,0
4741,177,2024-02-11 09:06:29,Deposit,3551.33,167046.39,Branch,Travel,,Completed,Deposit via Online,0,Seattle,USD,0
4742,338,2025-11-17 20:06:41,Transfer In,6099.21,211865.62,Online,,983,Completed,Transfer In via Branch,0,New York City,USD,0
4743,404,2024-06-21 14:39:23,Withdrawal,7217.92,38474.3,POS,Utilities,,Completed,Withdrawal via Online,0,Boston,USD,10
4744,116,2025-05-29 16:28:12,Deposit,3799.71,118405.76,Mobile App,Education,,Completed,Deposit via Branch,0,Aurora,USD,0
4745,1151,2026-01-02 11:23:01,Transfer In,1536.98,241019.34,Mobile App,,205,Completed,Transfer In via POS,0,San Diego,USD,0
4746,19,2024-09-22 16:30:40,Transfer Out,433.92,48805.31,Mobile App,,761,Completed,Transfer Out via Branch,0,Phoenix,USD,0
4747,93,2025-10-13 12:45:02,Bill Payment,2618.01,131307.89,Online,Groceries,,Completed,Bill Payment via Online,0,Augusta,USD,0
4748,1116,2026-09-04 07:03:51,Withdrawal,851.86,66530.11,Online,,,Completed,Withdrawal via ATM,0,Denver,USD,0
4749,510,2024-01-04 04:57:19,Deposit,5855.77,49813.7,Branch,Education,,Completed,Deposit via POS,0,Atlanta,USD,0
4750,1084,2024-12-04 05:25:04,Transfer Out,1521.1,31021.76,Branch,,769,Completed,Transfer Out via ATM,0,Boston,USD,0
4751,204,2025-05-14 20:35:39,Transfer Out,4661.55,119278.42,Online,,368,Completed,Transfer Out via Online,0,Mesa,USD,5
4752,931,2024-12-02 13:00:05,Bill Payment,3723.93,188838.94,Online,,,Completed,Bill Payment via POS,0,Aurora,USD,2.5
4753,836,2026-06-02 20:45:45,Transfer In,1148.68,221797.65,Branch,,781,Completed,Transfer In via Online,0,Augusta,USD,1.5
4754,1068,2025-04-25 17:53:20,Deposit,416.19,168254.33,Online,Utilities,,Completed,Deposit via Branch,0,Augusta,USD,1.5
4755,254,2026-07-30 17:15:46,Bill Payment,1259.93,93817.35,Branch,Groceries,,Completed,Bill Payment via Online,0,Aurora,USD,0
4756,1092,2024-06-23 00:46:32,Withdrawal,1076.88,188295.62,Online,Dining,,Failed,Withdrawal via POS,0,Boston,USD,0
4757,894,2025-01-25 00:47:48,Bill Payment,3649.7,36051.23,POS,Retail,,Failed,Bill Payment via ATM,0,Mesa,USD,0
4758,827,2024-10-04 23:16:54,Interest Credit,757.78,247505.11,Online,,,Failed,Interest Credit via POS,0,Cambridge,USD,0
4759,771,2024-11-16 15:28:05,Bill Payment,4877.54,62213.34,Mobile App,Dining,,Completed,Bill Payment via Branch,0,Tacoma,USD,1.5
4760,98,2025-08-11 18:52:28,Deposit,4504.57,54075.89,ATM,Fuel,,Completed,Deposit via ATM,0,Buffalo,USD,10
4761,347,2024-01-16 23:18:52,Deposit,3157.87,125989.98,Mobile App,Utilities,,Completed,Deposit via POS,0,Tampa,USD,0
4762,923,2026-03-07 11:41:16,Withdrawal,7891.15,156798.86,Branch,Groceries,,Completed,Withdrawal via Online,0,Rochester,USD,0
4763,286,2025-08-03 09:18:38,Withdrawal,6380.33,34440.31,ATM,Retail,,Completed,Withdrawal via Mobile App,1,Augusta,USD,0
4764,36,2024-08-07 22:24:36,Fee,3590.17,32478.24,Online,,,Completed,Fee via POS,1,Austin,USD,0
4765,304,2025-06-16 13:31:05,Transfer Out,7987.69,46529.96,Branch,,20,Completed,Transfer Out via Mobile App,0,Miami,USD,0
4766,586,2024-09-18 07:50:13,Deposit,5356.03,100065.15,ATM,Travel,,Completed,Deposit via Branch,0,Chicago,USD,2.5
4767,573,2025-03-02 11:40:22,Bill Payment,7193.08,90033.96,ATM,Fuel,,Completed,Bill Payment via Online,0,Aurora,USD,2.5
4768,1149,2024-10-31 02:45:58,Transfer Out,1212.02,249767.78,Mobile App,,44,Completed,Transfer Out via ATM,0,New York City,USD,0
4769,923,2026-04-24 17:41:26,Bill Payment,5633.92,149793.28,Mobile App,Groceries,,Completed,Bill Payment via Online,1,Seattle,USD,1.5
4770,466,2025-09-25 19:41:59,Transfer Out,5621.47,175097.92,Branch,,674,Completed,Transfer Out via Online,0,Miami,USD,0
4771,868,2026-01-05 13:33:46,Withdrawal,6589.65,28946.34,POS,Groceries,,Completed,Withdrawal via Online,0,Tampa,USD,5
4772,614,2024-10-20 00:18:27,Withdrawal,6951.03,62680.6,Mobile App,Groceries,,Completed,Withdrawal via ATM,0,Houston,USD,0
4773,582,2025-03-30 16:47:14,Transfer In,5900.68,162510.06,ATM,,782,Completed,Transfer In via ATM,0,Denver,USD,1.5
4774,967,2026-08-12 06:32:39,Deposit,3303.76,53493.22,Mobile App,Dining,,Pending,Deposit via POS,0,Phoenix,USD,10
4775,306,2025-06-05 12:07:28,Transfer In,7010.84,141591.46,Online,,407,Completed,Transfer In via Mobile App,0,Phoenix,USD,0
4776,614,2024-10-02 06:08:17,Bill Payment,1005.48,234408.94,ATM,Education,,Completed,Bill Payment via POS,0,Orlando,USD,0
4777,814,2025-04-01 02:56:11,Interest Credit,4842.79,33313.64,Mobile App,,,Completed,Interest Credit via Mobile App,0,Savannah,USD,0
4778,618,2025-01-30 09:17:11,Deposit,5081.68,84319.75,Online,Groceries,,Completed,Deposit via Mobile App,0,Atlanta,USD,0
4779,812,2025-01-09 10:13:37,Transfer In,7689.82,228870.63,Online,,723,Failed,Transfer In via POS,1,Savannah,USD,0
4780,79,2025-06-25 03:32:44,Bill Payment,3181.08,211075.85,Mobile App,Groceries,,Completed,Bill Payment via ATM,0,Tacoma,USD,0
4781,5,2025-03-26 11:16:06,Interest Credit,782.14,145746.09,Online,,,Completed,Interest Credit via POS,0,Mesa,USD,0
4782,810,2025-10-12 12:31:01,Withdrawal,3350.62,24668.18,Mobile App,Fuel,,Completed,Withdrawal via Branch,0,Savannah,USD,0
4783,683,2026-05-04 10:14:37,Bill Payment,631.04,189562.59,Branch,Fuel,,Completed,Bill Payment via Branch,0,Tucson,USD,1.5
4784,306,2026-05-26 17:07:11,Bill Payment,4328.92,161565.03,Online,Utilities,,Completed,Bill Payment via Mobile App,0,Cambridge,USD,2.5
4785,184,2024-09-12 21:27:56,Transfer Out,2375.05,97210.27,Mobile App,,767,Completed,Transfer Out via Mobile App,0,Orlando,USD,0
4786,1149,2025-02-17 06:22:32,Bill Payment,4093.98,173807.64,POS,Entertainment,,Completed,Bill Payment via POS,0,Denver,USD,0
4787,882,2025-04-11 10:03:32,Bill Payment,5535.57,32993.28,Online,Healthcare,,Completed,Bill Payment via POS,0,Aurora,USD,0
4788,440,2025-11-09 01:51:55,Deposit,1544.7,171685.58,ATM,Groceries,,Completed,Deposit via ATM,0,Aurora,USD,0
4789,594,2025-01-21 22:10:37,Deposit,3318.51,9889.93,Online,Education,,Completed,Deposit via Online,0,Augusta,USD,10
4790,1,2024-08-21 08:56:12,Transfer Out,7637.83,194120.34,Mobile App,,1033,Completed,Transfer Out via ATM,0,Jacksonville,USD,0
4791,310,2025-07-06 08:17:55,Interest Credit,3677.32,136248.97,Mobile App,,,Completed,Interest Credit via POS,0,Austin,USD,5
4792,377,2026-03-18 12:24:22,Withdrawal,7498.04,131097.4,Branch,,,Completed,Withdrawal via Branch,0,Tampa,USD,1.5
4793,624,2026-08-20 17:54:43,Interest Credit,3201.02,21885.64,Online,,,Completed,Interest Credit via Online,0,Savannah,USD,10
4794,138,2024-03-08 00:13:21,Bill Payment,6587.19,202303.14,Branch,Fuel,,Failed,Bill Payment via Online,0,Houston,USD,2.5
4795,395,2025-10-19 19:16:47,Withdrawal,977.52,221985.11,Mobile App,Healthcare,,Completed,Withdrawal via POS,0,Orlando,USD,0
4796,470,2026-05-30 12:05:03,Deposit,6704.69,26758.98,Online,Education,,Completed,Deposit via ATM,0,Dallas,USD,2.5
4797,806,2024-03-27 22:53:16,Bill Payment,94.37,240177.5,ATM,Groceries,,Completed,Bill Payment via Mobile App,0,Atlanta,USD,0
4798,863,2025-01-07 00:30:55,Fee,2332.51,192876.75,Mobile App,,,Completed,Fee via Mobile App,0,Sacramento,USD,2.5
4799,1129,2025-05-31 11:51:33,Bill Payment,5952.9,248529.15,Branch,Entertainment,,Completed,Bill Payment via Branch,0,Albany,USD,10
4800,287,2025-08-30 17:03:42,Transfer Out,6347.29,160718.9,ATM,,1097,Completed,Transfer Out via Mobile App,0,Naperville,USD,10
4801,333,2024-02-03 11:46:58,Bill Payment,4200.67,206361.73,Branch,Travel,,Completed,Bill Payment via Mobile App,0,Savannah,USD,0
4802,449,2024-02-29 16:34:49,Withdrawal,3996.71,149593.76,ATM,,,Completed,Withdrawal via POS,0,Orlando,USD,0
4803,1029,2025-03-27 21:44:25,Transfer In,3181.44,98408.18,Online,,518,Completed,Transfer In via POS,0,New York City,USD,0
4804,635,2026-07-11 15:41:28,Bill Payment,3652.18,6392.44,ATM,Education,,Completed,Bill Payment via POS,0,Houston,USD,0
4805,191,2024-06-15 14:28:44,Withdrawal,2232.09,108878.55,Mobile App,Travel,,Failed,Withdrawal via ATM,0,Cambridge,USD,0
4806,888,2026-04-21 10:29:21,Deposit,2284.78,70209.81,Branch,,,Completed,Deposit via Branch,0,New York City,USD,1.5
4807,727,2024-01-12 01:41:56,Withdrawal,3893.78,151873.94,Online,,,Completed,Withdrawal via Online,0,Naperville,USD,0
4808,415,2025-05-30 23:44:22,Bill Payment,3182.87,159654.77,Mobile App,Travel,,Completed,Bill Payment via ATM,1,Seattle,USD,1.5
4809,1009,2024-11-29 20:27:32,Deposit,7626.05,148264.33,Online,,,Completed,Deposit via ATM,0,Springfield,USD,2.5
4810,746,2025-11-27 02:37:23,Interest Credit,4938.67,18578.65,ATM,,,Completed,Interest Credit via Mobile App,0,Seattle,USD,0
4811,1041,2025-10-10 12:17:56,Withdrawal,6636.08,238734.68,Branch,Dining,,Completed,Withdrawal via Branch,1,New York City,USD,0
4812,357,2026-04-15 22:51:50,Deposit,3703.15,181415.07,ATM,,,Completed,Deposit via Online,0,Rochester,USD,0
4813,1045,2025-01-19 06:55:37,Transfer In,2701.73,31904.46,Online,,454,Completed,Transfer In via POS,0,Chicago,USD,0
4814,570,2024-10-16 11:25:11,Withdrawal,1307.42,183862.88,Online,Fuel,,Completed,Withdrawal via ATM,0,Chicago,USD,10
4815,105,2024-08-23 17:10:20,Deposit,6886.15,136651.05,POS,Education,,Completed,Deposit via ATM,0,Worcester,USD,0
4816,51,2025-02-15 01:46:03,Bill Payment,5892.17,58930.28,Online,Travel,,Completed,Bill Payment via POS,0,Buffalo,USD,0
4817,908,2026-05-30 12:54:28,Deposit,5283.71,142026.08,Mobile App,Education,,Completed,Deposit via Mobile App,0,San Francisco,USD,5
4818,1119,2024-02-03 04:47:30,Transfer In,1383.46,10189.66,Online,,614,Completed,Transfer In via POS,1,Aurora,USD,0
4819,851,2026-06-16 15:02:03,Fee,1217.99,760.69,Branch,,,Completed,Fee via ATM,0,Tucson,USD,10
4820,447,2024-08-15 10:30:28,Deposit,3645.1,75560.81,Mobile App,Fuel,,Completed,Deposit via Branch,0,Chicago,USD,0
4821,980,2024-09-04 11:35:04,Transfer Out,4469.86,68739.18,Online,,328,Completed,Transfer Out via ATM,0,Augusta,USD,2.5
4822,118,2024-09-23 11:24:03,Bill Payment,4370.44,165227.39,Branch,,,Completed,Bill Payment via Online,0,Savannah,USD,1.5
4823,1127,2025-02-27 22:56:52,Bill Payment,6891.83,86655.26,Mobile App,Fuel,,Completed,Bill Payment via Branch,0,Naperville,USD,2.5
4824,771,2025-05-23 04:15:49,Bill Payment,4094.6,59617.66,ATM,,,Pending,Bill Payment via ATM,0,Mesa,USD,0
4825,73,2024-07-29 20:26:07,Transfer Out,1148.49,29369.14,Branch,,1118,Completed,Transfer Out via Online,0,Mesa,USD,10
4826,735,2025-01-30 13:34:04,Interest Credit,5057.75,205632.37,Branch,,,Completed,Interest Credit via POS,0,Boulder,USD,1.5
4827,699,2025-10-05 07:44:57,Withdrawal,263.53,105458.77,Online,Education,,Completed,Withdrawal via Branch,0,Buffalo,USD,0
4828,215,2025-10-26 12:57:49,Fee,5823.37,158373.49,Mobile App,,,Completed,Fee via Mobile App,0,Phoenix,USD,2.5
4829,1068,2024-01-23 05:00:28,Bill Payment,7947.84,91300.1,Online,Travel,,Completed,Bill Payment via Branch,0,Albany,USD,0
4830,915,2025-02-07 17:49:04,Deposit,3195.65,235313.66,Online,,,Completed,Deposit via ATM,0,Seattle,USD,0
4831,1186,2025-11-30 10:35:33,Bill Payment,2508.97,116024.44,Online,Groceries,,Completed,Bill Payment via Branch,0,Austin,USD,0
4832,531,2026-06-04 21:19:42,Fee,6275.54,99447.35,Branch,,,Completed,Fee via ATM,0,Atlanta,USD,1.5
4833,770,2024-04-30 00:03:17,Deposit,586.5,219797.91,Mobile App,,,Completed,Deposit via Branch,0,Worcester,USD,10
4834,388,2026-07-20 03:35:53,Deposit,4721.49,217046.82,Mobile App,Utilities,,Completed,Deposit via POS,1,Worcester,USD,2.5
4835,213,2024-07-01 16:05:15,Deposit,2652.42,12552.16,ATM,Education,,Completed,Deposit via Branch,0,Albany,USD,0
4836,1119,2024-07-02 01:02:12,Deposit,7489.4,38908.56,Mobile App,Utilities,,Completed,Deposit via ATM,0,Seattle,USD,0
4837,665,2025-02-13 11:48:27,Bill Payment,4759.75,1149.11,Online,Travel,,Completed,Bill Payment via Online,0,Mesa,USD,0
4838,1065,2026-05-05 21:45:16,Deposit,3332.66,142795.03,Mobile App,Healthcare,,Completed,Deposit via Branch,0,Atlanta,USD,1.5
4839,15,2026-06-28 09:39:02,Bill Payment,1813.93,102737.68,Online,Groceries,,Completed,Bill Payment via Online,0,Los Angeles,USD,2.5
4840,323,2025-10-03 02:07:12,Deposit,5627.61,163797.85,Online,Dining,,Completed,Deposit via Branch,0,Tampa,USD,1.5
4841,845,2026-02-13 13:11:01,Transfer In,4317.27,107233.06,Mobile App,,558,Completed,Transfer In via Mobile App,0,San Francisco,USD,10
4842,808,2025-09-05 01:54:50,Bill Payment,5043.94,114885.68,Mobile App,Retail,,Completed,Bill Payment via ATM,0,Aurora,USD,1.5
4843,951,2026-02-08 13:19:26,Bill Payment,6980.91,236599.94,Online,Retail,,Completed,Bill Payment via Online,0,Augusta,USD,0
4844,909,2025-03-27 05:13:30,Interest Credit,1170.34,234504.09,Mobile App,,,Completed,Interest Credit via Online,0,Augusta,USD,2.5
4845,317,2025-10-07 17:58:02,Fee,6136.08,88939.96,ATM,,,Completed,Fee via Mobile App,0,Sacramento,USD,0
4846,1057,2025-03-06 01:06:22,Transfer Out,567.32,163521.8,Branch,,596,Completed,Transfer Out via Online,0,Spokane,USD,0
4847,778,2024-08-05 14:15:15,Deposit,3219.8,227324.98,ATM,Groceries,,Completed,Deposit via ATM,0,Tucson,USD,2.5
4848,297,2026-01-28 09:47:01,Deposit,596.96,338.6,Online,Education,,Completed,Deposit via Online,0,Houston,USD,0
4849,24,2025-11-05 21:36:23,Bill Payment,541.55,178698.32,POS,Travel,,Completed,Bill Payment via Mobile App,0,Springfield,USD,0
4850,870,2026-03-17 17:18:56,Fee,7938.77,240933.5,Online,,,Completed,Fee via POS,0,Jacksonville,USD,2.5
4851,698,2024-02-16 14:20:19,Fee,7153.6,187306.45,Online,,,Completed,Fee via Branch,0,San Antonio,USD,1.5
4852,235,2025-04-14 18:52:54,Bill Payment,6843.57,46444.42,Mobile App,Retail,,Completed,Bill Payment via ATM,0,Denver,USD,0
4853,593,2024-07-23 20:03:25,Transfer In,4459.67,175710.27,ATM,,947,Completed,Transfer In via Online,0,San Antonio,USD,1.5
4854,861,2025-02-17 21:08:05,Deposit,7072.02,149599.56,ATM,,,Completed,Deposit via Branch,0,Miami,USD,0
4855,302,2024-10-31 01:41:37,Transfer In,7186.66,156968.88,Online,,343,Completed,Transfer In via ATM,0,Seattle,USD,10
4856,310,2026-03-22 13:55:17,Bill Payment,343.52,111704.91,Mobile App,,,Completed,Bill Payment via Mobile App,0,Atlanta,USD,0
4857,883,2025-11-25 23:35:16,Withdrawal,3551.68,257474.43,POS,Retail,,Completed,Withdrawal via POS,0,Rochester,USD,10
4858,618,2025-11-23 05:05:43,Transfer Out,4765.79,58710.31,Online,,609,Completed,Transfer Out via Mobile App,0,Los Angeles,USD,2.5
4859,450,2026-05-16 17:18:18,Deposit,7393.64,53713.21,Online,Travel,,Pending,Deposit via ATM,0,Naperville,USD,5
4860,1004,2025-05-17 16:58:56,Fee,2806.86,19711.96,Online,,,Completed,Fee via POS,0,Rochester,USD,10
4861,108,2025-04-25 14:45:10,Withdrawal,5931.82,75725.63,Online,Dining,,Completed,Withdrawal via Mobile App,0,Miami,USD,10
4862,549,2025-02-03 00:07:40,Withdrawal,3595.15,112309.52,POS,Retail,,Completed,Withdrawal via POS,0,San Francisco,USD,0
4863,1170,2026-01-10 09:46:22,Interest Credit,3976.85,256715.09,Mobile App,,,Completed,Interest Credit via POS,0,Denver,USD,10
4864,756,2024-11-10 06:47:12,Transfer Out,7230.46,156138.85,Mobile App,,926,Completed,Transfer Out via ATM,0,Buffalo,USD,1.5
4865,769,2026-09-19 06:26:26,Transfer In,4900.08,216748.94,Online,,992,Completed,Transfer In via Mobile App,0,Houston,USD,0
4866,654,2024-11-18 00:10:51,Deposit,3713.01,117412.45,ATM,Education,,Completed,Deposit via POS,0,San Antonio,USD,10
4867,102,2024-01-22 20:43:25,Withdrawal,5445.5,101603.35,Branch,Fuel,,Completed,Withdrawal via Branch,0,Dallas,USD,5
4868,1189,2025-10-31 09:42:01,Fee,2639.38,208392.47,Mobile App,,,Completed,Fee via Online,0,Tucson,USD,0
4869,571,2024-10-29 01:52:14,Withdrawal,6927.03,197050.65,Mobile App,Healthcare,,Completed,Withdrawal via POS,0,New York City,USD,0
4870,184,2024-05-17 18:34:55,Withdrawal,7782.67,258943.64,Online,Dining,,Completed,Withdrawal via Mobile App,0,Rochester,USD,2.5
4871,1173,2026-04-06 18:41:41,Bill Payment,5397.58,137834.77,POS,Retail,,Completed,Bill Payment via Mobile App,0,San Antonio,USD,0
4872,824,2025-11-24 01:55:44,Withdrawal,4211.1,90708.57,ATM,Retail,,Pending,Withdrawal via ATM,0,Savannah,USD,2.5
4873,1132,2024-02-28 13:34:05,Deposit,6804.7,174524.07,Mobile App,Groceries,,Completed,Deposit via Mobile App,0,San Francisco,USD,2.5
4874,868,2025-10-08 14:46:51,Fee,7987.07,124693.79,Mobile App,,,Completed,Fee via ATM,0,Cambridge,USD,0
4875,83,2025-07-13 21:53:47,Transfer Out,2190.68,139464.35,Mobile App,,438,Completed,Transfer Out via Mobile App,1,Tampa,USD,10
4876,1085,2026-02-02 11:08:31,Deposit,7571.41,108535.76,Mobile App,Travel,,Completed,Deposit via POS,0,Denver,USD,10
4877,346,2026-02-02 07:30:12,Bill Payment,523.33,210448.15,ATM,Utilities,,Completed,Bill Payment via POS,0,Cambridge,USD,2.5
4878,188,2025-06-27 23:23:52,Transfer In,340.7,214222.42,ATM,,553,Completed,Transfer In via Online,0,San Diego,USD,0
4879,426,2025-02-04 16:04:28,Withdrawal,3602.37,125019.8,ATM,Utilities,,Completed,Withdrawal via ATM,0,Atlanta,USD,2.5
4880,748,2025-12-22 20:12:21,Deposit,7090.68,116191.28,Online,Education,,Completed,Deposit via ATM,0,Rochester,USD,1.5
4881,296,2024-01-30 16:19:17,Withdrawal,2845.47,228489.07,Branch,Entertainment,,Completed,Withdrawal via POS,0,Orlando,USD,0
4882,172,2025-01-24 23:20:36,Interest Credit,5418.71,50164.69,ATM,,,Completed,Interest Credit via Branch,0,San Francisco,USD,0
4883,819,2024-07-05 10:41:21,Transfer Out,1914.88,255273.07,Mobile App,,287,Completed,Transfer Out via ATM,0,Mesa,USD,1.5
4884,611,2024-03-02 01:40:36,Transfer In,5237.47,1132.77,Online,,471,Completed,Transfer In via ATM,0,Phoenix,USD,0
4885,1144,2024-03-10 14:07:42,Transfer In,6600.23,136246.82,Branch,,985,Pending,Transfer In via Branch,0,Miami,USD,0
4886,719,2026-01-31 11:31:12,Bill Payment,3682.54,55405.3,ATM,Entertainment,,Completed,Bill Payment via ATM,0,San Diego,USD,0
4887,406,2025-07-30 17:23:31,Bill Payment,3192.84,51607.09,Branch,Utilities,,Completed,Bill Payment via Online,0,San Francisco,USD,2.5
4888,124,2026-08-18 05:35:31,Withdrawal,7657.46,23549.58,Mobile App,Healthcare,,Completed,Withdrawal via Mobile App,0,Mesa,USD,1.5
4889,725,2026-06-13 12:30:06,Bill Payment,3610.7,106076.17,Mobile App,Travel,,Completed,Bill Payment via Branch,0,Springfield,USD,0
4890,887,2024-01-15 19:12:32,Bill Payment,34.79,216932.93,ATM,Fuel,,Completed,Bill Payment via POS,0,Phoenix,USD,0
4891,1060,2024-07-10 06:35:20,Transfer In,1044.8,193196.41,ATM,,620,Completed,Transfer In via Online,0,Houston,USD,0
4892,382,2026-03-18 23:10:04,Transfer Out,4845.0,255762.6,Online,,542,Completed,Transfer Out via Mobile App,0,Tucson,USD,2.5
4893,778,2025-08-03 04:35:55,Withdrawal,5923.8,252772.1,Mobile App,,,Completed,Withdrawal via Mobile App,0,San Diego,USD,0
4894,330,2026-02-04 04:54:04,Fee,1164.82,144931.43,Branch,,,Completed,Fee via ATM,0,Naperville,USD,0
4895,446,2025-05-22 22:51:13,Deposit,6166.02,198477.46,Mobile App,Travel,,Completed,Deposit via Online,0,Albany,USD,2.5
4896,769,2025-09-06 11:28:42,Deposit,235.96,154213.12,Mobile App,Dining,,Completed,Deposit via POS,0,Rochester,USD,0
4897,348,2025-11-02 13:23:39,Deposit,3626.81,11156.59,Mobile App,Dining,,Completed,Deposit via Online,0,Orlando,USD,0
4898,1048,2025-07-19 12:24:33,Interest Credit,61.42,183056.41,Branch,,,Completed,Interest Credit via ATM,0,Aurora,USD,10
4899,577,2025-06-19 10:26:04,Withdrawal,3950.09,-167.45,Branch,Travel,,Completed,Withdrawal via Mobile App,0,Denver,USD,5
4900,484,2024-06-08 10:03:02,Deposit,5887.06,98071.8,Branch,Fuel,,Completed,Deposit via Branch,0,Tucson,USD,0
4901,901,2024-04-29 18:11:34,Fee,3888.82,199848.53,Online,,,Completed,Fee via POS,0,Buffalo,USD,0
4902,474,2024-06-02 14:39:17,Interest Credit,2902.62,100958.51,Mobile App,,,Completed,Interest Credit via Online,0,Seattle,USD,0
4903,209,2025-12-02 00:33:13,Withdrawal,4227.09,181103.07,Branch,Fuel,,Failed,Withdrawal via Online,0,Miami,USD,10
4904,212,2026-08-21 20:15:17,Transfer In,4691.5,138349.94,Branch,,384,Completed,Transfer In via POS,0,Boulder,USD,2.5
4905,843,2026-02-06 22:12:39,Bill Payment,4016.21,170587.12,Mobile App,Dining,,Completed,Bill Payment via Branch,0,Sacramento,USD,1.5
4906,186,2026-02-10 01:40:29,Transfer In,7466.9,183784.58,Mobile App,,737,Completed,Transfer In via POS,0,Chicago,USD,10
4907,65,2024-08-20 21:55:39,Deposit,6686.27,133643.91,ATM,Utilities,,Completed,Deposit via ATM,0,Aurora,USD,1.5
4908,338,2024-03-31 06:08:51,Bill Payment,5341.48,159834.64,ATM,Healthcare,,Completed,Bill Payment via ATM,0,San Diego,USD,5
4909,1131,2026-01-06 01:30:13,Deposit,2743.33,51457.86,Mobile App,Retail,,Completed,Deposit via Branch,0,Naperville,USD,5
4910,377,2026-07-09 05:03:38,Interest Credit,2671.81,105825.96,Online,,,Completed,Interest Credit via Mobile App,0,Tampa,USD,2.5
4911,706,2025-06-16 19:48:58,Fee,7807.5,32609.41,Branch,,,Completed,Fee via Online,0,Rochester,USD,10
4912,88,2026-03-31 17:07:53,Fee,4634.63,67538.68,Mobile App,,,Completed,Fee via ATM,0,Spokane,USD,0
4913,823,2024-11-03 08:16:52,Deposit,5652.43,245390.88,Online,Entertainment,,Completed,Deposit via Mobile App,0,Denver,USD,1.5
4914,10,2024-09-18 21:21:09,Transfer Out,512.12,99032.16,ATM,,322,Completed,Transfer Out via ATM,0,Phoenix,USD,0
4915,221,2025-02-08 09:57:09,Deposit,7540.3,11886.26,Mobile App,Education,,Completed,Deposit via Branch,1,Boulder,USD,5
4916,1154,2024-10-18 08:28:06,Transfer Out,5018.76,243495.44,ATM,,1045,Completed,Transfer Out via ATM,0,Seattle,USD,1.5
4917,794,2024-01-31 03:31:07,Bill Payment,6646.22,17310.15,ATM,Entertainment,,Completed,Bill Payment via Branch,1,Worcester,USD,0
4918,870,2025-12-17 12:39:24,Bill Payment,663.32,45473.93,Mobile App,Education,,Completed,Bill Payment via Branch,0,Spokane,USD,0
4919,159,2025-08-13 04:12:59,Transfer Out,3447.5,220711.29,Branch,,1060,Completed,Transfer Out via POS,0,Spokane,USD,5
4920,931,2025-11-16 14:08:37,Transfer In,2970.05,177433.44,Online,,596,Completed,Transfer In via POS,0,Aurora,USD,2.5
4921,685,2025-10-25 12:55:48,Transfer Out,3560.01,231806.33,Mobile App,,226,Completed,Transfer Out via POS,0,New York City,USD,1.5
4922,1063,2026-08-28 12:44:55,Fee,4243.64,114236.57,Mobile App,,,Completed,Fee via Mobile App,0,Tucson,USD,1.5
4923,911,2024-03-27 22:10:19,Deposit,3297.04,186994.3,ATM,Fuel,,Completed,Deposit via POS,0,Worcester,USD,0
4924,690,2026-02-08 12:58:23,Interest Credit,5857.58,56215.61,Branch,,,Completed,Interest Credit via Mobile App,0,Rochester,USD,0
4925,60,2026-08-13 17:25:25,Transfer In,5035.16,184015.27,Online,,660,Completed,Transfer In via Online,0,Jacksonville,USD,0
4926,573,2024-10-28 21:09:57,Withdrawal,7366.41,188087.86,Branch,Utilities,,Completed,Withdrawal via Online,0,Austin,USD,1.5
4927,347,2026-09-14 14:06:40,Deposit,2815.18,87775.64,Mobile App,Dining,,Failed,Deposit via Online,0,San Antonio,USD,1.5
4928,449,2025-08-23 07:13:30,Withdrawal,4337.25,88471.88,ATM,Dining,,Completed,Withdrawal via Mobile App,1,New York City,USD,0
4929,715,2024-01-20 05:44:20,Deposit,1550.3,92273.35,Branch,Utilities,,Pending,Deposit via Branch,0,Miami,USD,1.5
4930,1188,2024-10-08 17:05:53,Withdrawal,4139.64,215891.35,POS,Healthcare,,Pending,Withdrawal via Mobile App,0,Los Angeles,USD,10
4931,988,2026-02-12 12:53:38,Bill Payment,5193.76,155308.93,Online,Entertainment,,Completed,Bill Payment via Branch,0,Dallas,USD,10
4932,96,2025-09-01 06:35:42,Withdrawal,6966.07,43382.92,Branch,Entertainment,,Completed,Withdrawal via Mobile App,1,Tucson,USD,0
4933,164,2025-02-21 17:01:57,Interest Credit,846.41,13556.87,Online,,,Completed,Interest Credit via POS,0,San Francisco,USD,0
4934,327,2024-01-27 17:31:54,Bill Payment,6802.88,42545.26,ATM,Fuel,,Completed,Bill Payment via Online,0,Albany,USD,10
4935,71,2025-01-14 14:53:39,Bill Payment,4601.97,257991.93,Online,Travel,,Completed,Bill Payment via POS,0,Denver,USD,0
4936,968,2024-06-28 06:33:03,Interest Credit,6517.71,186932.66,Branch,,,Completed,Interest Credit via Mobile App,0,Austin,USD,2.5
4937,835,2025-09-07 16:42:46,Withdrawal,4445.23,69442.09,Mobile App,Retail,,Completed,Withdrawal via Online,0,Naperville,USD,2.5
4938,770,2026-03-28 21:17:14,Transfer Out,47.07,241814.16,ATM,,850,Completed,Transfer Out via Mobile App,1,Denver,USD,1.5
4939,349,2025-03-14 07:27:35,Transfer Out,6428.33,259521.11,POS,,1083,Failed,Transfer Out via ATM,0,Miami,USD,5
4940,479,2024-01-02 23:42:23,Withdrawal,2314.9,58898.39,Mobile App,Utilities,,Completed,Withdrawal via Branch,0,Denver,USD,0
4941,895,2024-09-14 22:43:07,Bill Payment,2290.88,123790.07,Mobile App,Entertainment,,Completed,Bill Payment via Branch,0,San Francisco,USD,1.5
4942,1186,2025-08-29 01:02:52,Transfer In,5709.9,60632.94,Mobile App,,38,Completed,Transfer In via Mobile App,0,San Antonio,USD,5
4943,146,2024-06-11 01:57:01,Interest Credit,2682.5,-1612.25,Online,,,Completed,Interest Credit via ATM,0,Chicago,USD,1.5
4944,13,2026-09-24 08:10:20,Transfer Out,6078.4,124070.38,Online,,656,Completed,Transfer Out via ATM,0,Los Angeles,USD,5
4945,1200,2024-08-19 12:52:12,Bill Payment,3137.4,88190.29,ATM,Groceries,,Completed,Bill Payment via Online,1,Springfield,USD,0
4946,1142,2026-06-29 15:18:30,Transfer In,5290.0,114122.0,Branch,,219,Completed,Transfer In via ATM,0,Aurora,USD,0
4947,648,2026-01-11 00:20:22,Transfer Out,1452.04,201253.5,Online,,503,Completed,Transfer Out via Branch,0,Jacksonville,USD,0
4948,786,2024-10-04 09:07:28,Bill Payment,3964.94,155365.74,Online,,,Completed,Bill Payment via Branch,0,Austin,USD,0
4949,22,2026-02-23 18:38:52,Withdrawal,865.5,245112.57,Online,Healthcare,,Completed,Withdrawal via Online,0,Boston,USD,0
4950,523,2026-03-21 02:23:26,Deposit,2106.45,130584.31,ATM,Retail,,Completed,Deposit via POS,0,Jacksonville,USD,0
4951,1140,2025-11-26 23:31:10,Deposit,858.47,45614.17,ATM,,,Completed,Deposit via Online,0,Aurora,USD,0
4952,240,2026-02-20 05:51:54,Bill Payment,4440.41,148378.74,Mobile App,Groceries,,Pending,Bill Payment via POS,0,Miami,USD,0
4953,789,2025-11-23 08:24:30,Fee,2060.24,100418.57,ATM,,,Pending,Fee via ATM,0,Cambridge,USD,0
4954,453,2026-03-31 09:10:03,Fee,4161.0,38671.59,Mobile App,,,Completed,Fee via Branch,0,Albany,USD,0
4955,491,2024-03-16 04:39:21,Withdrawal,3669.41,175932.72,POS,Healthcare,,Completed,Withdrawal via ATM,0,New York City,USD,2.5
4956,58,2025-12-24 05:30:56,Bill Payment,7595.21,114401.68,ATM,Education,,Completed,Bill Payment via Online,0,Phoenix,USD,10
4957,832,2024-04-21 10:08:45,Transfer In,5822.59,141253.75,Mobile App,,953,Completed,Transfer In via Branch,0,Boulder,USD,1.5
4958,1030,2025-04-15 12:47:33,Withdrawal,3974.02,238045.29,Online,Groceries,,Completed,Withdrawal via Branch,0,Cambridge,USD,5
4959,725,2026-05-08 07:29:45,Transfer In,4013.53,102985.17,Mobile App,,497,Completed,Transfer In via Mobile App,0,Denver,USD,2.5
4960,17,2024-01-06 13:39:40,Deposit,4194.27,167804.89,Branch,Entertainment,,Completed,Deposit via POS,0,Atlanta,USD,0
4961,144,2025-09-24 17:59:29,Withdrawal,7337.88,195051.14,Mobile App,Groceries,,Completed,Withdrawal via Branch,0,Spokane,USD,1.5
4962,377,2026-08-09 22:34:15,Withdrawal,3184.16,237858.91,Mobile App,Entertainment,,Pending,Withdrawal via Mobile App,1,Seattle,USD,0
4963,925,2024-09-27 12:53:29,Withdrawal,788.85,193051.42,ATM,Education,,Completed,Withdrawal via Mobile App,0,Boulder,USD,0
4964,788,2024-08-09 08:24:35,Transfer Out,5571.41,166909.69,Online,,474,Completed,Transfer Out via Mobile App,0,Miami,USD,5
4965,106,2024-04-23 16:04:46,Withdrawal,5728.97,148055.43,Online,Healthcare,,Completed,Withdrawal via ATM,0,Jacksonville,USD,2.5
4966,1148,2026-05-31 06:17:28,Transfer Out,642.18,188670.49,Branch,,1043,Completed,Transfer Out via Online,0,Savannah,USD,10
4967,637,2025-06-10 15:33:52,Bill Payment,2499.26,80515.85,Online,Dining,,Completed,Bill Payment via Branch,0,Tacoma,USD,0
4968,1197,2026-05-11 23:16:52,Bill Payment,1780.92,40039.29,POS,Education,,Completed,Bill Payment via POS,0,Atlanta,USD,0
4969,202,2026-01-27 02:32:57,Bill Payment,322.11,56701.95,Online,Fuel,,Completed,Bill Payment via Branch,0,Atlanta,USD,10
4970,47,2026-07-08 07:06:40,Bill Payment,2437.08,206279.77,Online,Utilities,,Completed,Bill Payment via Branch,0,San Francisco,USD,0
4971,695,2024-04-12 18:00:20,Transfer Out,4036.99,93483.35,Mobile App,,1143,Completed,Transfer Out via Mobile App,0,Tampa,USD,10
4972,548,2025-10-11 04:34:10,Deposit,7877.3,140413.3,Online,Groceries,,Completed,Deposit via Mobile App,0,Savannah,USD,0
4973,545,2024-09-09 02:13:16,Bill Payment,7689.05,218751.36,Branch,Travel,,Completed,Bill Payment via Online,1,Spokane,USD,5
4974,250,2026-02-09 20:29:45,Transfer In,1297.23,121465.72,Branch,,30,Completed,Transfer In via POS,0,Boulder,USD,0
4975,972,2026-07-08 03:59:07,Deposit,1764.71,23203.54,Mobile App,Groceries,,Completed,Deposit via Mobile App,1,Tucson,USD,1.5
4976,1111,2025-10-18 20:28:57,Bill Payment,748.72,76819.47,Online,Education,,Completed,Bill Payment via ATM,0,Dallas,USD,1.5
4977,593,2026-06-18 10:48:00,Deposit,185.92,87624.96,Branch,Dining,,Completed,Deposit via POS,0,Tucson,USD,0
4978,225,2025-10-14 17:46:49,Interest Credit,182.68,39009.76,Mobile App,,,Failed,Interest Credit via Mobile App,0,Jacksonville,USD,2.5
4979,618,2024-04-02 23:12:55,Deposit,6254.7,50660.74,Mobile App,Travel,,Completed,Deposit via ATM,0,Dallas,USD,5
4980,570,2024-01-02 11:16:26,Interest Credit,6698.1,177457.06,Online,,,Completed,Interest Credit via ATM,0,Worcester,USD,0
4981,469,2026-07-26 14:28:55,Deposit,557.16,97693.67,Online,Education,,Completed,Deposit via ATM,0,Houston,USD,1.5
4982,821,2026-02-12 03:52:11,Withdrawal,4303.55,145738.15,Mobile App,Utilities,,Completed,Withdrawal via Branch,0,San Francisco,USD,5
4983,138,2024-04-24 05:00:37,Withdrawal,5476.96,18852.78,Mobile App,Groceries,,Completed,Withdrawal via POS,1,Phoenix,USD,2.5
4984,43,2024-02-24 06:58:11,Fee,2395.52,165631.65,ATM,,,Completed,Fee via Mobile App,0,Spokane,USD,0
4985,156,2025-08-20 21:05:38,Interest Credit,6513.01,85259.74,ATM,,,Completed,Interest Credit via POS,0,San Diego,USD,0
4986,408,2024-06-04 18:19:49,Fee,6286.46,55915.62,Mobile App,,,Completed,Fee via Online,0,Tucson,USD,0
4987,860,2025-09-21 13:10:45,Transfer In,5820.12,159575.33,Mobile App,,1010,Completed,Transfer In via Branch,0,Jacksonville,USD,0
4988,196,2024-02-12 10:42:33,Deposit,6768.33,129924.72,ATM,,,Completed,Deposit via ATM,0,Phoenix,USD,0
4989,226,2026-05-28 01:49:11,Transfer In,1251.66,177334.18,Branch,,597,Completed,Transfer In via POS,1,Austin,USD,0
4990,1001,2024-07-22 04:19:04,Deposit,2096.52,173321.64,Online,Education,,Completed,Deposit via Branch,0,San Diego,USD,0
4991,933,2025-05-27 03:37:37,Transfer Out,1940.21,243728.3,Mobile App,,500,Completed,Transfer Out via POS,0,Augusta,USD,2.5
4992,569,2025-06-22 08:13:02,Withdrawal,2251.93,4235.57,ATM,Education,,Completed,Withdrawal via Online,0,Denver,USD,2.5
4993,1025,2025-05-31 13:06:33,Interest Credit,6552.99,13576.15,ATM,,,Completed,Interest Credit via POS,0,Tampa,USD,0
4994,304,2026-06-15 10:59:04,Deposit,3343.02,46652.94,ATM,Education,,Completed,Deposit via POS,0,Albany,USD,0
4995,424,2026-08-17 00:25:48,Withdrawal,3749.85,213644.16,Online,Healthcare,,Completed,Withdrawal via Branch,0,Tampa,USD,0
4996,773,2024-03-06 11:00:41,Withdrawal,7811.48,142090.96,ATM,Travel,,Completed,Withdrawal via Branch,0,Spokane,USD,0
4997,263,2024-06-08 00:22:07,Withdrawal,6849.81,61469.06,Mobile App,Utilities,,Completed,Withdrawal via POS,0,Rochester,USD,1.5
4998,369,2024-05-29 22:07:57,Bill Payment,5325.71,74176.72,Online,Retail,,Completed,Bill Payment via ATM,0,Orlando,USD,1.5
4999,692,2024-06-14 06:33:23,Withdrawal,582.68,84594.48,Online,Healthcare,,Completed,Withdrawal via ATM,0,Dallas,USD,2.5
5000,994,2026-08-01 23:27:31,Withdrawal,4540.5,28036.25,Online,Entertainment,,Completed,Withdrawal via Online,0,Sacramento,USD,5
5001,660,2025-07-03 04:00:50,Withdrawal,6912.38,192628.31,ATM,Education,,Completed,Withdrawal via ATM,0,Boulder,USD,5
5002,876,2025-10-11 23:30:22,Transfer In,7422.92,224957.48,Mobile App,,222,Completed,Transfer In via ATM,0,Phoenix,USD,1.5
5003,1136,2026-02-07 20:28:56,Transfer Out,106.4,21939.57,ATM,,852,Completed,Transfer Out via Branch,0,Savannah,USD,5
5004,952,2026-04-11 06:11:07,Transfer In,6399.75,28178.73,Mobile App,,381,Completed,Transfer In via POS,0,Albany,USD,1.5
5005,574,2026-04-20 18:17:52,Withdrawal,6247.57,116054.06,POS,Groceries,,Completed,Withdrawal via POS,1,Boulder,USD,0
5006,649,2024-11-21 14:18:55,Bill Payment,4989.87,138260.78,Online,,,Failed,Bill Payment via ATM,0,New York City,USD,2.5
5007,1025,2026-08-02 15:12:00,Deposit,5950.68,39570.74,ATM,Dining,,Completed,Deposit via Mobile App,0,Worcester,USD,0
5008,23,2025-10-21 04:36:58,Deposit,2579.78,44341.34,ATM,Travel,,Completed,Deposit via Online,0,San Diego,USD,1.5
5009,206,2024-01-20 04:50:59,Transfer In,1701.42,83943.43,Online,,1173,Completed,Transfer In via Mobile App,0,Boulder,USD,1.5
5010,841,2024-05-27 00:15:11,Transfer In,4855.08,185509.41,ATM,,500,Completed,Transfer In via ATM,0,Orlando,USD,0
5011,199,2025-05-21 15:02:58,Withdrawal,1565.07,191716.28,Mobile App,Retail,,Completed,Withdrawal via Mobile App,0,Sacramento,USD,10
5012,413,2025-08-01 07:04:23,Deposit,2892.91,126281.21,POS,Retail,,Completed,Deposit via Branch,0,Cambridge,USD,2.5
5013,1090,2024-12-04 04:49:52,Deposit,1878.07,204454.58,Mobile App,Groceries,,Completed,Deposit via POS,0,San Diego,USD,0
5014,1073,2025-07-17 19:36:29,Transfer In,4647.81,39302.75,Branch,,563,Completed,Transfer In via ATM,0,Naperville,USD,10
5015,733,2025-10-02 07:15:58,Withdrawal,2664.51,160926.89,Branch,Retail,,Failed,Withdrawal via Branch,0,Houston,USD,0
5016,334,2025-04-10 23:49:39,Transfer In,5028.32,209872.04,Online,,140,Completed,Transfer In via Mobile App,0,Austin,USD,0
5017,999,2024-10-02 01:24:45,Transfer In,7691.08,117616.54,Branch,,237,Completed,Transfer In via Online,1,Phoenix,USD,5
5018,895,2024-03-16 02:40:28,Deposit,646.21,126186.79,Mobile App,Fuel,,Completed,Deposit via Online,0,Atlanta,USD,5
5019,738,2025-06-22 18:10:24,Transfer In,1718.62,231802.12,Branch,,986,Failed,Transfer In via POS,0,Naperville,USD,0
5020,442,2025-02-26 03:16:23,Deposit,4311.86,130503.75,ATM,Utilities,,Completed,Deposit via Branch,0,Savannah,USD,2.5
5021,1029,2025-08-14 03:38:22,Withdrawal,2201.03,241244.45,Branch,Fuel,,Completed,Withdrawal via ATM,0,Dallas,USD,1.5
5022,1170,2024-04-22 02:36:23,Deposit,865.42,111020.93,Mobile App,Entertainment,,Completed,Deposit via Online,0,Chicago,USD,2.5
5023,885,2025-08-21 15:23:12,Withdrawal,2242.17,15609.22,ATM,Travel,,Completed,Withdrawal via POS,0,Cambridge,USD,2.5
5024,204,2026-06-11 13:22:53,Deposit,4696.55,46602.26,Online,Fuel,,Completed,Deposit via Branch,0,San Diego,USD,0
5025,715,2026-05-06 20:41:51,Deposit,1750.2,224410.19,Mobile App,,,Completed,Deposit via Branch,0,Buffalo,USD,10
5026,888,2024-06-20 03:32:25,Deposit,4426.28,88951.85,ATM,Dining,,Completed,Deposit via POS,0,Mesa,USD,1.5
5027,372,2025-04-16 07:16:50,Deposit,965.24,130905.63,POS,Healthcare,,Failed,Deposit via Branch,0,Mesa,USD,2.5
5028,1006,2025-01-26 03:06:11,Deposit,2334.31,161231.76,Mobile App,Groceries,,Completed,Deposit via POS,0,Savannah,USD,1.5
5029,469,2024-01-16 12:35:49,Interest Credit,1165.53,200936.18,POS,,,Completed,Interest Credit via ATM,0,Miami,USD,0
5030,981,2024-02-03 00:39:29,Bill Payment,6996.59,33326.45,Online,Healthcare,,Completed,Bill Payment via POS,0,Augusta,USD,2.5
5031,255,2024-05-13 04:50:47,Transfer Out,3225.43,178866.33,Mobile App,,999,Completed,Transfer Out via POS,0,Boston,USD,0
5032,923,2024-01-17 17:01:48,Bill Payment,2270.21,11098.12,Online,,,Completed,Bill Payment via ATM,0,San Diego,USD,0
5033,1049,2025-09-15 15:36:55,Deposit,7202.16,126355.55,Branch,Utilities,,Completed,Deposit via Mobile App,0,Mesa,USD,0
5034,975,2025-03-31 09:02:44,Withdrawal,399.1,28920.75,Mobile App,Dining,,Completed,Withdrawal via Branch,0,Jacksonville,USD,10
5035,116,2025-09-26 07:57:14,Transfer Out,3332.83,251074.45,Online,,466,Completed,Transfer Out via POS,1,Sacramento,USD,10
5036,981,2026-03-13 20:32:15,Deposit,3167.62,111779.12,Mobile App,Fuel,,Failed,Deposit via ATM,0,Augusta,USD,0
5037,830,2026-09-19 06:38:41,Withdrawal,2709.57,254659.02,Mobile App,Education,,Completed,Withdrawal via POS,0,Seattle,USD,1.5
5038,279,2025-02-24 10:28:48,Withdrawal,470.61,190103.1,Mobile App,Entertainment,,Completed,Withdrawal via Online,0,Tampa,USD,5
5039,1145,2025-11-02 04:08:49,Interest Credit,5982.21,80837.68,ATM,,,Completed,Interest Credit via Branch,0,Worcester,USD,5
5040,911,2026-05-30 14:21:44,Interest Credit,1903.15,26448.97,Online,,,Completed,Interest Credit via Online,0,Tucson,USD,0
5041,374,2024-10-07 01:11:43,Deposit,1214.73,247550.47,Online,Education,,Completed,Deposit via ATM,0,Boston,USD,0
5042,611,2024-08-05 21:43:41,Withdrawal,7685.6,107180.41,Mobile App,Healthcare,,Completed,Withdrawal via Mobile App,0,Naperville,USD,2.5
5043,772,2026-03-12 11:05:58,Transfer In,6697.77,46100.03,Mobile App,,1136,Completed,Transfer In via Branch,0,Rochester,USD,0
5044,737,2025-01-15 17:19:59,Transfer Out,4246.44,165327.69,ATM,,1065,Completed,Transfer Out via Branch,0,Orlando,USD,5
5045,373,2025-10-11 15:48:41,Transfer In,7702.09,83803.44,Mobile App,,361,Completed,Transfer In via POS,0,Houston,USD,1.5
5046,22,2025-10-02 15:23:17,Bill Payment,2189.61,120416.97,ATM,Education,,Completed,Bill Payment via Online,0,Albany,USD,0
5047,770,2024-11-29 08:09:24,Interest Credit,3780.28,117148.05,ATM,,,Completed,Interest Credit via Branch,1,San Francisco,USD,5
5048,195,2025-06-04 21:02:38,Deposit,5162.68,204673.16,Online,,,Completed,Deposit via Branch,0,Mesa,USD,1.5
5049,1106,2026-03-30 16:15:46,Deposit,6919.62,58523.37,Mobile App,Travel,,Completed,Deposit via Online,0,Chicago,USD,2.5
5050,888,2025-04-28 14:00:45,Withdrawal,4470.3,78700.5,ATM,Education,,Completed,Withdrawal via ATM,0,Aurora,USD,0
5051,649,2024-01-06 20:35:26,Withdrawal,3487.88,205441.75,Online,Travel,,Completed,Withdrawal via Online,0,Spokane,USD,0
5052,14,2024-06-27 06:51:00,Withdrawal,2153.69,81950.61,Online,Dining,,Completed,Withdrawal via POS,1,Orlando,USD,0
5053,501,2026-01-04 07:30:54,Bill Payment,2713.86,115321.63,Online,Utilities,,Completed,Bill Payment via Online,0,Springfield,USD,1.5
5054,46,2024-10-21 15:28:15,Transfer Out,6898.09,119730.59,ATM,,927,Completed,Transfer Out via Mobile App,0,San Francisco,USD,0
5055,1019,2025-10-22 14:24:08,Interest Credit,5962.12,17270.49,ATM,,,Completed,Interest Credit via Online,0,Chicago,USD,0
5056,1081,2025-10-18 10:25:13,Transfer In,4337.08,59817.36,ATM,,972,Pending,Transfer In via POS,0,Tacoma,USD,0
5057,555,2024-10-24 15:50:30,Fee,1294.79,27974.39,Branch,,,Completed,Fee via ATM,0,Austin,USD,0
5058,1060,2025-10-18 07:32:25,Deposit,1355.01,83412.04,Online,,,Failed,Deposit via Online,0,Austin,USD,0
5059,231,2025-01-08 04:29:27,Interest Credit,5551.72,149054.35,Branch,,,Completed,Interest Credit via Branch,0,Dallas,USD,10
5060,1166,2025-02-11 00:08:56,Bill Payment,2022.8,253867.39,Mobile App,Fuel,,Completed,Bill Payment via ATM,0,San Francisco,USD,5
5061,107,2024-01-19 12:43:31,Bill Payment,2640.8,235864.33,Online,Travel,,Completed,Bill Payment via POS,0,Augusta,USD,0
5062,1071,2024-03-30 20:16:24,Bill Payment,5532.13,238849.47,Mobile App,Healthcare,,Completed,Bill Payment via Branch,0,Cambridge,USD,0
5063,1165,2026-07-13 04:21:20,Withdrawal,5594.21,88347.19,Mobile App,Groceries,,Completed,Withdrawal via POS,0,Albany,USD,5
5064,972,2026-08-12 21:51:30,Deposit,7713.92,203297.18,Mobile App,Education,,Completed,Deposit via Mobile App,0,Sacramento,USD,0
5065,56,2025-04-02 14:41:41,Transfer In,2641.9,108118.63,ATM,,572,Completed,Transfer In via Mobile App,0,Sacramento,USD,10
5066,896,2024-09-05 03:31:17,Transfer In,6067.91,65668.6,Mobile App,,553,Completed,Transfer In via Online,0,Tampa,USD,0
5067,519,2024-07-01 06:35:02,Transfer Out,4033.26,81627.9,Online,,1163,Completed,Transfer Out via Branch,0,Los Angeles,USD,10
5068,865,2026-06-26 15:41:22,Withdrawal,2907.88,183509.82,Online,Utilities,,Completed,Withdrawal via POS,0,Worcester,USD,0
5069,970,2025-07-22 17:40:30,Withdrawal,6596.83,76740.56,Mobile App,Travel,,Completed,Withdrawal via Branch,0,Jacksonville,USD,1.5
5070,488,2025-02-08 06:12:50,Transfer Out,3767.62,118853.72,ATM,,494,Completed,Transfer Out via Mobile App,0,Mesa,USD,2.5
5071,468,2026-03-25 17:30:43,Interest Credit,523.37,166424.31,ATM,,,Completed,Interest Credit via Mobile App,0,Tampa,USD,0
5072,262,2025-12-03 19:22:50,Transfer In,3176.93,96591.45,Branch,,181,Completed,Transfer In via POS,0,San Antonio,USD,10
5073,311,2024-09-06 10:13:03,Bill Payment,1194.39,43707.65,Branch,Utilities,,Completed,Bill Payment via ATM,0,Orlando,USD,0
5074,631,2025-01-10 23:15:28,Transfer In,419.59,222183.11,Online,,773,Completed,Transfer In via POS,0,Tacoma,USD,2.5
5075,557,2026-01-29 12:33:04,Deposit,6192.84,157937.6,Online,Groceries,,Completed,Deposit via Mobile App,0,Denver,USD,1.5
5076,1182,2024-01-01 18:25:22,Bill Payment,1720.68,103132.91,Mobile App,Groceries,,Completed,Bill Payment via Branch,0,New York City,USD,0
5077,934,2026-07-05 10:54:05,Withdrawal,909.51,144587.02,Online,Entertainment,,Pending,Withdrawal via POS,0,San Antonio,USD,0
5078,499,2024-10-20 01:21:37,Deposit,1103.25,-1213.01,Online,Entertainment,,Completed,Deposit via POS,0,Spokane,USD,1.5
5079,429,2025-01-09 16:21:44,Interest Credit,1145.53,164172.19,Online,,,Completed,Interest Credit via ATM,0,Naperville,USD,0
5080,616,2024-05-12 16:36:02,Withdrawal,4392.35,16357.03,Online,Entertainment,,Completed,Withdrawal via Branch,0,Sacramento,USD,5
5081,476,2026-02-02 07:48:35,Withdrawal,2972.09,230827.5,ATM,Utilities,,Completed,Withdrawal via Branch,0,Savannah,USD,0
5082,384,2025-11-19 07:49:59,Transfer In,4524.05,42660.67,Branch,,1040,Completed,Transfer In via Mobile App,0,New York City,USD,5
5083,1128,2024-02-11 22:40:11,Deposit,3745.0,78628.82,POS,Healthcare,,Completed,Deposit via Branch,0,Jacksonville,USD,0
5084,705,2024-12-20 03:36:07,Bill Payment,7258.04,80571.18,ATM,Utilities,,Completed,Bill Payment via Branch,0,Denver,USD,1.5
5085,812,2025-11-28 00:06:20,Interest Credit,4217.77,246277.15,POS,,,Completed,Interest Credit via Mobile App,0,Atlanta,USD,2.5
5086,147,2025-02-28 01:32:47,Withdrawal,438.74,184143.5,Mobile App,Healthcare,,Completed,Withdrawal via POS,0,San Francisco,USD,10
5087,1037,2025-05-15 05:30:45,Transfer Out,2322.44,132148.64,Online,,938,Completed,Transfer Out via POS,0,Tampa,USD,0
5088,892,2024-03-20 00:01:15,Transfer Out,4570.61,210244.42,ATM,,675,Completed,Transfer Out via Branch,0,Albany,USD,0
5089,127,2025-06-15 17:20:57,Withdrawal,7693.59,29073.3,Mobile App,Utilities,,Failed,Withdrawal via POS,0,Jacksonville,USD,0
5090,500,2025-03-14 17:40:07,Deposit,4191.15,177584.48,Mobile App,Travel,,Completed,Deposit via Branch,0,Spokane,USD,0
5091,571,2025-01-01 11:34:30,Transfer Out,3903.75,9632.86,Branch,,229,Completed,Transfer Out via Branch,0,Tacoma,USD,0
5092,14,2026-07-28 17:55:54,Withdrawal,59.12,105884.56,Mobile App,Utilities,,Completed,Withdrawal via ATM,0,Tucson,USD,5
5093,266,2025-11-09 07:26:52,Deposit,4228.7,3314.32,Online,Education,,Completed,Deposit via POS,0,Dallas,USD,1.5
5094,1050,2026-08-26 22:55:55,Deposit,4870.1,210231.84,ATM,,,Completed,Deposit via Online,1,Houston,USD,2.5
5095,43,2026-05-21 22:57:26,Deposit,7233.36,189657.01,POS,Retail,,Completed,Deposit via ATM,0,Savannah,USD,10
5096,677,2026-04-05 09:57:28,Withdrawal,6611.64,167633.89,Branch,Utilities,,Completed,Withdrawal via Branch,0,Tampa,USD,0
5097,531,2024-09-28 10:23:58,Transfer Out,4838.1,167301.44,Mobile App,,1060,Completed,Transfer Out via POS,0,Jacksonville,USD,1.5
5098,980,2026-05-25 10:14:29,Bill Payment,1341.58,41576.22,Branch,Retail,,Completed,Bill Payment via POS,0,Tampa,USD,0
5099,862,2025-05-24 00:01:05,Withdrawal,7699.48,174583.24,Mobile App,Fuel,,Completed,Withdrawal via Branch,0,Mesa,USD,0
5100,517,2024-05-26 13:50:05,Fee,1873.89,73147.25,Mobile App,,,Completed,Fee via Branch,0,Atlanta,USD,1.5
5101,19,2024-12-17 13:46:00,Transfer In,2156.96,173350.45,Online,,782,Completed,Transfer In via ATM,0,Mesa,USD,10
5102,642,2025-12-16 09:58:55,Bill Payment,1260.55,256393.31,Branch,Utilities,,Completed,Bill Payment via Online,0,Chicago,USD,0
5103,534,2025-03-26 20:46:53,Transfer Out,40.27,190959.63,Online,,149,Completed,Transfer Out via POS,0,Los Angeles,USD,0
5104,97,2025-05-12 09:59:14,Transfer Out,1109.39,56663.63,Branch,,1039,Completed,Transfer Out via Online,0,Cambridge,USD,0
5105,48,2025-05-31 17:38:43,Transfer Out,6742.69,97262.31,Online,,92,Completed,Transfer Out via Online,0,Springfield,USD,0
5106,802,2024-10-02 21:24:58,Interest Credit,6707.33,76965.37,Online,,,Completed,Interest Credit via Online,0,Denver,USD,0
5107,475,2025-12-11 21:00:51,Interest Credit,106.11,33922.67,Online,,,Failed,Interest Credit via Online,0,New York City,USD,1.5
5108,608,2025-02-14 06:59:58,Withdrawal,6040.77,122531.42,Mobile App,Groceries,,Completed,Withdrawal via POS,0,Buffalo,USD,0
5109,402,2026-09-24 01:33:02,Bill Payment,7744.22,68215.31,POS,Entertainment,,Completed,Bill Payment via ATM,0,Tacoma,USD,5
5110,1087,2026-08-16 19:24:36,Interest Credit,4618.59,124717.6,Online,,,Completed,Interest Credit via Mobile App,0,Augusta,USD,1.5
5111,618,2024-08-18 08:37:35,Deposit,5357.71,213736.49,Online,Utilities,,Completed,Deposit via POS,0,Albany,USD,5
5112,1155,2024-02-08 08:43:25,Transfer In,6479.52,59295.86,Branch,,1190,Completed,Transfer In via Online,0,Miami,USD,2.5
5113,971,2025-02-06 10:12:59,Deposit,6441.56,187887.21,Branch,Travel,,Completed,Deposit via Mobile App,0,Tucson,USD,1.5
5114,1121,2025-04-07 15:58:21,Deposit,3660.56,29319.64,ATM,Education,,Completed,Deposit via Online,0,Tucson,USD,2.5
5115,131,2026-02-12 21:53:08,Deposit,7880.04,59591.34,Mobile App,Fuel,,Completed,Deposit via Online,0,San Diego,USD,0
5116,301,2026-08-26 05:10:35,Bill Payment,6466.58,42037.25,POS,Travel,,Completed,Bill Payment via ATM,0,Aurora,USD,5
5117,139,2025-02-10 22:29:27,Transfer In,5794.16,206879.24,Mobile App,,481,Completed,Transfer In via Online,0,Dallas,USD,2.5
5118,739,2025-08-07 03:16:38,Transfer In,1274.38,46272.52,Mobile App,,298,Completed,Transfer In via ATM,0,Atlanta,USD,1.5
5119,295,2024-05-09 02:08:15,Withdrawal,7671.88,134399.74,POS,Education,,Completed,Withdrawal via POS,0,Austin,USD,0
5120,559,2025-08-03 07:31:58,Deposit,2490.41,169372.33,Online,Travel,,Completed,Deposit via Mobile App,0,Aurora,USD,1.5
5121,680,2025-07-19 19:31:45,Transfer In,5627.6,112870.69,Online,,295,Completed,Transfer In via Branch,0,Orlando,USD,1.5
5122,1142,2025-04-28 15:11:02,Withdrawal,5579.91,68388.87,Online,Utilities,,Completed,Withdrawal via POS,0,Sacramento,USD,0
5123,251,2026-06-28 13:09:31,Withdrawal,3542.42,134773.2,Mobile App,Utilities,,Completed,Withdrawal via ATM,0,Miami,USD,0
5124,895,2026-06-04 16:34:10,Transfer Out,5111.27,207159.17,Branch,,979,Completed,Transfer Out via POS,0,Savannah,USD,10
5125,879,2026-06-22 06:27:47,Bill Payment,6107.12,253458.42,Online,Healthcare,,Completed,Bill Payment via ATM,0,Chicago,USD,2.5
5126,1148,2024-05-14 14:50:53,Deposit,4603.19,93615.69,Online,Utilities,,Completed,Deposit via Branch,0,Austin,USD,0
5127,1124,2024-02-20 09:31:16,Withdrawal,7358.84,230226.6,ATM,Travel,,Pending,Withdrawal via Branch,0,Tacoma,USD,2.5
5128,402,2024-09-13 01:25:10,Transfer Out,1452.5,211827.08,ATM,,665,Completed,Transfer Out via Online,0,Los Angeles,USD,0
5129,292,2025-08-26 14:56:26,Fee,4544.99,209940.74,Online,,,Completed,Fee via ATM,0,Austin,USD,0
5130,797,2025-01-21 04:15:52,Bill Payment,181.4,192714.48,ATM,Utilities,,Completed,Bill Payment via ATM,0,Albany,USD,0
5131,327,2024-06-14 10:53:45,Withdrawal,5678.8,50090.17,Online,Travel,,Completed,Withdrawal via Online,0,Cambridge,USD,2.5
5132,818,2025-02-13 21:46:48,Deposit,1104.36,182652.82,Mobile App,Fuel,,Completed,Deposit via ATM,0,Tampa,USD,0
5133,514,2025-09-10 15:25:40,Withdrawal,7264.64,41933.78,POS,Dining,,Completed,Withdrawal via Mobile App,0,Chicago,USD,0
5134,1172,2024-01-12 01:22:45,Transfer In,5893.22,154488.6,Online,,102,Completed,Transfer In via Mobile App,0,Austin,USD,0
5135,717,2025-02-20 02:51:19,Interest Credit,2828.81,6082.37,Online,,,Completed,Interest Credit via ATM,1,Aurora,USD,0
5136,845,2024-03-13 12:37:36,Bill Payment,6591.33,179124.19,Branch,Travel,,Completed,Bill Payment via POS,0,Houston,USD,2.5
5137,412,2025-03-28 19:08:23,Transfer Out,1243.31,144307.0,Mobile App,,350,Completed,Transfer Out via Branch,0,Tacoma,USD,0
5138,164,2026-07-18 13:16:52,Withdrawal,7727.45,249899.72,ATM,Education,,Completed,Withdrawal via Online,0,Worcester,USD,0
5139,643,2025-08-05 05:45:42,Transfer In,3656.11,53459.63,Mobile App,,1192,Completed,Transfer In via Mobile App,0,Boston,USD,1.5
5140,350,2024-06-25 13:36:17,Interest Credit,7357.93,111568.87,Mobile App,,,Completed,Interest Credit via POS,0,Boulder,USD,0
5141,212,2026-06-09 18:07:32,Deposit,3373.53,187137.94,ATM,,,Completed,Deposit via Online,0,Boston,USD,1.5
5142,346,2025-01-11 04:50:03,Bill Payment,4946.75,35186.81,Online,Entertainment,,Completed,Bill Payment via ATM,0,Miami,USD,0
5143,691,2026-09-10 07:06:31,Withdrawal,6578.41,101564.85,POS,Retail,,Failed,Withdrawal via ATM,0,Rochester,USD,10
5144,322,2026-06-25 20:43:50,Transfer Out,6900.75,60655.06,Online,,231,Completed,Transfer Out via Mobile App,0,Albany,USD,0
5145,824,2026-08-04 02:05:22,Withdrawal,3286.36,28702.56,ATM,Groceries,,Completed,Withdrawal via Online,1,Los Angeles,USD,0
5146,640,2025-10-17 23:45:08,Interest Credit,779.06,123759.13,ATM,,,Completed,Interest Credit via Mobile App,0,Denver,USD,10
5147,984,2024-06-03 00:16:15,Fee,1736.4,97219.0,ATM,,,Completed,Fee via ATM,0,Buffalo,USD,0
5148,1114,2026-07-01 23:36:16,Interest Credit,3393.15,103918.18,Branch,,,Completed,Interest Credit via Mobile App,0,Springfield,USD,0
5149,29,2025-08-24 23:54:20,Bill Payment,612.22,31916.08,Online,Dining,,Completed,Bill Payment via Branch,0,Chicago,USD,0
5150,250,2026-08-07 10:43:00,Transfer In,6484.4,167320.92,Online,,27,Completed,Transfer In via POS,0,Albany,USD,0
5151,134,2025-07-01 01:33:59,Bill Payment,6919.03,236175.5,Mobile App,Healthcare,,Completed,Bill Payment via Branch,0,Aurora,USD,1.5
5152,34,2024-08-02 21:44:01,Fee,3986.35,148439.88,Online,,,Completed,Fee via ATM,0,Jacksonville,USD,0
5153,657,2026-01-19 23:49:24,Bill Payment,1066.98,70388.95,Mobile App,Fuel,,Completed,Bill Payment via POS,0,Miami,USD,0
5154,279,2026-01-03 08:01:18,Deposit,3386.73,223697.23,Online,Groceries,,Completed,Deposit via ATM,0,Worcester,USD,2.5
5155,1026,2026-05-13 10:20:37,Bill Payment,3110.89,235365.4,Online,Travel,,Completed,Bill Payment via ATM,0,Boulder,USD,5
5156,827,2025-02-03 00:25:21,Bill Payment,6839.09,176853.78,Branch,Education,,Pending,Bill Payment via ATM,0,Boston,USD,0
5157,607,2025-05-28 17:43:13,Interest Credit,1604.96,80795.25,Online,,,Completed,Interest Credit via ATM,0,Tacoma,USD,0
5158,959,2025-12-09 16:41:16,Transfer In,1923.4,153905.62,Mobile App,,720,Completed,Transfer In via POS,1,Spokane,USD,0
5159,396,2025-03-26 00:54:37,Fee,5161.51,175994.81,Mobile App,,,Pending,Fee via Branch,0,Spokane,USD,0
5160,806,2024-07-05 21:59:43,Transfer Out,4211.87,224347.09,Branch,,595,Completed,Transfer Out via POS,0,Spokane,USD,1.5
5161,1022,2026-07-03 12:45:47,Bill Payment,5313.11,122014.55,Online,Dining,,Completed,Bill Payment via Mobile App,0,Seattle,USD,2.5
5162,833,2025-03-08 23:03:22,Bill Payment,6336.43,132975.09,ATM,Retail,,Completed,Bill Payment via POS,0,Spokane,USD,0
5163,302,2024-10-27 12:08:09,Transfer In,7052.55,25026.5,Mobile App,,196,Completed,Transfer In via Mobile App,1,Tampa,USD,10
5164,25,2024-09-03 13:33:30,Bill Payment,5239.02,86244.57,Online,Healthcare,,Completed,Bill Payment via ATM,0,Austin,USD,1.5
5165,361,2025-06-08 03:23:44,Interest Credit,5588.32,138982.46,ATM,,,Completed,Interest Credit via ATM,0,San Antonio,USD,0
5166,1137,2024-02-18 18:11:33,Deposit,6406.43,14844.11,Mobile App,Education,,Completed,Deposit via ATM,1,San Antonio,USD,0
5167,706,2026-08-03 15:10:10,Deposit,2425.33,190102.91,Mobile App,Entertainment,,Completed,Deposit via Online,1,Boulder,USD,0
5168,1081,2026-03-16 20:44:48,Deposit,5065.08,181469.51,Mobile App,Retail,,Completed,Deposit via POS,0,Buffalo,USD,5
5169,390,2026-06-12 10:08:13,Withdrawal,2185.6,107062.32,Mobile App,Healthcare,,Completed,Withdrawal via Mobile App,0,New York City,USD,2.5
5170,1095,2026-03-22 11:20:04,Fee,2859.6,128693.43,ATM,,,Completed,Fee via ATM,0,Augusta,USD,0
5171,46,2024-04-05 10:54:16,Interest Credit,3425.93,77059.52,Online,,,Completed,Interest Credit via Mobile App,0,San Antonio,USD,0
5172,98,2024-07-18 17:48:10,Deposit,6533.19,62886.73,Online,Retail,,Completed,Deposit via Online,0,Phoenix,USD,1.5
5173,476,2025-06-10 19:47:11,Deposit,5476.49,221095.79,POS,Travel,,Completed,Deposit via ATM,0,Albany,USD,2.5
5174,416,2024-07-08 05:17:04,Withdrawal,1086.07,213120.94,POS,,,Completed,Withdrawal via Branch,0,Austin,USD,10
5175,1198,2026-02-01 21:46:00,Withdrawal,5270.46,87072.8,Mobile App,Fuel,,Pending,Withdrawal via Mobile App,0,Mesa,USD,2.5
5176,203,2024-03-25 11:14:39,Withdrawal,6238.25,134276.48,Online,Healthcare,,Completed,Withdrawal via Mobile App,0,Orlando,USD,1.5
5177,975,2026-09-16 01:26:27,Bill Payment,7795.24,86045.52,Online,Education,,Completed,Bill Payment via POS,0,Atlanta,USD,0
5178,435,2025-02-05 15:30:17,Withdrawal,830.39,228464.85,Branch,Travel,,Completed,Withdrawal via Branch,0,Spokane,USD,0
5179,769,2024-01-30 06:32:06,Transfer Out,3652.86,186643.49,ATM,,319,Failed,Transfer Out via Online,0,Los Angeles,USD,2.5
5180,759,2026-06-14 00:16:08,Bill Payment,1793.41,1248.76,Mobile App,Healthcare,,Completed,Bill Payment via ATM,0,Denver,USD,0
5181,569,2024-10-16 00:19:41,Fee,4069.2,114807.7,ATM,,,Completed,Fee via Branch,0,Rochester,USD,10
5182,486,2024-02-19 13:42:14,Withdrawal,3206.45,91735.51,Branch,Education,,Completed,Withdrawal via Online,0,Sacramento,USD,2.5
5183,582,2026-09-03 22:20:34,Transfer In,3975.89,208001.88,Mobile App,,899,Completed,Transfer In via POS,0,Naperville,USD,1.5
5184,1077,2025-11-27 23:57:38,Transfer Out,3158.73,219727.41,Mobile App,,689,Completed,Transfer Out via ATM,0,Chicago,USD,1.5
5185,418,2026-07-17 02:04:21,Withdrawal,4287.81,186682.75,Mobile App,Healthcare,,Completed,Withdrawal via Mobile App,0,Mesa,USD,0
5186,915,2024-05-26 12:00:44,Transfer Out,200.74,196775.76,Online,,544,Completed,Transfer Out via Mobile App,0,Springfield,USD,0
5187,737,2025-09-07 16:56:22,Deposit,2213.62,191986.2,POS,Dining,,Completed,Deposit via Branch,0,Sacramento,USD,1.5
5188,494,2026-01-15 11:58:31,Bill Payment,4207.69,195730.47,Mobile App,Utilities,,Completed,Bill Payment via Mobile App,0,Atlanta,USD,0
5189,930,2024-03-08 04:53:54,Interest Credit,859.06,252372.7,Mobile App,,,Completed,Interest Credit via Branch,1,Cambridge,USD,10
5190,546,2026-03-01 19:47:27,Withdrawal,6020.16,17287.57,Online,Retail,,Completed,Withdrawal via Online,0,San Francisco,USD,5
5191,309,2026-01-09 17:00:44,Fee,2358.87,138099.12,Online,,,Completed,Fee via ATM,0,Buffalo,USD,2.5
5192,400,2025-10-22 00:17:43,Bill Payment,3438.67,37117.26,ATM,Healthcare,,Completed,Bill Payment via POS,0,Aurora,USD,0
5193,479,2026-05-01 04:49:48,Deposit,7630.7,88157.18,Mobile App,Utilities,,Completed,Deposit via ATM,0,Seattle,USD,5
5194,937,2026-05-18 23:22:13,Deposit,4781.99,248785.52,ATM,Entertainment,,Completed,Deposit via ATM,0,Houston,USD,0
5195,1030,2025-12-30 15:02:53,Interest Credit,6712.19,173520.87,ATM,,,Completed,Interest Credit via Online,0,Tucson,USD,5
5196,753,2025-07-16 21:28:43,Transfer Out,4296.58,202809.03,Branch,,1136,Completed,Transfer Out via Mobile App,0,Los Angeles,USD,5
5197,1162,2024-08-05 07:00:03,Bill Payment,5657.44,202275.11,Mobile App,Entertainment,,Failed,Bill Payment via Branch,0,Rochester,USD,0
5198,978,2024-04-27 23:20:11,Withdrawal,970.06,50507.58,Mobile App,Entertainment,,Completed,Withdrawal via ATM,0,Rochester,USD,2.5
5199,743,2024-07-22 17:12:28,Deposit,2800.09,83986.71,ATM,Education,,Completed,Deposit via POS,0,Los Angeles,USD,0
5200,21,2026-03-20 21:42:15,Interest Credit,453.2,97155.85,Mobile App,,,Completed,Interest Credit via ATM,0,Dallas,USD,0
5201,918,2025-05-09 17:09:12,Bill Payment,4541.7,144972.4,Online,Entertainment,,Completed,Bill Payment via Branch,0,Cambridge,USD,0
5202,927,2024-06-01 00:01:37,Bill Payment,6687.5,234995.27,Mobile App,Utilities,,Completed,Bill Payment via POS,0,Miami,USD,1.5
5203,644,2025-09-26 07:07:10,Deposit,2982.94,191259.5,Mobile App,Education,,Completed,Deposit via Online,0,Naperville,USD,0
5204,965,2025-06-26 11:26:45,Withdrawal,1194.93,126835.35,POS,Fuel,,Completed,Withdrawal via ATM,0,New York City,USD,0
5205,563,2024-05-12 03:07:52,Withdrawal,4067.86,60858.53,ATM,Travel,,Completed,Withdrawal via ATM,0,Orlando,USD,5
5206,1053,2025-08-13 06:05:32,Bill Payment,1097.23,250930.7,Branch,Fuel,,Completed,Bill Payment via ATM,0,Naperville,USD,0
5207,841,2025-06-23 01:34:53,Deposit,3927.72,99680.58,Online,Healthcare,,Completed,Deposit via Branch,0,Tacoma,USD,0
5208,145,2025-10-05 03:19:28,Interest Credit,7477.17,165891.01,Online,,,Completed,Interest Credit via Online,0,Augusta,USD,0
5209,613,2026-04-11 03:46:57,Transfer In,1610.66,50220.07,Branch,,803,Completed,Transfer In via Mobile App,0,Aurora,USD,0
5210,218,2025-01-17 23:26:48,Fee,3779.27,20554.22,POS,,,Completed,Fee via POS,0,Chicago,USD,0
5211,811,2024-06-08 10:47:04,Withdrawal,219.46,49698.79,Online,Dining,,Completed,Withdrawal via ATM,0,San Diego,USD,10
5212,929,2026-02-23 07:58:47,Deposit,2021.68,19315.9,POS,Dining,,Completed,Deposit via Branch,0,Austin,USD,0
5213,907,2026-07-26 22:36:29,Deposit,1874.73,231518.72,Mobile App,Entertainment,,Completed,Deposit via POS,0,Buffalo,USD,0
5214,121,2024-05-15 03:52:29,Bill Payment,4376.75,113611.12,Online,Groceries,,Completed,Bill Payment via POS,1,Spokane,USD,0
5215,357,2026-06-25 18:33:53,Transfer In,5404.16,28855.46,Mobile App,,306,Completed,Transfer In via POS,0,Sacramento,USD,0
5216,1089,2024-11-24 20:20:24,Fee,2096.82,251142.5,Online,,,Completed,Fee via Online,0,Austin,USD,5
5217,244,2026-08-25 16:21:43,Withdrawal,5181.3,137440.74,ATM,Utilities,,Completed,Withdrawal via Online,1,Los Angeles,USD,10
5218,1095,2025-10-09 15:59:53,Bill Payment,552.4,180819.08,Mobile App,Utilities,,Completed,Bill Payment via Mobile App,0,San Francisco,USD,0
5219,617,2024-02-25 11:59:58,Interest Credit,3721.27,6935.49,ATM,,,Pending,Interest Credit via Mobile App,1,Worcester,USD,1.5
5220,769,2024-07-01 06:52:03,Deposit,5304.24,9329.91,Online,Healthcare,,Completed,Deposit via Branch,0,Jacksonville,USD,0
5221,654,2024-12-02 03:50:19,Transfer Out,113.21,130842.11,Branch,,805,Completed,Transfer Out via Mobile App,0,New York City,USD,2.5
5222,990,2024-08-19 15:55:04,Withdrawal,831.35,64185.64,Mobile App,Utilities,,Completed,Withdrawal via Branch,0,Tucson,USD,2.5
5223,829,2025-07-23 02:05:38,Transfer In,7244.58,189384.26,Mobile App,,232,Completed,Transfer In via Mobile App,0,Rochester,USD,10
5224,188,2025-04-28 12:14:50,Bill Payment,7974.76,88094.31,ATM,Utilities,,Completed,Bill Payment via Online,0,Austin,USD,0
5225,470,2025-03-01 18:32:58,Transfer Out,1618.95,29939.46,ATM,,1146,Completed,Transfer Out via Online,0,Miami,USD,0
5226,975,2025-08-30 09:56:04,Withdrawal,1042.19,111545.45,POS,Utilities,,Completed,Withdrawal via ATM,0,Mesa,USD,0
5227,407,2026-03-09 19:10:17,Withdrawal,5399.02,169261.16,Branch,Education,,Completed,Withdrawal via Mobile App,0,Sacramento,USD,5
5228,493,2025-09-13 03:22:17,Transfer Out,3060.27,32989.71,Online,,1117,Completed,Transfer Out via Branch,0,Dallas,USD,0
5229,139,2024-09-17 11:55:18,Deposit,2623.02,211087.54,Branch,Education,,Completed,Deposit via Branch,0,Rochester,USD,0
5230,241,2026-06-22 22:22:55,Interest Credit,762.43,141131.49,POS,,,Completed,Interest Credit via POS,0,Albany,USD,0
5231,532,2025-02-03 21:03:28,Withdrawal,7043.42,9480.88,Mobile App,Fuel,,Completed,Withdrawal via Online,0,Orlando,USD,0
5232,192,2026-07-02 13:01:50,Deposit,4716.86,169384.19,Mobile App,Healthcare,,Completed,Deposit via Online,0,Orlando,USD,0
5233,357,2025-07-21 05:57:30,Deposit,3734.78,212063.62,Branch,Utilities,,Completed,Deposit via POS,0,Springfield,USD,0
5234,1108,2026-09-01 19:28:30,Bill Payment,665.58,40092.32,Mobile App,Fuel,,Pending,Bill Payment via Mobile App,0,Savannah,USD,0
5235,90,2026-02-14 05:37:27,Transfer In,4106.45,81140.95,POS,,129,Completed,Transfer In via Branch,0,Mesa,USD,1.5
5236,147,2026-07-08 08:59:21,Withdrawal,7145.95,231056.31,Branch,Groceries,,Completed,Withdrawal via Online,0,Worcester,USD,0
5237,1001,2026-09-04 00:56:06,Transfer Out,313.38,124920.39,ATM,,1066,Completed,Transfer Out via Branch,0,Los Angeles,USD,0
5238,812,2024-02-03 21:17:44,Deposit,288.25,207480.77,ATM,Retail,,Completed,Deposit via POS,1,Albany,USD,5
5239,305,2026-09-12 18:17:07,Bill Payment,6321.31,26856.21,Mobile App,Retail,,Completed,Bill Payment via POS,0,Worcester,USD,1.5
5240,270,2025-01-04 06:45:23,Withdrawal,4246.63,80880.69,Online,Education,,Completed,Withdrawal via ATM,0,Seattle,USD,10
5241,767,2025-06-16 21:07:30,Withdrawal,1580.59,202605.3,Mobile App,Groceries,,Completed,Withdrawal via Online,0,San Francisco,USD,0
5242,366,2026-05-27 14:06:48,Withdrawal,4554.91,204347.17,Mobile App,Groceries,,Completed,Withdrawal via Online,0,Springfield,USD,0
5243,727,2024-03-26 00:06:47,Bill Payment,7279.79,34433.55,Mobile App,Dining,,Completed,Bill Payment via Online,0,San Diego,USD,0
5244,1111,2025-10-19 13:32:08,Transfer Out,7407.5,104677.95,Online,,795,Completed,Transfer Out via Branch,0,Dallas,USD,1.5
5245,120,2024-09-02 12:18:33,Deposit,5792.52,174950.11,ATM,Entertainment,,Completed,Deposit via POS,0,Boston,USD,0
5246,180,2026-07-22 08:55:57,Transfer In,2458.91,187473.87,Mobile App,,1008,Completed,Transfer In via Online,0,Naperville,USD,1.5
5247,1119,2025-03-23 16:08:46,Transfer Out,3195.04,147097.42,Online,,470,Completed,Transfer Out via Mobile App,0,Austin,USD,5
5248,668,2025-02-11 16:10:50,Bill Payment,3718.77,89249.78,Mobile App,Utilities,,Completed,Bill Payment via Mobile App,0,Tacoma,USD,1.5
5249,226,2024-04-10 07:16:21,Transfer Out,7951.37,114213.48,POS,,888,Completed,Transfer Out via ATM,0,Spokane,USD,5
5250,953,2025-06-09 03:21:26,Bill Payment,7114.68,166887.66,Online,Healthcare,,Completed,Bill Payment via ATM,0,Boston,USD,0
5251,279,2025-07-24 17:27:10,Transfer Out,6058.32,254814.51,Branch,,429,Failed,Transfer Out via Online,0,San Antonio,USD,0
5252,952,2026-09-03 05:08:44,Withdrawal,4100.26,98473.53,Online,Utilities,,Completed,Withdrawal via POS,0,San Francisco,USD,2.5
5253,876,2024-06-01 15:06:13,Bill Payment,60.15,145754.21,Mobile App,,,Completed,Bill Payment via ATM,0,Springfield,USD,5
5254,768,2026-02-01 22:51:20,Interest Credit,1656.82,163299.48,ATM,,,Completed,Interest Credit via ATM,0,Aurora,USD,10
5255,806,2026-07-02 12:30:33,Deposit,5593.14,254456.88,Online,Fuel,,Completed,Deposit via Branch,0,San Antonio,USD,0
5256,267,2025-10-02 16:06:46,Bill Payment,4360.65,6526.78,POS,Entertainment,,Completed,Bill Payment via Branch,0,Tacoma,USD,0
5257,87,2026-02-08 16:50:12,Bill Payment,7474.14,14853.76,ATM,Travel,,Completed,Bill Payment via POS,0,Albany,USD,2.5
5258,1073,2026-04-27 20:59:56,Withdrawal,1130.71,132241.8,Online,Groceries,,Completed,Withdrawal via ATM,0,Naperville,USD,5
5259,99,2024-01-07 17:08:18,Deposit,6006.84,122469.44,Online,Travel,,Completed,Deposit via Mobile App,1,Sacramento,USD,10
5260,305,2024-09-04 09:54:42,Fee,1947.94,169889.33,Online,,,Completed,Fee via Mobile App,0,Mesa,USD,1.5
5261,1139,2026-07-26 11:56:46,Interest Credit,5972.16,-1815.65,Online,,,Completed,Interest Credit via Branch,0,Austin,USD,0
5262,900,2025-05-04 18:30:15,Deposit,6255.18,96887.07,Online,Groceries,,Completed,Deposit via POS,0,Cambridge,USD,10
5263,301,2024-04-30 06:35:55,Transfer Out,6556.3,25396.91,POS,,630,Completed,Transfer Out via POS,0,Boston,USD,0
5264,539,2024-06-12 00:57:41,Deposit,4314.29,176685.48,ATM,Education,,Completed,Deposit via POS,0,Phoenix,USD,0
5265,608,2024-08-13 02:05:37,Deposit,4847.65,241204.49,Online,Entertainment,,Completed,Deposit via Mobile App,0,Boston,USD,5
5266,948,2024-03-13 09:32:25,Bill Payment,6454.15,33905.96,Online,,,Completed,Bill Payment via Online,0,Tacoma,USD,0
5267,540,2024-07-12 18:47:15,Transfer In,2891.0,58100.55,Branch,,1036,Pending,Transfer In via POS,1,Atlanta,USD,0
5268,325,2025-10-21 03:43:29,Deposit,4613.89,25756.24,Online,Travel,,Completed,Deposit via Branch,0,Boulder,USD,5
5269,755,2024-11-11 02:48:32,Withdrawal,1673.68,173184.09,Online,Travel,,Completed,Withdrawal via ATM,0,Denver,USD,1.5
5270,356,2025-02-07 21:28:29,Withdrawal,663.72,161486.66,Mobile App,Retail,,Completed,Withdrawal via Mobile App,0,Mesa,USD,0
5271,926,2024-01-13 16:58:27,Bill Payment,6932.99,76656.83,Mobile App,Dining,,Completed,Bill Payment via Mobile App,0,Aurora,USD,5
5272,222,2025-05-10 04:59:51,Interest Credit,1976.0,259238.19,Mobile App,,,Completed,Interest Credit via Online,1,Chicago,USD,2.5
5273,88,2025-05-09 21:01:56,Interest Credit,2380.2,224150.95,Online,,,Completed,Interest Credit via ATM,0,Cambridge,USD,0
5274,397,2025-10-03 01:53:33,Deposit,3991.6,134063.64,Branch,,,Completed,Deposit via Online,0,Austin,USD,2.5
5275,878,2024-03-14 03:04:22,Withdrawal,4088.3,155778.3,Mobile App,Fuel,,Completed,Withdrawal via ATM,0,Chicago,USD,5
5276,509,2026-09-15 14:21:23,Transfer Out,2120.56,254746.36,Online,,410,Completed,Transfer Out via Mobile App,0,Miami,USD,0
5277,180,2024-12-14 21:54:11,Withdrawal,901.57,236638.33,Online,Dining,,Completed,Withdrawal via ATM,0,Aurora,USD,0
5278,166,2024-08-13 07:18:05,Transfer In,3531.18,69615.09,Mobile App,,860,Completed,Transfer In via ATM,0,Tacoma,USD,10
5279,612,2024-03-26 23:43:41,Fee,6.25,6649.9,ATM,,,Completed,Fee via ATM,1,Houston,USD,0
5280,857,2025-07-28 10:44:27,Interest Credit,5514.01,46491.37,POS,,,Completed,Interest Credit via POS,0,Augusta,USD,10
5281,10,2025-10-23 21:56:46,Bill Payment,4854.7,12187.59,Branch,,,Completed,Bill Payment via Mobile App,0,Worcester,USD,0
5282,575,2026-08-22 01:35:18,Withdrawal,2472.94,164305.13,Branch,Groceries,,Completed,Withdrawal via Mobile App,0,Naperville,USD,0
5283,720,2024-05-26 07:40:07,Fee,1135.23,2020.47,ATM,,,Completed,Fee via Online,0,San Francisco,USD,10
5284,847,2024-11-28 20:36:47,Fee,7614.48,226518.63,Branch,,,Completed,Fee via Online,0,San Antonio,USD,0
5285,963,2025-09-12 18:28:23,Deposit,6272.58,218462.98,Online,Fuel,,Completed,Deposit via Mobile App,0,Cambridge,USD,0
5286,240,2026-04-14 03:40:58,Withdrawal,2608.15,132820.91,Mobile App,,,Completed,Withdrawal via Online,0,Austin,USD,5
5287,1173,2025-08-19 10:11:59,Bill Payment,3373.02,127375.77,Branch,Utilities,,Completed,Bill Payment via Branch,0,Boston,USD,0
5288,529,2024-03-11 20:10:35,Bill Payment,7529.66,170567.2,Mobile App,Healthcare,,Completed,Bill Payment via Online,0,Los Angeles,USD,0
5289,578,2024-07-16 21:06:20,Bill Payment,6883.82,254358.52,Online,Fuel,,Completed,Bill Payment via POS,1,Dallas,USD,0
5290,1080,2025-04-28 07:27:23,Transfer Out,5597.13,29353.21,Mobile App,,469,Completed,Transfer Out via POS,0,Phoenix,USD,0
5291,186,2024-07-28 13:08:03,Transfer In,782.76,171089.79,Online,,177,Completed,Transfer In via Online,0,Seattle,USD,0
5292,712,2024-02-10 05:37:10,Bill Payment,2602.61,226387.81,Branch,Dining,,Completed,Bill Payment via Online,0,Augusta,USD,2.5
5293,1199,2024-10-24 16:09:45,Transfer Out,2595.67,249408.6,ATM,,575,Pending,Transfer Out via POS,0,Buffalo,USD,0
5294,237,2024-07-02 11:32:20,Bill Payment,6377.88,200546.69,Online,,,Completed,Bill Payment via Branch,1,Boulder,USD,0
5295,981,2024-10-20 08:02:55,Interest Credit,1098.1,213401.4,ATM,,,Completed,Interest Credit via POS,0,Tacoma,USD,0
5296,619,2026-09-21 07:31:58,Bill Payment,7873.85,44729.71,Online,Groceries,,Completed,Bill Payment via Mobile App,0,Tampa,USD,2.5
5297,604,2024-10-01 12:16:37,Withdrawal,4954.37,1189.68,Branch,Fuel,,Completed,Withdrawal via Online,0,Albany,USD,0
5298,494,2025-03-23 15:45:51,Bill Payment,2175.7,29634.67,ATM,,,Completed,Bill Payment via POS,0,Denver,USD,1.5
5299,436,2025-07-02 20:24:24,Interest Credit,1157.94,128243.64,ATM,,,Completed,Interest Credit via Online,0,Aurora,USD,10
5300,771,2024-01-01 02:02:46,Transfer Out,356.74,143240.73,ATM,,1178,Completed,Transfer Out via ATM,0,Dallas,USD,1.5
5301,895,2024-09-27 09:24:06,Transfer Out,1267.84,51278.49,Online,,449,Completed,Transfer Out via Branch,0,Boulder,USD,10
5302,348,2025-03-06 09:20:44,Withdrawal,6297.16,37305.05,Branch,Retail,,Completed,Withdrawal via Online,0,Houston,USD,0
5303,529,2025-03-19 01:02:46,Fee,3898.93,136362.33,Online,,,Completed,Fee via Mobile App,1,Aurora,USD,0
5304,752,2026-08-14 20:26:06,Deposit,3670.41,23257.2,Branch,Healthcare,,Completed,Deposit via ATM,1,Phoenix,USD,0
5305,39,2025-02-19 03:37:12,Bill Payment,198.28,-1698.27,ATM,Travel,,Completed,Bill Payment via Branch,0,Mesa,USD,2.5
5306,201,2024-05-08 09:55:22,Transfer In,1386.36,56127.68,Branch,,805,Completed,Transfer In via POS,0,Boulder,USD,0
5307,869,2024-08-13 01:00:00,Fee,7889.72,186027.16,ATM,,,Completed,Fee via POS,0,Savannah,USD,2.5
5308,1115,2026-09-11 11:19:56,Deposit,4035.18,195084.04,Online,Entertainment,,Completed,Deposit via Branch,0,Mesa,USD,0
5309,171,2026-07-10 03:48:55,Transfer Out,938.01,144102.52,Mobile App,,1053,Completed,Transfer Out via Mobile App,0,Jacksonville,USD,5
5310,5,2026-06-02 02:02:47,Transfer In,3042.64,256340.51,Mobile App,,1104,Completed,Transfer In via Online,0,Naperville,USD,0
5311,179,2025-11-21 10:40:10,Transfer In,1585.64,32044.0,Online,,275,Completed,Transfer In via POS,0,Albany,USD,10
5312,583,2025-04-14 11:53:01,Withdrawal,6699.41,98762.1,Branch,Healthcare,,Completed,Withdrawal via Branch,0,Denver,USD,1.5
5313,504,2024-11-16 17:02:29,Fee,6128.94,33855.11,POS,,,Failed,Fee via Online,0,Naperville,USD,0
5314,1195,2026-02-14 20:05:49,Bill Payment,2827.31,163226.23,Mobile App,Education,,Failed,Bill Payment via Online,0,Miami,USD,10
5315,478,2025-08-30 02:01:15,Withdrawal,4866.72,236615.58,Online,Retail,,Completed,Withdrawal via Branch,0,Mesa,USD,2.5
5316,172,2026-02-23 20:30:49,Withdrawal,2047.34,240981.2,Mobile App,Education,,Completed,Withdrawal via Branch,1,Boulder,USD,10
5317,66,2025-09-20 14:45:52,Deposit,547.18,110471.25,Mobile App,Travel,,Completed,Deposit via POS,0,Albany,USD,0
5318,318,2026-09-02 12:03:04,Interest Credit,4694.79,130276.75,Online,,,Completed,Interest Credit via Online,0,Albany,USD,0
5319,957,2025-11-17 16:26:27,Transfer In,5496.54,250813.47,Mobile App,,6,Completed,Transfer In via Mobile App,0,Phoenix,USD,5
5320,596,2026-05-01 15:00:38,Withdrawal,5356.97,237210.32,ATM,Groceries,,Completed,Withdrawal via Branch,1,Savannah,USD,0
5321,481,2026-08-31 00:55:05,Fee,708.78,141360.18,Online,,,Completed,Fee via ATM,0,Cambridge,USD,0
5322,712,2024-03-30 15:34:13,Withdrawal,1600.17,227950.78,Mobile App,Utilities,,Completed,Withdrawal via Branch,0,Phoenix,USD,1.5
5323,1051,2025-11-24 16:28:22,Interest Credit,7130.05,71569.8,Online,,,Completed,Interest Credit via Mobile App,0,Tacoma,USD,0
5324,744,2026-08-17 02:11:52,Transfer In,5256.57,67890.01,Branch,,1165,Completed,Transfer In via POS,0,Spokane,USD,0
5325,1098,2024-06-15 03:01:07,Withdrawal,6007.91,18787.53,Branch,Utilities,,Completed,Withdrawal via Online,0,Savannah,USD,0
5326,607,2025-06-21 03:16:31,Transfer In,7654.08,54480.07,Mobile App,,760,Completed,Transfer In via Branch,1,Boulder,USD,0
5327,468,2024-12-12 10:03:26,Bill Payment,3373.01,147239.5,Online,Dining,,Completed,Bill Payment via Online,0,San Francisco,USD,2.5
5328,935,2024-09-24 10:45:56,Transfer Out,5534.77,115805.33,Mobile App,,1136,Completed,Transfer Out via Online,0,Dallas,USD,10
5329,809,2025-01-17 18:13:50,Fee,685.67,177295.91,Online,,,Completed,Fee via Branch,1,Albany,USD,5
5330,870,2026-08-27 15:46:33,Fee,5756.97,166845.43,Mobile App,,,Completed,Fee via Online,1,Houston,USD,2.5
5331,952,2024-02-06 23:10:04,Transfer Out,858.85,39458.14,Branch,,908,Completed,Transfer Out via POS,0,Jacksonville,USD,2.5
5332,707,2026-03-23 07:33:50,Deposit,2761.68,201570.92,Mobile App,Groceries,,Completed,Deposit via Online,0,Phoenix,USD,0
5333,101,2025-07-11 05:27:53,Transfer In,4329.16,66103.8,Mobile App,,14,Completed,Transfer In via Branch,0,New York City,USD,10
5334,569,2024-12-19 07:25:58,Transfer In,332.95,21342.14,Online,,250,Completed,Transfer In via Mobile App,0,San Antonio,USD,0
5335,54,2024-01-02 10:51:54,Bill Payment,7340.31,140701.64,Branch,Entertainment,,Completed,Bill Payment via Branch,0,Tampa,USD,0
5336,304,2024-12-11 14:58:41,Withdrawal,836.71,126669.33,Online,Entertainment,,Pending,Withdrawal via Online,0,Cambridge,USD,0
5337,680,2026-01-10 12:05:14,Transfer Out,222.9,81854.6,Mobile App,,614,Completed,Transfer Out via ATM,0,Miami,USD,0
5338,561,2025-12-28 11:05:09,Deposit,7370.87,47756.3,Mobile App,Utilities,,Completed,Deposit via ATM,0,Miami,USD,0
5339,6,2026-03-17 03:28:46,Bill Payment,5717.66,257442.79,Branch,Utilities,,Completed,Bill Payment via POS,0,San Antonio,USD,10
5340,978,2024-11-16 07:39:23,Transfer In,6905.49,98127.4,Branch,,879,Completed,Transfer In via ATM,0,Rochester,USD,2.5
5341,1155,2026-04-13 11:56:22,Withdrawal,7672.88,68589.22,Online,Healthcare,,Completed,Withdrawal via POS,0,San Francisco,USD,0
5342,1014,2024-09-17 01:13:16,Deposit,4605.93,25968.77,Mobile App,Retail,,Completed,Deposit via POS,0,Denver,USD,2.5
5343,36,2025-12-17 21:02:18,Deposit,4431.61,195497.82,ATM,Utilities,,Pending,Deposit via Mobile App,0,Jacksonville,USD,5
5344,567,2025-09-09 21:59:23,Bill Payment,2822.92,102270.66,Mobile App,Fuel,,Completed,Bill Payment via Online,1,Denver,USD,0
5345,389,2025-10-29 17:43:46,Bill Payment,3994.04,79352.21,ATM,Healthcare,,Completed,Bill Payment via Mobile App,0,Sacramento,USD,0
5346,654,2024-09-05 09:05:11,Deposit,6542.09,126430.3,Online,Groceries,,Completed,Deposit via POS,0,Boulder,USD,0
5347,1169,2025-10-27 01:44:36,Transfer In,4418.01,115253.19,ATM,,545,Failed,Transfer In via Mobile App,0,Spokane,USD,0
5348,581,2026-07-08 23:33:51,Withdrawal,2824.38,44851.45,ATM,Travel,,Completed,Withdrawal via POS,1,San Antonio,USD,1.5
5349,326,2024-02-16 19:08:00,Transfer In,1030.28,130413.19,ATM,,673,Completed,Transfer In via Mobile App,0,Tacoma,USD,0
5350,988,2025-05-05 21:54:55,Interest Credit,3672.96,46336.01,Branch,,,Completed,Interest Credit via POS,0,Springfield,USD,0
5351,546,2025-04-16 20:22:58,Deposit,6994.35,73890.03,Online,Groceries,,Completed,Deposit via Mobile App,0,Denver,USD,0
5352,1077,2024-02-20 11:27:15,Bill Payment,7897.46,68228.79,Online,Dining,,Completed,Bill Payment via Branch,1,Orlando,USD,0
5353,64,2024-01-12 06:50:49,Bill Payment,1465.71,58593.33,Branch,Travel,,Completed,Bill Payment via POS,0,Spokane,USD,10
5354,51,2024-09-02 08:07:08,Bill Payment,5706.92,175540.78,ATM,Retail,,Completed,Bill Payment via Online,0,Houston,USD,2.5
5355,927,2026-04-07 05:12:16,Transfer In,5788.53,84141.13,Mobile App,,984,Completed,Transfer In via Mobile App,0,Augusta,USD,0
5356,452,2024-01-13 13:49:48,Withdrawal,6501.05,227073.21,Branch,Education,,Completed,Withdrawal via POS,0,Boulder,USD,0
5357,426,2024-11-06 20:37:33,Transfer In,595.84,113625.41,Online,,689,Failed,Transfer In via Branch,0,Miami,USD,0
5358,754,2026-06-10 00:04:08,Withdrawal,2015.65,142949.71,Online,Healthcare,,Completed,Withdrawal via Mobile App,0,Aurora,USD,0
5359,1119,2024-04-26 23:53:05,Transfer In,7241.91,191049.31,Mobile App,,1099,Completed,Transfer In via ATM,1,Jacksonville,USD,0
5360,266,2024-10-02 17:43:56,Fee,698.06,183063.06,Branch,,,Completed,Fee via Branch,1,Los Angeles,USD,0
5361,841,2024-01-19 08:07:03,Fee,6836.34,96902.85,ATM,,,Completed,Fee via POS,0,Tampa,USD,0
5362,132,2026-01-29 14:48:48,Fee,4749.57,214023.62,ATM,,,Completed,Fee via ATM,0,Houston,USD,0
5363,512,2025-08-25 23:57:56,Transfer In,1384.71,177867.74,Mobile App,,1125,Completed,Transfer In via ATM,0,Worcester,USD,10
5364,222,2026-02-25 21:14:39,Transfer Out,2790.1,169142.38,Mobile App,,887,Completed,Transfer Out via Mobile App,0,Worcester,USD,0
5365,419,2025-06-28 20:09:21,Deposit,5405.47,145502.33,Mobile App,Travel,,Completed,Deposit via Mobile App,0,Rochester,USD,0
5366,1183,2024-06-26 20:30:41,Deposit,3655.17,15619.99,ATM,Entertainment,,Completed,Deposit via POS,1,Houston,USD,10
5367,707,2026-03-13 15:55:14,Bill Payment,3026.95,194981.42,Branch,Travel,,Completed,Bill Payment via Branch,0,Los Angeles,USD,1.5
5368,1012,2024-01-25 02:02:56,Bill Payment,5503.4,3784.29,Online,Travel,,Completed,Bill Payment via ATM,0,Springfield,USD,0
5369,570,2024-07-27 14:06:51,Deposit,4380.27,165880.57,Branch,Travel,,Completed,Deposit via Branch,0,Houston,USD,0
5370,224,2025-01-16 20:29:21,Withdrawal,3872.79,192307.83,ATM,Entertainment,,Completed,Withdrawal via Branch,0,Savannah,USD,0
5371,53,2026-02-06 09:46:52,Bill Payment,2889.31,119504.95,Branch,Utilities,,Completed,Bill Payment via POS,0,New York City,USD,0
5372,40,2026-02-04 15:29:58,Interest Credit,4293.47,107981.32,Branch,,,Pending,Interest Credit via Branch,0,Springfield,USD,0
5373,763,2026-01-06 22:31:51,Deposit,2865.66,198675.45,ATM,Education,,Completed,Deposit via ATM,0,San Diego,USD,0
5374,808,2024-02-09 19:49:06,Bill Payment,3207.06,93058.18,Online,Utilities,,Completed,Bill Payment via Branch,0,Naperville,USD,0
5375,882,2025-05-27 17:08:12,Withdrawal,3352.34,160893.25,Mobile App,Fuel,,Completed,Withdrawal via Mobile App,0,Los Angeles,USD,0
5376,493,2026-07-02 12:11:20,Withdrawal,2133.88,201714.82,ATM,Education,,Pending,Withdrawal via ATM,0,New York City,USD,10
5377,832,2025-06-26 21:36:16,Withdrawal,4996.76,6800.06,ATM,Retail,,Completed,Withdrawal via Online,0,Boulder,USD,2.5
5378,837,2025-02-02 12:59:46,Transfer Out,6261.44,215274.74,Mobile App,,414,Completed,Transfer Out via Mobile App,0,New York City,USD,0
5379,252,2026-08-04 14:56:33,Transfer Out,7904.07,179275.32,Mobile App,,689,Completed,Transfer Out via Online,0,Jacksonville,USD,10
5380,143,2025-09-19 02:02:54,Deposit,3314.41,112299.53,Online,Groceries,,Failed,Deposit via Mobile App,0,Tucson,USD,0
5381,812,2025-11-22 23:40:26,Deposit,4042.39,225896.58,Mobile App,Fuel,,Failed,Deposit via ATM,0,Houston,USD,5
5382,788,2024-01-21 23:59:31,Bill Payment,7856.64,67948.27,ATM,Travel,,Completed,Bill Payment via Online,0,Albany,USD,1.5
5383,263,2025-03-19 22:14:01,Interest Credit,6485.62,32509.73,Mobile App,,,Completed,Interest Credit via POS,0,Rochester,USD,10
5384,243,2025-06-23 09:41:39,Bill Payment,7452.1,48339.53,Mobile App,Utilities,,Completed,Bill Payment via Mobile App,0,Worcester,USD,10
5385,231,2024-05-31 05:58:04,Withdrawal,1776.89,242238.75,Online,Entertainment,,Completed,Withdrawal via Mobile App,0,Tucson,USD,2.5
5386,23,2024-11-17 01:15:40,Fee,4106.1,253168.59,Mobile App,,,Failed,Fee via ATM,0,Savannah,USD,0
5387,1082,2025-08-29 20:44:38,Transfer Out,1372.94,224795.69,Online,,228,Completed,Transfer Out via Online,0,Jacksonville,USD,1.5
5388,597,2024-12-03 06:29:09,Deposit,6955.16,249236.03,ATM,Utilities,,Completed,Deposit via Branch,0,Houston,USD,5
5389,51,2026-08-26 21:13:39,Transfer Out,4590.31,36977.7,Online,,286,Failed,Transfer Out via Branch,0,Denver,USD,0
5390,858,2025-01-16 08:56:03,Withdrawal,1192.39,237660.48,Branch,Travel,,Completed,Withdrawal via ATM,0,Orlando,USD,0
5391,1112,2025-11-21 15:57:43,Bill Payment,1308.32,68120.61,ATM,Dining,,Completed,Bill Payment via Branch,0,Mesa,USD,1.5
5392,1082,2025-12-08 21:00:33,Transfer In,178.19,207626.69,Online,,551,Completed,Transfer In via Branch,0,Cambridge,USD,0
5393,348,2024-07-25 05:35:57,Transfer Out,6916.12,119464.04,Online,,359,Completed,Transfer Out via ATM,0,Springfield,USD,2.5
5394,96,2024-07-22 07:35:22,Bill Payment,4466.13,217338.34,Mobile App,Groceries,,Completed,Bill Payment via Mobile App,0,New York City,USD,10
5395,1129,2024-08-24 06:09:24,Deposit,5443.95,40239.41,Mobile App,Fuel,,Completed,Deposit via POS,0,Denver,USD,1.5
5396,648,2025-12-20 09:23:27,Withdrawal,2136.05,193693.29,Online,Utilities,,Completed,Withdrawal via POS,0,Atlanta,USD,5
5397,600,2024-05-11 21:17:03,Deposit,5187.76,204878.63,Branch,Retail,,Completed,Deposit via Branch,0,Chicago,USD,0
5398,1090,2024-02-25 09:11:12,Fee,1419.13,115700.93,ATM,,,Completed,Fee via Online,1,Seattle,USD,2.5
5399,925,2024-07-08 11:50:57,Withdrawal,5373.24,69384.77,Branch,Healthcare,,Completed,Withdrawal via Branch,0,Houston,USD,5
5400,376,2026-09-10 11:35:07,Bill Payment,1461.58,244550.51,Mobile App,Groceries,,Completed,Bill Payment via ATM,0,Tucson,USD,0
5401,394,2024-10-26 09:08:46,Interest Credit,5090.5,159160.69,Branch,,,Completed,Interest Credit via Online,0,Buffalo,USD,1.5
5402,299,2026-04-28 07:18:02,Bill Payment,479.55,106354.47,Online,Dining,,Completed,Bill Payment via POS,0,Los Angeles,USD,10
5403,776,2025-05-17 03:09:02,Bill Payment,1992.9,199807.98,Mobile App,Education,,Completed,Bill Payment via POS,0,San Diego,USD,0
5404,351,2025-05-21 05:08:37,Bill Payment,75.16,227964.58,Mobile App,Dining,,Completed,Bill Payment via POS,1,Worcester,USD,2.5
5405,211,2024-02-23 07:33:29,Deposit,5905.2,219132.71,Online,Groceries,,Completed,Deposit via Mobile App,0,San Francisco,USD,0
5406,1064,2026-02-06 02:01:55,Fee,7868.54,13363.52,ATM,,,Completed,Fee via POS,0,Austin,USD,0
5407,126,2025-03-07 03:19:30,Transfer Out,409.14,212479.46,Mobile App,,356,Completed,Transfer Out via ATM,0,Aurora,USD,10
5408,1048,2024-02-12 11:40:20,Deposit,920.79,25536.62,Online,Entertainment,,Completed,Deposit via Mobile App,0,Sacramento,USD,0
5409,807,2025-12-19 09:28:12,Deposit,2254.54,153789.1,Mobile App,Dining,,Completed,Deposit via Online,0,Boulder,USD,10
5410,102,2025-08-26 21:48:46,Transfer Out,7608.93,81138.56,Branch,,183,Pending,Transfer Out via Branch,1,Sacramento,USD,2.5
5411,1125,2025-04-27 00:02:52,Bill Payment,7566.45,57418.68,ATM,Education,,Completed,Bill Payment via POS,0,Tacoma,USD,1.5
5412,522,2026-08-24 21:12:23,Bill Payment,3244.56,67584.34,ATM,Dining,,Completed,Bill Payment via Mobile App,0,Seattle,USD,10
5413,372,2025-08-18 09:18:17,Transfer Out,4087.81,46140.1,ATM,,315,Completed,Transfer Out via ATM,0,Naperville,USD,0
5414,201,2024-02-10 22:39:40,Interest Credit,7705.61,111678.98,ATM,,,Completed,Interest Credit via ATM,0,Tucson,USD,0
5415,522,2025-11-09 03:21:25,Bill Payment,93.05,26634.98,POS,Entertainment,,Completed,Bill Payment via Branch,1,San Diego,USD,0
5416,760,2024-04-27 05:59:16,Withdrawal,1403.96,200927.32,Online,Travel,,Completed,Withdrawal via ATM,1,San Antonio,USD,0
5417,513,2025-11-28 21:25:49,Interest Credit,5482.51,165400.17,ATM,,,Completed,Interest Credit via Online,0,Jacksonville,USD,0
5418,668,2024-04-02 11:18:23,Withdrawal,4642.3,147152.9,Mobile App,,,Completed,Withdrawal via Online,0,Buffalo,USD,10
5419,793,2026-04-17 10:01:11,Transfer Out,5188.83,134716.71,ATM,,204,Completed,Transfer Out via POS,0,San Antonio,USD,0
5420,807,2026-03-31 16:19:19,Deposit,1875.36,171838.3,Online,Entertainment,,Completed,Deposit via Branch,0,Spokane,USD,0
5421,312,2025-09-19 22:38:01,Transfer Out,7017.43,188017.37,Mobile App,,546,Completed,Transfer Out via Online,0,Augusta,USD,0
5422,287,2026-09-04 02:57:40,Deposit,1461.21,578.26,Mobile App,Groceries,,Completed,Deposit via Branch,0,Worcester,USD,0
5423,88,2026-05-13 22:06:50,Transfer Out,6230.06,75849.5,Online,,613,Failed,Transfer Out via Mobile App,1,Boulder,USD,5
5424,323,2024-03-19 16:52:23,Transfer Out,3989.08,55171.59,ATM,,597,Completed,Transfer Out via POS,0,Aurora,USD,2.5
5425,319,2024-07-18 07:01:35,Withdrawal,6375.98,13316.84,Online,Education,,Completed,Withdrawal via Branch,0,Atlanta,USD,2.5
5426,1141,2026-05-04 10:43:01,Deposit,1982.9,203554.68,Branch,Utilities,,Completed,Deposit via Branch,0,Miami,USD,0
5427,435,2024-05-24 23:15:14,Withdrawal,1042.36,187487.32,Branch,Entertainment,,Completed,Withdrawal via Online,0,Springfield,USD,0
5428,131,2025-01-24 00:25:57,Transfer Out,1487.37,31772.5,Mobile App,,841,Failed,Transfer Out via Branch,0,Savannah,USD,10
5429,371,2024-04-10 01:25:36,Transfer In,2942.68,82782.74,Online,,382,Completed,Transfer In via Mobile App,0,San Antonio,USD,1.5
5430,822,2024-11-30 14:45:52,Fee,827.08,109016.3,Online,,,Completed,Fee via Mobile App,0,Tacoma,USD,0
5431,727,2024-10-02 03:01:00,Withdrawal,6728.43,28846.7,POS,Retail,,Completed,Withdrawal via Online,0,Aurora,USD,2.5
5432,669,2024-12-03 19:49:56,Deposit,396.73,238800.06,Mobile App,Education,,Completed,Deposit via Mobile App,0,Atlanta,USD,1.5
5433,980,2024-02-16 22:50:18,Deposit,7818.17,138741.68,POS,Fuel,,Completed,Deposit via Mobile App,0,San Antonio,USD,0
5434,1200,2024-06-11 16:24:01,Withdrawal,1073.72,18189.05,ATM,Fuel,,Completed,Withdrawal via Mobile App,1,Los Angeles,USD,5
5435,430,2025-02-02 13:00:30,Deposit,5624.8,160288.24,Online,Fuel,,Completed,Deposit via POS,0,Tacoma,USD,5
5436,126,2024-07-05 02:20:48,Withdrawal,5080.9,247680.0,Online,Healthcare,,Completed,Withdrawal via POS,0,Tacoma,USD,0
5437,546,2024-04-29 01:35:25,Deposit,5537.94,157243.85,ATM,Groceries,,Completed,Deposit via ATM,0,Boston,USD,1.5
5438,572,2025-08-15 19:28:42,Bill Payment,6111.13,41004.96,ATM,Retail,,Completed,Bill Payment via Branch,0,Seattle,USD,2.5
5439,350,2025-02-06 11:18:42,Fee,350.34,195471.57,Branch,,,Completed,Fee via POS,0,Boulder,USD,0
5440,137,2024-10-21 16:16:26,Deposit,4740.88,178520.64,Online,Travel,,Completed,Deposit via Online,0,Chicago,USD,1.5
5441,135,2025-03-29 21:53:33,Bill Payment,7414.2,226519.18,Mobile App,Utilities,,Completed,Bill Payment via ATM,0,Buffalo,USD,0
5442,1024,2025-11-13 09:02:25,Transfer Out,4675.2,235166.62,Online,,259,Completed,Transfer Out via Branch,0,Orlando,USD,0
5443,327,2026-09-12 19:30:37,Transfer Out,911.3,33745.82,Online,,634,Completed,Transfer Out via POS,0,Dallas,USD,0
5444,292,2024-05-26 10:43:04,Deposit,2686.64,226944.07,Mobile App,Fuel,,Completed,Deposit via Online,0,Buffalo,USD,0
5445,813,2024-11-08 21:53:48,Deposit,1141.31,126367.07,POS,Retail,,Completed,Deposit via Branch,0,Phoenix,USD,0
5446,337,2025-08-22 10:02:34,Withdrawal,1497.7,258119.68,POS,,,Completed,Withdrawal via Online,0,Miami,USD,1.5
5447,470,2025-04-14 10:37:52,Fee,5730.6,165808.57,Online,,,Completed,Fee via ATM,0,Sacramento,USD,0
5448,57,2024-01-07 23:54:49,Withdrawal,3278.4,178000.86,ATM,Retail,,Completed,Withdrawal via POS,0,Boulder,USD,10
5449,656,2025-04-21 10:51:13,Bill Payment,3324.39,98727.51,ATM,Fuel,,Completed,Bill Payment via POS,0,Miami,USD,1.5
5450,554,2024-09-29 02:11:49,Withdrawal,172.72,122371.72,Branch,Entertainment,,Completed,Withdrawal via ATM,0,Miami,USD,2.5
5451,584,2025-12-10 17:53:56,Bill Payment,2329.32,196302.37,POS,Utilities,,Completed,Bill Payment via ATM,0,Aurora,USD,1.5
5452,302,2024-10-22 16:09:37,Withdrawal,6755.82,166147.0,POS,Retail,,Completed,Withdrawal via Branch,0,New York City,USD,5
5453,1092,2025-12-25 22:57:37,Transfer In,2942.83,120582.19,ATM,,395,Completed,Transfer In via POS,0,Savannah,USD,2.5
5454,23,2026-08-14 15:54:27,Fee,2258.3,133559.02,ATM,,,Completed,Fee via Online,0,Springfield,USD,0
5455,118,2024-02-26 14:12:06,Fee,2260.53,153830.48,POS,,,Completed,Fee via Branch,0,Mesa,USD,5
5456,1029,2025-06-14 18:12:52,Deposit,1164.62,129299.97,Mobile App,Education,,Completed,Deposit via ATM,0,Houston,USD,0
5457,301,2026-06-08 22:17:51,Transfer In,4978.17,21148.23,Mobile App,,724,Completed,Transfer In via Mobile App,0,Seattle,USD,1.5
5458,292,2026-02-10 00:43:49,Deposit,1391.18,212751.09,ATM,Groceries,,Completed,Deposit via Mobile App,0,Dallas,USD,0
5459,1147,2026-07-05 16:43:24,Transfer In,5749.81,255216.55,Mobile App,,448,Completed,Transfer In via POS,0,Houston,USD,0
5460,896,2026-06-12 14:37:15,Bill Payment,6554.31,212268.2,Branch,Entertainment,,Completed,Bill Payment via Branch,0,Rochester,USD,2.5
5461,538,2024-03-20 18:26:30,Bill Payment,6550.85,45571.89,ATM,Education,,Completed,Bill Payment via POS,0,Spokane,USD,10
5462,808,2026-01-19 05:07:34,Transfer Out,1360.3,38962.76,Mobile App,,873,Completed,Transfer Out via Online,0,San Francisco,USD,10
5463,320,2024-10-15 16:43:32,Deposit,6927.79,242706.1,Mobile App,,,Completed,Deposit via POS,0,Sacramento,USD,2.5
5464,463,2026-01-14 09:44:42,Deposit,2147.64,199629.63,ATM,Travel,,Completed,Deposit via Mobile App,0,Sacramento,USD,5
5465,507,2026-04-01 05:29:04,Interest Credit,6357.57,219041.78,Online,,,Pending,Interest Credit via Mobile App,1,San Diego,USD,10
5466,588,2025-07-25 03:36:30,Deposit,7036.92,146961.58,Online,Travel,,Completed,Deposit via ATM,0,Los Angeles,USD,0
5467,431,2025-12-28 17:40:14,Interest Credit,4168.66,179403.57,Mobile App,,,Completed,Interest Credit via POS,0,Houston,USD,1.5
5468,786,2025-07-29 10:13:20,Transfer Out,6922.41,249823.95,Mobile App,,771,Completed,Transfer Out via ATM,0,Sacramento,USD,0
5469,1194,2025-02-24 09:10:13,Deposit,5598.65,59384.91,ATM,Fuel,,Completed,Deposit via POS,1,Atlanta,USD,0
5470,558,2026-03-02 02:05:01,Bill Payment,516.96,179235.3,Branch,Fuel,,Completed,Bill Payment via Mobile App,0,Austin,USD,10
5471,997,2026-03-13 07:10:06,Withdrawal,2930.91,124952.72,Mobile App,Groceries,,Completed,Withdrawal via Mobile App,0,Cambridge,USD,0
5472,604,2026-09-22 19:21:27,Bill Payment,3972.78,11973.24,Mobile App,,,Completed,Bill Payment via Branch,0,Savannah,USD,10
5473,1108,2024-05-12 00:08:36,Transfer In,577.29,63488.38,ATM,,186,Completed,Transfer In via Mobile App,0,Spokane,USD,1.5
5474,798,2025-02-10 15:07:36,Withdrawal,3122.65,247036.86,Online,Entertainment,,Completed,Withdrawal via POS,0,Boulder,USD,0
5475,802,2024-09-04 16:49:07,Transfer Out,4200.09,172719.49,Mobile App,,463,Failed,Transfer Out via POS,0,Springfield,USD,0
5476,61,2025-12-02 17:12:08,Withdrawal,2327.07,5260.63,ATM,Travel,,Completed,Withdrawal via Branch,0,Worcester,USD,5
5477,715,2025-07-29 01:34:26,Deposit,7114.23,200577.06,Mobile App,,,Completed,Deposit via Branch,0,Chicago,USD,0
5478,286,2026-07-10 00:04:52,Transfer Out,6624.68,130599.09,Mobile App,,888,Completed,Transfer Out via Branch,0,Augusta,USD,0
5479,251,2024-12-28 13:48:41,Deposit,1805.12,86265.13,Online,Education,,Completed,Deposit via POS,0,Tacoma,USD,2.5
5480,206,2026-09-01 06:29:39,Withdrawal,1390.28,136638.69,ATM,,,Completed,Withdrawal via Branch,0,San Francisco,USD,0
5481,947,2024-05-17 14:12:42,Deposit,3188.05,110670.35,ATM,Fuel,,Completed,Deposit via ATM,0,Houston,USD,2.5
5482,808,2025-01-18 14:21:56,Transfer Out,1094.87,207082.92,ATM,,123,Completed,Transfer Out via POS,0,Naperville,USD,1.5
5483,114,2026-01-08 09:12:06,Bill Payment,6035.52,159953.65,Online,Education,,Completed,Bill Payment via Mobile App,0,Tampa,USD,5
5484,922,2024-10-27 14:30:24,Withdrawal,4057.04,94355.62,POS,Retail,,Completed,Withdrawal via Branch,0,Rochester,USD,2.5
5485,1006,2024-05-09 11:31:46,Deposit,2391.66,88818.51,Online,Travel,,Completed,Deposit via Mobile App,0,Mesa,USD,10
5486,806,2025-04-30 04:32:51,Transfer In,4874.69,188399.46,Mobile App,,858,Completed,Transfer In via POS,0,San Diego,USD,1.5
5487,771,2025-07-08 09:54:40,Bill Payment,1961.4,126902.67,Online,Entertainment,,Completed,Bill Payment via Online,0,Cambridge,USD,0
5488,447,2025-03-23 12:39:36,Withdrawal,2383.27,158439.35,ATM,Utilities,,Completed,Withdrawal via Branch,0,Seattle,USD,0
5489,1179,2024-08-03 15:35:30,Withdrawal,7961.06,232625.56,Branch,Groceries,,Completed,Withdrawal via Online,0,Tucson,USD,0
5490,117,2025-01-22 11:38:31,Withdrawal,2518.85,117248.55,ATM,Dining,,Completed,Withdrawal via Mobile App,0,San Francisco,USD,10
5491,762,2025-02-04 11:34:22,Interest Credit,5233.82,147514.78,Online,,,Completed,Interest Credit via Branch,0,Aurora,USD,0
5492,879,2024-11-25 23:35:14,Transfer Out,3680.9,200914.94,ATM,,483,Completed,Transfer Out via POS,0,Austin,USD,10
5493,310,2026-03-21 23:24:58,Deposit,7894.57,251935.55,Online,Healthcare,,Completed,Deposit via Online,0,Dallas,USD,0
5494,887,2025-01-27 14:00:56,Transfer Out,4847.15,128685.68,POS,,1036,Completed,Transfer Out via Branch,0,Mesa,USD,10
5495,33,2024-02-11 10:43:31,Withdrawal,539.92,90996.6,Mobile App,Entertainment,,Completed,Withdrawal via Mobile App,0,Boulder,USD,0
5496,366,2025-01-30 00:26:05,Transfer In,7810.51,175851.3,Mobile App,,906,Completed,Transfer In via Mobile App,0,Houston,USD,0
5497,155,2025-03-09 02:30:52,Bill Payment,115.8,21635.28,Online,Education,,Completed,Bill Payment via ATM,0,Dallas,USD,0
5498,319,2024-01-09 08:19:36,Transfer In,2400.07,23816.67,Branch,,991,Completed,Transfer In via ATM,0,Austin,USD,2.5
5499,581,2024-02-13 22:17:24,Deposit,5488.95,49576.09,Branch,Travel,,Failed,Deposit via POS,0,Tucson,USD,0
5500,673,2025-12-30 11:19:55,Withdrawal,139.11,227409.33,Mobile App,Retail,,Completed,Withdrawal via ATM,0,Aurora,USD,5
5501,1098,2026-06-04 07:48:19,Fee,480.75,114455.89,Online,,,Completed,Fee via POS,0,Buffalo,USD,10
5502,630,2024-03-28 13:18:34,Withdrawal,3761.61,195719.57,Online,Healthcare,,Completed,Withdrawal via POS,0,Sacramento,USD,5
5503,296,2025-09-24 00:29:57,Transfer Out,6175.1,29072.85,Online,,629,Completed,Transfer Out via POS,0,Orlando,USD,0
5504,486,2024-09-22 10:47:53,Withdrawal,413.51,114321.84,Online,Travel,,Completed,Withdrawal via POS,0,Spokane,USD,0
5505,428,2024-01-08 23:57:29,Transfer Out,7901.69,201757.39,ATM,,900,Pending,Transfer Out via POS,0,Denver,USD,0
5506,153,2025-06-27 22:17:13,Interest Credit,1984.62,115350.39,Mobile App,,,Completed,Interest Credit via Branch,0,Sacramento,USD,0
5507,63,2024-04-30 10:35:59,Transfer Out,7403.16,119750.47,Mobile App,,1183,Completed,Transfer Out via ATM,0,Denver,USD,0
5508,47,2026-05-07 20:41:12,Bill Payment,626.83,251772.92,Online,Travel,,Completed,Bill Payment via Online,0,Tucson,USD,0
5509,677,2025-08-08 11:14:27,Bill Payment,6369.61,250587.43,ATM,Fuel,,Completed,Bill Payment via POS,0,Seattle,USD,0
5510,793,2025-08-14 04:19:51,Deposit,1302.37,47814.86,Online,Fuel,,Completed,Deposit via POS,0,Naperville,USD,0
5511,611,2026-09-13 11:02:01,Transfer Out,1226.95,238791.81,ATM,,1075,Completed,Transfer Out via Online,0,Albany,USD,0
5512,789,2024-02-28 14:02:11,Deposit,4610.65,185596.53,Mobile App,Retail,,Pending,Deposit via Online,0,Buffalo,USD,1.5
5513,1093,2026-01-09 07:09:39,Fee,5820.35,237795.19,Branch,,,Completed,Fee via Online,0,Rochester,USD,2.5
5514,801,2025-09-29 19:35:32,Transfer In,3571.9,135645.91,ATM,,106,Completed,Transfer In via Branch,0,Mesa,USD,0
5515,1187,2024-05-22 21:01:32,Transfer In,5021.56,36547.45,Mobile App,,1126,Completed,Transfer In via Branch,0,Rochester,USD,0
5516,198,2024-05-14 23:38:32,Deposit,673.15,58765.9,Online,Entertainment,,Completed,Deposit via POS,1,Sacramento,USD,5
5517,1070,2025-08-30 02:14:31,Withdrawal,6085.27,208889.78,Online,Utilities,,Completed,Withdrawal via ATM,0,Houston,USD,0
5518,297,2024-12-04 06:55:24,Fee,6051.2,91074.1,POS,,,Completed,Fee via Mobile App,0,Jacksonville,USD,10
5519,638,2025-11-18 04:22:43,Transfer In,7103.68,147585.25,Mobile App,,1038,Completed,Transfer In via Mobile App,0,Boulder,USD,0
5520,264,2026-02-04 20:35:13,Deposit,7830.58,25595.26,Online,,,Completed,Deposit via Mobile App,0,Austin,USD,0
5521,963,2025-04-04 03:32:58,Bill Payment,1457.17,77752.7,ATM,Utilities,,Completed,Bill Payment via ATM,0,Savannah,USD,0
5522,251,2025-01-05 06:50:56,Deposit,2130.58,87895.34,Online,Groceries,,Completed,Deposit via Mobile App,0,San Francisco,USD,1.5
5523,595,2025-04-11 13:20:31,Bill Payment,3889.38,173270.28,Mobile App,Retail,,Completed,Bill Payment via Online,0,Springfield,USD,0
5524,605,2025-08-19 06:15:41,Deposit,503.16,211499.99,Mobile App,Travel,,Completed,Deposit via POS,0,Seattle,USD,2.5
5525,931,2024-08-18 19:15:52,Bill Payment,6477.2,42019.39,Branch,Healthcare,,Completed,Bill Payment via POS,0,Spokane,USD,2.5
5526,7,2024-04-21 21:21:08,Withdrawal,2921.28,71447.65,ATM,Dining,,Completed,Withdrawal via ATM,0,Los Angeles,USD,0
5527,354,2025-10-09 23:14:58,Transfer Out,5481.98,73820.07,Online,,400,Completed,Transfer Out via Branch,0,Naperville,USD,0
5528,723,2024-07-05 07:11:24,Withdrawal,2969.23,153206.51,Online,,,Completed,Withdrawal via Online,0,Savannah,USD,2.5
5529,17,2025-01-26 15:19:09,Deposit,2000.84,157490.57,Mobile App,Groceries,,Failed,Deposit via POS,0,Tucson,USD,0
5530,1110,2024-02-19 10:33:28,Withdrawal,639.18,33838.71,Online,Education,,Completed,Withdrawal via Online,0,New York City,USD,0
5531,1166,2025-12-16 04:11:26,Transfer Out,7970.75,207152.91,ATM,,449,Completed,Transfer Out via Branch,0,San Francisco,USD,0
5532,402,2025-03-05 12:32:00,Deposit,886.3,61995.87,Online,Utilities,,Completed,Deposit via POS,0,Worcester,USD,1.5
5533,836,2024-05-12 18:45:51,Transfer In,4247.0,50634.41,POS,,989,Completed,Transfer In via ATM,0,Jacksonville,USD,0
5534,375,2026-08-23 01:46:39,Deposit,7356.68,1764.74,ATM,,,Completed,Deposit via Mobile App,0,Spokane,USD,5
5535,1170,2024-12-14 02:51:42,Deposit,6072.2,204723.95,Mobile App,Retail,,Completed,Deposit via Online,0,Augusta,USD,1.5
5536,620,2026-03-24 02:21:16,Deposit,533.62,1663.11,Online,Utilities,,Completed,Deposit via ATM,1,Orlando,USD,0
5537,470,2025-05-07 00:15:23,Deposit,6196.47,224739.55,ATM,Utilities,,Failed,Deposit via Mobile App,0,Chicago,USD,0
5538,626,2024-10-21 16:26:42,Withdrawal,3426.96,57959.22,Online,Retail,,Completed,Withdrawal via Branch,0,San Diego,USD,0
5539,631,2024-11-17 00:53:48,Bill Payment,5905.59,222964.42,Online,,,Completed,Bill Payment via Online,0,Tampa,USD,2.5
5540,1038,2026-03-20 16:44:33,Deposit,7595.97,26717.45,Branch,Entertainment,,Completed,Deposit via Branch,0,Phoenix,USD,2.5
5541,79,2026-09-06 12:28:02,Bill Payment,3309.92,218237.56,POS,,,Completed,Bill Payment via Online,0,San Francisco,USD,0
5542,668,2025-08-12 08:30:52,Fee,5659.88,250774.91,Online,,,Completed,Fee via Online,0,San Antonio,USD,10
5543,1101,2024-05-16 18:54:49,Bill Payment,444.92,242311.65,Mobile App,Travel,,Completed,Bill Payment via Branch,0,Boulder,USD,0
5544,441,2024-11-14 09:14:00,Bill Payment,5523.24,21502.39,ATM,Dining,,Completed,Bill Payment via Online,0,Spokane,USD,10
5545,144,2026-01-15 16:08:05,Transfer Out,1657.12,14047.9,Mobile App,,234,Completed,Transfer Out via ATM,0,Dallas,USD,2.5
5546,436,2026-08-18 17:15:23,Transfer In,618.07,128827.6,Online,,849,Completed,Transfer In via POS,0,Los Angeles,USD,0
5547,665,2024-10-07 22:52:06,Bill Payment,4977.82,122409.94,ATM,Dining,,Completed,Bill Payment via Branch,0,Spokane,USD,10
5548,1095,2024-10-11 17:49:26,Bill Payment,571.46,190679.32,Online,Healthcare,,Completed,Bill Payment via Mobile App,0,Cambridge,USD,0
5549,151,2024-11-24 17:15:14,Interest Credit,7687.33,91145.51,ATM,,,Completed,Interest Credit via Mobile App,0,Denver,USD,10
5550,6,2025-05-27 18:24:39,Withdrawal,5928.95,236522.34,Online,Utilities,,Completed,Withdrawal via Mobile App,0,Austin,USD,0
5551,733,2024-05-04 02:34:05,Withdrawal,171.19,35879.74,Branch,Healthcare,,Completed,Withdrawal via POS,0,Worcester,USD,5
5552,1168,2024-01-17 06:10:39,Interest Credit,3571.2,133273.79,Online,,,Completed,Interest Credit via ATM,0,Tucson,USD,0
5553,1031,2025-07-13 22:30:15,Bill Payment,957.53,66507.82,Mobile App,Groceries,,Completed,Bill Payment via Mobile App,0,San Diego,USD,1.5
5554,1159,2025-12-17 22:18:31,Interest Credit,6568.74,9172.55,Online,,,Completed,Interest Credit via ATM,0,Dallas,USD,0
5555,757,2025-08-17 01:15:34,Withdrawal,6019.64,12215.81,Online,Fuel,,Completed,Withdrawal via Mobile App,0,San Francisco,USD,0
5556,514,2024-12-13 03:57:40,Interest Credit,3019.26,177170.22,Mobile App,,,Completed,Interest Credit via Branch,1,San Francisco,USD,0
5557,404,2024-12-15 16:33:53,Interest Credit,1212.64,213846.78,POS,,,Completed,Interest Credit via Branch,0,Springfield,USD,0
5558,506,2024-07-29 22:31:39,Withdrawal,659.35,198371.03,Branch,Travel,,Completed,Withdrawal via Mobile App,0,Tucson,USD,0
5559,268,2026-06-03 13:01:02,Bill Payment,4768.45,256095.72,Mobile App,Healthcare,,Completed,Bill Payment via Branch,0,Austin,USD,2.5
5560,590,2026-04-23 13:51:53,Interest Credit,3043.59,174124.7,Online,,,Completed,Interest Credit via Mobile App,0,Denver,USD,0
5561,302,2026-01-30 13:33:25,Withdrawal,2317.82,166152.82,Mobile App,Retail,,Completed,Withdrawal via POS,0,Tucson,USD,2.5
5562,220,2025-02-01 08:10:31,Bill Payment,6693.31,135117.39,ATM,,,Completed,Bill Payment via POS,0,Cambridge,USD,10
5563,488,2025-02-09 07:58:17,Transfer In,3475.89,252240.93,Mobile App,,475,Completed,Transfer In via POS,0,Buffalo,USD,0
5564,84,2026-05-15 05:19:33,Transfer Out,4992.57,143135.87,Branch,,1023,Completed,Transfer Out via Branch,0,Tacoma,USD,5
5565,1149,2025-08-18 22:10:10,Withdrawal,2097.65,17796.14,Mobile App,Utilities,,Completed,Withdrawal via ATM,1,Augusta,USD,2.5
5566,188,2025-11-15 10:58:12,Withdrawal,755.37,37271.38,Mobile App,Education,,Completed,Withdrawal via Branch,0,Miami,USD,5
5567,695,2024-05-29 02:37:18,Transfer In,1839.36,186529.16,Online,,563,Completed,Transfer In via ATM,0,San Diego,USD,1.5
5568,1120,2025-05-07 08:04:59,Transfer Out,7103.99,97573.33,Mobile App,,298,Completed,Transfer Out via ATM,0,Boulder,USD,2.5
5569,187,2025-05-09 01:14:07,Withdrawal,3212.53,227666.39,Online,Entertainment,,Completed,Withdrawal via Mobile App,0,Aurora,USD,0
5570,166,2024-11-10 06:25:14,Transfer Out,4272.21,231139.47,Online,,1018,Completed,Transfer Out via Online,0,Aurora,USD,0
5571,876,2025-02-10 14:04:26,Deposit,4166.13,5139.8,ATM,Groceries,,Completed,Deposit via Online,0,Rochester,USD,0
5572,130,2024-01-13 01:08:21,Transfer In,2891.46,155998.04,Branch,,807,Completed,Transfer In via Mobile App,0,Tacoma,USD,2.5
5573,783,2026-08-25 13:38:34,Transfer Out,1418.76,186270.1,ATM,,207,Completed,Transfer Out via POS,0,Orlando,USD,2.5
5574,515,2025-02-11 13:43:42,Bill Payment,2091.73,22803.78,Mobile App,Groceries,,Completed,Bill Payment via Branch,0,Tucson,USD,0
5575,819,2026-03-20 05:43:13,Deposit,1195.42,90837.44,ATM,Utilities,,Failed,Deposit via Online,0,San Francisco,USD,0
5576,597,2026-04-18 16:13:04,Withdrawal,719.95,42715.92,Online,Groceries,,Completed,Withdrawal via Online,0,Mesa,USD,5
5577,180,2024-11-04 23:27:55,Transfer In,7627.01,145888.47,ATM,,707,Failed,Transfer In via Online,1,Dallas,USD,10
5578,308,2025-02-26 05:03:57,Transfer In,3786.91,35704.98,ATM,,176,Failed,Transfer In via Branch,0,Seattle,USD,0
5579,1106,2025-03-22 17:59:30,Bill Payment,4308.51,210911.21,Branch,Travel,,Completed,Bill Payment via Online,0,Phoenix,USD,5
5580,143,2024-10-22 17:45:38,Withdrawal,2745.92,-807.71,Mobile App,Dining,,Completed,Withdrawal via Mobile App,0,Dallas,USD,10
5581,936,2026-05-11 23:10:06,Interest Credit,225.52,20888.11,ATM,,,Completed,Interest Credit via Online,0,Tacoma,USD,0
5582,928,2024-06-02 22:54:58,Deposit,4727.6,141428.79,Online,Education,,Completed,Deposit via ATM,0,Boulder,USD,5
5583,1128,2025-02-24 18:08:53,Withdrawal,2422.06,34236.15,Branch,Healthcare,,Completed,Withdrawal via Online,0,Augusta,USD,0
5584,700,2026-07-08 15:54:05,Withdrawal,7216.61,227995.05,ATM,Dining,,Completed,Withdrawal via POS,0,Los Angeles,USD,0
5585,685,2024-01-17 00:04:50,Transfer In,1432.74,-1178.7,Mobile App,,668,Completed,Transfer In via Mobile App,0,Rochester,USD,0
5586,674,2024-07-15 08:19:27,Deposit,1958.27,81792.27,ATM,Retail,,Completed,Deposit via Online,0,Aurora,USD,1.5
5587,316,2026-03-09 04:15:30,Interest Credit,4575.63,22449.68,Branch,,,Completed,Interest Credit via Mobile App,0,Albany,USD,0
5588,549,2024-03-03 18:17:21,Fee,1502.98,86304.34,Mobile App,,,Completed,Fee via POS,0,Phoenix,USD,0
5589,179,2025-05-17 23:02:18,Bill Payment,7219.69,246391.42,Mobile App,,,Completed,Bill Payment via POS,0,Albany,USD,0
5590,1112,2024-01-28 02:51:03,Deposit,2203.41,237877.33,Mobile App,Education,,Completed,Deposit via Branch,0,Tampa,USD,0
5591,173,2025-01-08 17:02:16,Bill Payment,2677.27,246105.82,Branch,Utilities,,Completed,Bill Payment via Mobile App,0,Miami,USD,10
5592,770,2024-07-17 15:35:32,Deposit,3639.16,205346.16,Online,Dining,,Completed,Deposit via Mobile App,0,Tacoma,USD,10
5593,482,2024-01-05 08:37:22,Deposit,3360.11,171792.65,Mobile App,Healthcare,,Completed,Deposit via Online,0,New York City,USD,0
5594,195,2025-03-16 08:04:45,Transfer Out,2651.16,131896.08,Mobile App,,758,Pending,Transfer Out via Branch,0,Aurora,USD,0
5595,675,2025-11-09 00:46:01,Bill Payment,3671.05,165138.68,Branch,Groceries,,Completed,Bill Payment via Online,0,Savannah,USD,0
5596,769,2025-09-25 12:55:49,Fee,7308.49,112043.82,Mobile App,,,Completed,Fee via Online,1,Miami,USD,0
5597,270,2024-03-30 23:39:33,Interest Credit,4408.73,114695.47,ATM,,,Completed,Interest Credit via Branch,0,Denver,USD,0
5598,382,2025-05-11 01:21:06,Deposit,249.08,141393.88,ATM,Entertainment,,Completed,Deposit via Online,0,Seattle,USD,1.5
5599,562,2024-04-03 16:50:20,Withdrawal,7440.83,128998.38,Mobile App,Dining,,Completed,Withdrawal via Branch,0,Denver,USD,0
5600,992,2025-02-26 09:36:21,Deposit,6186.83,66744.69,Online,Travel,,Completed,Deposit via Online,0,Chicago,USD,1.5
5601,491,2024-12-12 04:00:52,Interest Credit,3914.49,98477.12,Mobile App,,,Completed,Interest Credit via Branch,0,Savannah,USD,1.5
5602,1142,2025-03-15 03:46:59,Withdrawal,1306.3,89530.07,Online,Fuel,,Completed,Withdrawal via POS,0,Chicago,USD,0
5603,488,2024-03-02 17:09:10,Interest Credit,29.72,207760.37,Mobile App,,,Completed,Interest Credit via ATM,0,Buffalo,USD,0
5604,688,2024-05-08 16:34:32,Bill Payment,5184.88,145702.34,Mobile App,Retail,,Completed,Bill Payment via Online,0,Springfield,USD,5
5605,589,2024-09-12 03:34:11,Transfer Out,6751.72,229184.78,Online,,818,Completed,Transfer Out via Online,0,Worcester,USD,0
5606,377,2024-03-15 21:40:37,Bill Payment,3955.02,71282.24,Mobile App,Dining,,Completed,Bill Payment via Branch,0,Worcester,USD,0
5607,289,2024-09-01 19:18:17,Transfer In,1809.79,217082.07,Mobile App,,1069,Completed,Transfer In via Online,1,Seattle,USD,0
5608,1141,2024-11-21 17:52:01,Withdrawal,2389.55,81926.54,Branch,Retail,,Completed,Withdrawal via Branch,0,San Diego,USD,2.5
5609,966,2025-03-17 10:52:15,Fee,2814.6,160103.31,ATM,,,Completed,Fee via Online,0,San Antonio,USD,2.5
5610,25,2024-09-21 19:37:19,Deposit,1259.59,84268.56,Mobile App,,,Completed,Deposit via POS,0,Augusta,USD,0
5611,154,2025-12-09 05:39:40,Withdrawal,2527.61,215273.8,Mobile App,Groceries,,Completed,Withdrawal via Online,0,Aurora,USD,10
5612,865,2026-08-24 16:36:21,Transfer Out,944.3,119869.94,Online,,761,Failed,Transfer Out via ATM,0,Boulder,USD,5
5613,1182,2025-12-31 11:01:04,Deposit,5312.45,96743.43,Online,Dining,,Completed,Deposit via Branch,0,Los Angeles,USD,0
5614,636,2024-12-30 15:16:01,Deposit,6742.34,234752.18,Online,Entertainment,,Completed,Deposit via Mobile App,0,Albany,USD,0
5615,760,2024-04-06 21:06:43,Withdrawal,2533.49,216754.49,Branch,Dining,,Completed,Withdrawal via Mobile App,0,Spokane,USD,0
5616,71,2026-03-21 00:39:08,Withdrawal,277.91,13042.99,ATM,Retail,,Completed,Withdrawal via Branch,0,Denver,USD,2.5
5617,983,2025-11-24 00:11:15,Bill Payment,1468.55,244258.68,Branch,,,Completed,Bill Payment via Online,0,Tacoma,USD,10
5618,842,2026-09-12 12:56:04,Interest Credit,2971.09,170454.84,Mobile App,,,Completed,Interest Credit via Online,0,Mesa,USD,2.5
5619,404,2025-04-11 14:28:34,Bill Payment,7865.54,174807.92,ATM,,,Completed,Bill Payment via ATM,0,San Diego,USD,2.5
5620,575,2024-02-24 07:19:47,Transfer In,6732.02,188215.49,Mobile App,,848,Completed,Transfer In via ATM,0,Miami,USD,2.5
5621,1070,2025-12-22 05:40:39,Deposit,4371.75,11219.05,Online,Travel,,Completed,Deposit via ATM,0,Chicago,USD,0
5622,817,2024-05-02 20:41:19,Deposit,6009.22,30999.92,ATM,Entertainment,,Completed,Deposit via Branch,0,Boulder,USD,1.5
5623,789,2026-07-20 17:00:29,Deposit,3607.85,184859.17,Mobile App,Travel,,Completed,Deposit via Online,0,San Diego,USD,10
5624,46,2024-03-20 19:00:30,Deposit,7553.59,34431.92,ATM,Entertainment,,Completed,Deposit via Online,0,Springfield,USD,1.5
5625,52,2025-10-03 16:47:43,Withdrawal,5773.45,249365.98,Mobile App,Utilities,,Completed,Withdrawal via Mobile App,0,Boulder,USD,0
5626,313,2025-06-07 15:55:19,Deposit,5199.84,65258.51,ATM,Groceries,,Completed,Deposit via POS,0,San Diego,USD,1.5
5627,805,2025-07-28 10:15:46,Deposit,5142.56,9627.44,ATM,Healthcare,,Completed,Deposit via ATM,0,Boulder,USD,2.5
5628,689,2025-02-01 01:32:01,Deposit,684.92,133278.03,Mobile App,Dining,,Completed,Deposit via Branch,0,San Antonio,USD,0
5629,766,2026-08-20 11:52:46,Transfer Out,6140.67,126816.85,Online,,1189,Completed,Transfer Out via ATM,0,San Antonio,USD,0
5630,29,2026-07-23 20:32:34,Bill Payment,93.59,173357.87,Branch,Education,,Completed,Bill Payment via Online,0,Chicago,USD,0
5631,18,2026-04-25 22:00:44,Bill Payment,1693.89,199980.67,Mobile App,Utilities,,Completed,Bill Payment via POS,0,Spokane,USD,10
5632,788,2025-02-07 19:21:21,Interest Credit,2273.91,76336.17,Online,,,Completed,Interest Credit via Mobile App,0,Augusta,USD,0
5633,171,2024-08-02 09:04:59,Transfer In,6219.8,105563.17,Mobile App,,163,Completed,Transfer In via Mobile App,0,Orlando,USD,0
5634,892,2024-11-25 10:30:02,Transfer In,5335.22,132383.35,ATM,,165,Failed,Transfer In via POS,0,Tucson,USD,5
5635,1113,2026-06-02 09:42:16,Bill Payment,1199.81,134150.85,Branch,Healthcare,,Completed,Bill Payment via ATM,0,Rochester,USD,5
5636,457,2025-07-06 14:54:59,Withdrawal,6268.07,179376.58,Mobile App,Entertainment,,Completed,Withdrawal via Online,0,Atlanta,USD,1.5
5637,231,2024-07-13 10:02:53,Transfer In,4286.32,29487.33,Branch,,409,Completed,Transfer In via Online,0,Jacksonville,USD,0
5638,390,2024-11-17 14:59:25,Deposit,400.69,85005.03,Branch,Healthcare,,Completed,Deposit via Online,0,Austin,USD,0
5639,513,2025-08-29 01:24:29,Withdrawal,7951.91,136501.0,Online,Healthcare,,Completed,Withdrawal via Mobile App,0,Los Angeles,USD,1.5
5640,307,2024-09-20 07:34:16,Withdrawal,6578.65,23305.52,Mobile App,Retail,,Completed,Withdrawal via Mobile App,0,Miami,USD,1.5
5641,1069,2025-10-31 05:04:37,Withdrawal,7082.95,177217.64,ATM,Healthcare,,Pending,Withdrawal via POS,0,Dallas,USD,0
5642,53,2025-04-04 02:03:55,Deposit,5936.66,192488.14,Mobile App,Dining,,Completed,Deposit via Online,0,Boston,USD,2.5
5643,322,2025-06-29 20:16:25,Deposit,707.12,226888.73,Online,Fuel,,Completed,Deposit via Branch,0,Sacramento,USD,2.5
5644,1154,2024-01-07 21:38:30,Interest Credit,1700.29,3570.58,Branch,,,Completed,Interest Credit via ATM,0,San Francisco,USD,0
5645,170,2025-11-16 06:59:41,Withdrawal,1491.94,12347.57,Online,,,Completed,Withdrawal via Online,0,San Francisco,USD,10
5646,941,2024-02-19 01:51:51,Bill Payment,2808.11,32267.26,Mobile App,Groceries,,Completed,Bill Payment via Online,0,Sacramento,USD,5
5647,3,2024-07-04 08:44:05,Fee,2183.01,131063.31,ATM,,,Completed,Fee via Branch,0,Miami,USD,1.5
5648,185,2024-08-30 09:38:19,Bill Payment,7244.97,217242.15,Mobile App,Education,,Completed,Bill Payment via Online,0,Miami,USD,0
5649,170,2026-01-14 14:23:47,Transfer In,3461.97,47644.11,POS,,144,Completed,Transfer In via ATM,0,Augusta,USD,2.5
5650,739,2025-04-22 07:29:30,Fee,7248.81,177025.83,Mobile App,,,Completed,Fee via ATM,1,Tacoma,USD,2.5
5651,1012,2025-04-18 02:23:34,Withdrawal,2097.48,46187.98,Branch,Retail,,Completed,Withdrawal via Online,0,Rochester,USD,0
5652,924,2025-12-30 13:47:16,Withdrawal,1743.14,186594.75,Online,Groceries,,Completed,Withdrawal via Mobile App,1,Springfield,USD,0
5653,258,2025-06-24 23:26:32,Transfer Out,6427.58,3400.37,Mobile App,,878,Completed,Transfer Out via Mobile App,0,San Francisco,USD,2.5
5654,531,2024-08-31 20:55:35,Deposit,6262.75,122754.48,ATM,Utilities,,Completed,Deposit via Mobile App,0,Rochester,USD,0
5655,938,2024-01-06 23:12:47,Bill Payment,4501.34,188264.95,Online,Fuel,,Completed,Bill Payment via Branch,0,Tacoma,USD,0
5656,98,2025-10-03 02:30:08,Fee,1640.3,192562.93,Mobile App,,,Completed,Fee via Online,0,Tampa,USD,5
5657,863,2025-07-16 12:49:51,Deposit,1822.11,126478.37,Online,Retail,,Completed,Deposit via Branch,0,Tacoma,USD,0
5658,12,2024-06-12 14:44:54,Deposit,2736.15,89315.3,ATM,,,Completed,Deposit via POS,0,Tampa,USD,0
5659,694,2025-08-25 06:18:47,Transfer Out,7735.17,250008.74,Online,,163,Completed,Transfer Out via Online,0,Mesa,USD,10
5660,257,2025-03-07 14:55:12,Deposit,7546.02,190056.51,Online,Groceries,,Completed,Deposit via POS,0,Aurora,USD,2.5
5661,100,2024-08-29 09:52:52,Deposit,398.87,141352.62,Online,Education,,Completed,Deposit via Branch,0,San Diego,USD,0
5662,818,2024-07-08 06:35:09,Deposit,3165.79,57403.11,Branch,Travel,,Failed,Deposit via ATM,1,Boston,USD,0
5663,923,2026-03-26 17:52:44,Deposit,5799.99,240417.5,Online,Groceries,,Completed,Deposit via Online,0,Cambridge,USD,5
5664,5,2025-11-19 19:44:52,Transfer Out,908.64,54626.66,Online,,321,Completed,Transfer Out via POS,0,Boulder,USD,0
5665,555,2025-08-25 11:55:39,Withdrawal,3229.49,127394.62,Online,Groceries,,Completed,Withdrawal via POS,0,Albany,USD,0
5666,677,2025-04-23 02:23:48,Transfer Out,5745.95,13748.55,Online,,327,Completed,Transfer Out via ATM,0,Denver,USD,0
5667,673,2026-02-23 13:28:51,Withdrawal,378.09,240000.1,Branch,Entertainment,,Completed,Withdrawal via ATM,0,Cambridge,USD,10
5668,57,2024-05-12 23:52:39,Bill Payment,7078.06,177729.59,ATM,Dining,,Completed,Bill Payment via Online,0,Naperville,USD,0
5669,505,2025-07-18 09:23:33,Transfer In,5357.07,89131.02,Online,,981,Completed,Transfer In via Branch,0,Rochester,USD,5
5670,636,2026-05-08 21:21:15,Deposit,4541.72,202665.93,Branch,Entertainment,,Completed,Deposit via ATM,0,Naperville,USD,5
5671,661,2024-10-15 12:25:23,Bill Payment,4266.16,189895.56,POS,Entertainment,,Completed,Bill Payment via POS,1,Jacksonville,USD,0
5672,172,2024-02-09 20:07:08,Interest Credit,955.69,44778.53,Online,,,Completed,Interest Credit via Online,0,New York City,USD,0
5673,136,2026-05-16 20:09:38,Bill Payment,6679.65,115691.15,Online,Groceries,,Completed,Bill Payment via Branch,1,Buffalo,USD,0
5674,997,2026-07-08 17:11:24,Deposit,2236.16,254116.95,Branch,Fuel,,Completed,Deposit via Online,0,Sacramento,USD,2.5
5675,728,2024-11-17 12:22:36,Transfer In,296.78,70126.98,Mobile App,,211,Completed,Transfer In via Branch,0,Boston,USD,10
5676,1169,2026-01-31 13:26:57,Deposit,4095.3,199227.26,Branch,Entertainment,,Completed,Deposit via Branch,0,Tampa,USD,0
5677,519,2026-03-24 20:18:31,Deposit,213.09,84651.56,ATM,,,Completed,Deposit via Online,0,Tucson,USD,5
5678,971,2026-07-21 21:38:33,Withdrawal,1119.28,187252.95,Mobile App,Travel,,Pending,Withdrawal via Branch,0,Worcester,USD,0
5679,175,2026-06-12 23:28:17,Fee,5057.6,69951.74,Mobile App,,,Completed,Fee via Online,0,Tacoma,USD,2.5
5680,207,2025-04-04 06:27:17,Transfer In,5351.79,193600.81,Online,,264,Completed,Transfer In via Branch,0,Boston,USD,0
5681,862,2025-09-08 01:50:43,Transfer Out,7438.84,148763.56,Online,,572,Completed,Transfer Out via Online,0,Phoenix,USD,0
5682,116,2025-08-15 13:14:39,Transfer In,5277.04,188664.78,Mobile App,,678,Pending,Transfer In via Mobile App,0,San Francisco,USD,1.5
5683,788,2024-07-05 10:59:31,Withdrawal,5418.13,19060.12,Branch,Fuel,,Completed,Withdrawal via Branch,0,Miami,USD,0
5684,998,2024-06-14 00:10:24,Interest Credit,2226.39,130458.99,POS,,,Failed,Interest Credit via Mobile App,0,Dallas,USD,0
5685,249,2025-04-17 10:49:23,Bill Payment,1446.15,89498.54,Mobile App,Dining,,Completed,Bill Payment via Online,0,Spokane,USD,0
5686,215,2024-08-24 06:48:20,Transfer In,4497.87,253020.35,Online,,168,Pending,Transfer In via Mobile App,0,Tacoma,USD,5
5687,48,2026-07-20 04:27:45,Bill Payment,4857.38,84579.0,Mobile App,Utilities,,Completed,Bill Payment via ATM,0,Cambridge,USD,0
5688,535,2024-06-08 03:14:02,Bill Payment,4476.48,58506.29,ATM,Dining,,Completed,Bill Payment via ATM,0,Aurora,USD,5
5689,257,2025-12-20 11:42:59,Interest Credit,1993.72,83340.95,Branch,,,Completed,Interest Credit via Branch,0,Tampa,USD,0
5690,1141,2026-05-15 17:33:00,Transfer In,4283.93,170825.12,Online,,1200,Completed,Transfer In via POS,0,Augusta,USD,0
5691,1182,2025-10-12 09:39:06,Bill Payment,7994.58,71754.56,Online,,,Completed,Bill Payment via POS,1,Jacksonville,USD,1.5
5692,533,2024-02-16 15:22:30,Withdrawal,5895.36,199606.05,Mobile App,Groceries,,Completed,Withdrawal via ATM,0,Savannah,USD,0
5693,900,2024-08-25 19:43:30,Transfer In,189.34,126196.83,Branch,,223,Completed,Transfer In via POS,0,Spokane,USD,0
5694,764,2024-06-30 23:54:28,Withdrawal,7437.55,31077.66,Branch,Retail,,Completed,Withdrawal via Mobile App,0,Albany,USD,5
5695,467,2025-07-28 01:56:54,Transfer In,7556.51,98016.77,Mobile App,,39,Completed,Transfer In via POS,0,Worcester,USD,2.5
5696,283,2024-09-07 20:37:37,Bill Payment,539.87,228505.53,Branch,Fuel,,Completed,Bill Payment via Mobile App,0,Spokane,USD,1.5
5697,865,2026-09-16 14:12:42,Withdrawal,4781.83,236028.11,Online,Education,,Completed,Withdrawal via POS,0,Phoenix,USD,0
5698,2,2024-03-06 03:04:31,Withdrawal,3278.94,186408.69,Mobile App,Groceries,,Completed,Withdrawal via Online,0,New York City,USD,5
5699,209,2025-09-07 14:43:38,Bill Payment,6299.99,125109.88,ATM,Entertainment,,Completed,Bill Payment via Online,0,Boston,USD,1.5
5700,54,2024-08-15 11:56:05,Interest Credit,7830.76,256289.1,Online,,,Completed,Interest Credit via Mobile App,0,Los Angeles,USD,5
5701,886,2026-03-07 18:42:28,Transfer Out,2545.91,157598.22,Mobile App,,1045,Completed,Transfer Out via Branch,0,Austin,USD,0
5702,544,2025-05-30 05:35:45,Bill Payment,7030.79,80343.6,Mobile App,Utilities,,Completed,Bill Payment via Mobile App,0,Aurora,USD,0
5703,476,2024-10-19 17:57:42,Transfer Out,4685.62,-1500.44,POS,,934,Completed,Transfer Out via POS,0,Worcester,USD,0
5704,378,2024-07-30 23:49:53,Transfer In,382.43,16265.38,Mobile App,,831,Completed,Transfer In via POS,0,Denver,USD,2.5
5705,281,2024-10-23 07:53:10,Withdrawal,3420.04,211647.45,Branch,Education,,Completed,Withdrawal via Mobile App,0,Phoenix,USD,10
5706,1008,2025-10-20 12:33:26,Bill Payment,1104.25,32198.4,Mobile App,Entertainment,,Completed,Bill Payment via POS,0,San Antonio,USD,5
5707,1077,2025-08-26 10:34:32,Withdrawal,4844.47,147026.31,Mobile App,Healthcare,,Completed,Withdrawal via Mobile App,0,Seattle,USD,1.5
5708,642,2025-06-08 05:17:48,Bill Payment,7599.85,83355.71,Branch,Groceries,,Completed,Bill Payment via Online,0,Sacramento,USD,1.5
5709,689,2026-06-06 16:17:52,Bill Payment,6099.83,27513.95,ATM,Entertainment,,Completed,Bill Payment via POS,0,Tucson,USD,0
5710,770,2024-01-10 01:47:25,Transfer Out,143.52,115800.39,Branch,,630,Completed,Transfer Out via Branch,0,Augusta,USD,5
5711,766,2025-11-02 07:44:25,Bill Payment,5486.39,131371.83,Online,,,Completed,Bill Payment via Mobile App,0,Miami,USD,1.5
5712,1015,2024-11-26 17:40:44,Bill Payment,5649.13,194893.78,Online,Dining,,Completed,Bill Payment via POS,1,San Diego,USD,10
5713,719,2024-11-16 10:33:32,Deposit,4525.02,107891.51,Branch,Fuel,,Completed,Deposit via Branch,0,Denver,USD,1.5
5714,196,2024-03-24 22:27:07,Transfer In,243.53,60658.79,ATM,,929,Completed,Transfer In via POS,0,Springfield,USD,10
5715,1089,2026-04-21 01:20:07,Transfer Out,6805.63,98986.87,Online,,743,Completed,Transfer Out via POS,0,Albany,USD,1.5
5716,101,2025-11-19 15:55:23,Bill Payment,1194.62,189760.95,Mobile App,Fuel,,Completed,Bill Payment via Online,0,San Diego,USD,5
5717,637,2024-05-06 14:01:02,Transfer In,6523.87,135820.85,ATM,,1091,Pending,Transfer In via POS,0,Worcester,USD,0
5718,988,2025-01-23 05:25:27,Bill Payment,7612.92,123566.53,Mobile App,Dining,,Completed,Bill Payment via Mobile App,0,Miami,USD,0
5719,22,2026-07-02 00:13:03,Withdrawal,247.62,202061.36,Online,Groceries,,Completed,Withdrawal via Branch,0,Cambridge,USD,0
5720,1002,2025-03-17 16:19:49,Withdrawal,6280.25,67065.95,Mobile App,Healthcare,,Completed,Withdrawal via Branch,0,Los Angeles,USD,5
5721,513,2025-03-11 13:04:19,Deposit,2384.99,151230.33,Online,Dining,,Completed,Deposit via Branch,0,Dallas,USD,2.5
5722,266,2025-11-19 08:19:17,Transfer Out,4630.54,225822.56,ATM,,1175,Completed,Transfer Out via ATM,1,Aurora,USD,2.5
5723,549,2025-09-13 02:11:07,Transfer Out,5690.42,131853.06,Online,,1147,Completed,Transfer Out via ATM,1,Chicago,USD,0
5724,376,2024-07-20 08:03:52,Withdrawal,2461.4,76093.62,Branch,Dining,,Completed,Withdrawal via Branch,0,Naperville,USD,0
5725,564,2026-08-15 11:30:29,Deposit,4053.29,62684.74,Mobile App,Entertainment,,Completed,Deposit via Mobile App,0,Denver,USD,0
5726,682,2024-05-04 01:38:35,Withdrawal,3785.7,147622.57,ATM,,,Completed,Withdrawal via ATM,0,Savannah,USD,10
5727,105,2024-01-04 18:32:34,Transfer In,1787.05,5662.67,ATM,,1030,Completed,Transfer In via Mobile App,0,Albany,USD,10
5728,274,2026-04-10 16:09:59,Bill Payment,2488.41,218058.92,Online,Groceries,,Completed,Bill Payment via Online,0,Houston,USD,10
5729,165,2026-02-26 00:36:18,Transfer In,6929.77,131452.24,ATM,,1135,Failed,Transfer In via ATM,0,Tampa,USD,5
5730,144,2026-09-09 17:05:13,Withdrawal,7108.56,256764.32,ATM,Education,,Completed,Withdrawal via ATM,0,Seattle,USD,0
5731,1069,2024-08-01 00:24:46,Transfer Out,7678.29,160674.0,ATM,,518,Completed,Transfer Out via Mobile App,0,Savannah,USD,10
5732,920,2024-06-03 09:59:03,Withdrawal,5361.74,250969.1,ATM,Utilities,,Completed,Withdrawal via Mobile App,0,Cambridge,USD,0
5733,10,2026-02-10 21:50:15,Transfer Out,7993.4,182664.94,Online,,583,Completed,Transfer Out via POS,0,Aurora,USD,0
5734,446,2025-03-07 15:08:36,Transfer Out,4315.42,48644.46,Online,,599,Completed,Transfer Out via ATM,0,Orlando,USD,0
5735,1137,2025-09-16 03:59:00,Interest Credit,2749.43,20370.79,Online,,,Completed,Interest Credit via ATM,1,Mesa,USD,0
5736,37,2026-02-16 12:35:12,Withdrawal,5660.21,204723.66,Mobile App,Retail,,Completed,Withdrawal via Branch,0,Springfield,USD,0
5737,257,2026-06-30 18:48:34,Interest Credit,4769.91,214678.17,Branch,,,Failed,Interest Credit via POS,0,Jacksonville,USD,0
5738,131,2025-05-06 18:39:45,Interest Credit,6483.55,182008.66,Mobile App,,,Completed,Interest Credit via Mobile App,0,Cambridge,USD,0
5739,169,2025-04-11 12:06:32,Withdrawal,7612.01,259248.12,ATM,Fuel,,Completed,Withdrawal via ATM,0,Savannah,USD,0
5740,859,2024-08-05 21:46:25,Bill Payment,4672.31,50184.54,ATM,Healthcare,,Completed,Bill Payment via ATM,0,Dallas,USD,0
5741,590,2026-07-26 08:31:10,Bill Payment,2007.76,247444.23,Online,Education,,Completed,Bill Payment via POS,0,Sacramento,USD,10
5742,110,2025-02-17 08:08:21,Bill Payment,3942.73,149371.39,Mobile App,Groceries,,Completed,Bill Payment via Branch,0,Buffalo,USD,0
5743,14,2025-12-25 12:35:26,Deposit,6891.88,241544.2,ATM,Healthcare,,Completed,Deposit via POS,0,San Antonio,USD,10
5744,224,2025-11-29 10:38:59,Transfer Out,1005.69,84757.9,POS,,334,Completed,Transfer Out via POS,0,Atlanta,USD,0
5745,819,2024-02-03 16:51:25,Withdrawal,4755.09,180321.0,Branch,Fuel,,Completed,Withdrawal via Mobile App,0,Mesa,USD,0
5746,596,2025-02-01 15:05:37,Transfer Out,7697.84,7886.27,Branch,,930,Pending,Transfer Out via POS,0,Springfield,USD,2.5
5747,971,2026-07-15 17:20:35,Transfer Out,7357.41,172090.32,POS,,833,Completed,Transfer Out via Branch,0,Naperville,USD,0
5748,428,2025-12-29 15:40:21,Bill Payment,5702.06,159703.28,Mobile App,Dining,,Completed,Bill Payment via Branch,0,Denver,USD,0
5749,85,2024-01-29 05:17:39,Deposit,246.55,112644.99,Online,Retail,,Completed,Deposit via Mobile App,0,Spokane,USD,5
5750,1060,2026-03-12 01:11:33,Transfer Out,497.07,7274.5,Online,,130,Completed,Transfer Out via POS,0,Orlando,USD,1.5
5751,1095,2024-01-04 10:36:38,Bill Payment,4956.98,92413.01,Mobile App,Entertainment,,Completed,Bill Payment via Branch,0,Boston,USD,0
5752,121,2025-07-11 09:28:19,Withdrawal,1220.48,194410.1,Online,Healthcare,,Completed,Withdrawal via Branch,0,Dallas,USD,1.5
5753,637,2024-02-22 06:07:31,Deposit,5203.34,63717.81,Branch,Education,,Completed,Deposit via Branch,0,Cambridge,USD,0
5754,592,2025-01-12 16:41:08,Transfer Out,6082.92,161554.54,ATM,,82,Completed,Transfer Out via Mobile App,0,Boston,USD,0
5755,301,2024-02-04 11:37:05,Transfer In,2789.35,91791.18,Mobile App,,606,Completed,Transfer In via Branch,0,Aurora,USD,0
5756,620,2025-09-05 03:12:53,Fee,2970.8,175149.93,Online,,,Completed,Fee via Online,0,Savannah,USD,0
5757,977,2024-06-18 03:02:34,Deposit,823.54,138388.6,Online,Groceries,,Completed,Deposit via Mobile App,0,Spokane,USD,2.5
5758,188,2025-05-17 09:59:46,Interest Credit,7604.5,94254.67,Branch,,,Completed,Interest Credit via Online,0,Springfield,USD,2.5
5759,345,2024-10-30 15:02:54,Withdrawal,7036.18,42341.02,Branch,Healthcare,,Completed,Withdrawal via ATM,0,Austin,USD,0
5760,755,2025-09-20 21:56:22,Withdrawal,5735.81,193240.09,Branch,,,Completed,Withdrawal via Branch,0,Dallas,USD,0
5761,299,2024-03-25 15:28:23,Withdrawal,3313.73,131155.88,Mobile App,Dining,,Completed,Withdrawal via Branch,0,San Antonio,USD,2.5
5762,845,2026-04-02 10:38:29,Withdrawal,2220.81,251811.31,Branch,Retail,,Completed,Withdrawal via ATM,0,Miami,USD,5
5763,535,2025-10-01 00:46:52,Deposit,7497.65,170120.08,Mobile App,Retail,,Completed,Deposit via ATM,0,Chicago,USD,0
5764,353,2026-02-28 12:04:39,Deposit,1526.02,230818.16,Mobile App,Healthcare,,Completed,Deposit via Mobile App,0,Austin,USD,5
5765,1158,2024-10-23 21:59:15,Bill Payment,3814.77,15124.97,Mobile App,,,Pending,Bill Payment via Mobile App,0,Tucson,USD,0
5766,971,2024-02-23 12:55:22,Withdrawal,1093.46,121441.2,Online,Travel,,Completed,Withdrawal via ATM,0,Albany,USD,10
5767,146,2026-06-15 00:16:11,Bill Payment,710.77,36194.21,Online,Travel,,Completed,Bill Payment via Mobile App,1,Miami,USD,5
5768,503,2024-09-26 16:59:43,Transfer In,6627.16,199300.77,ATM,,987,Completed,Transfer In via Mobile App,0,Rochester,USD,0
5769,227,2025-11-05 01:07:15,Fee,5461.8,214026.65,ATM,,,Completed,Fee via Online,1,Tucson,USD,5
5770,1067,2026-05-16 19:19:17,Transfer Out,2051.23,32736.54,Online,,494,Completed,Transfer Out via Online,0,Seattle,USD,10
5771,540,2025-04-17 07:06:44,Deposit,1149.91,202056.43,ATM,Groceries,,Completed,Deposit via Online,1,Aurora,USD,0
5772,777,2026-01-27 02:14:42,Deposit,7845.09,77746.69,Branch,Fuel,,Completed,Deposit via Mobile App,0,Naperville,USD,10
5773,231,2025-05-20 07:50:41,Transfer In,1678.0,71589.81,Online,,583,Completed,Transfer In via Online,0,Atlanta,USD,2.5
5774,505,2025-03-03 04:07:04,Interest Credit,5826.5,80783.1,Mobile App,,,Completed,Interest Credit via Online,0,Los Angeles,USD,2.5
5775,364,2025-02-23 09:46:47,Deposit,4144.19,190890.28,Branch,,,Completed,Deposit via POS,0,Tampa,USD,0
5776,853,2025-01-05 12:11:11,Transfer Out,7667.91,186142.3,Online,,211,Completed,Transfer Out via POS,0,Jacksonville,USD,1.5
5777,176,2026-07-13 03:38:28,Deposit,2630.91,128929.64,ATM,Groceries,,Completed,Deposit via ATM,0,Spokane,USD,0
5778,748,2026-04-20 04:10:02,Bill Payment,5628.8,189981.5,ATM,Education,,Completed,Bill Payment via ATM,0,Mesa,USD,0
5779,398,2025-03-04 20:10:21,Bill Payment,4898.6,22612.79,ATM,Utilities,,Completed,Bill Payment via POS,0,Rochester,USD,10
5780,1115,2024-06-08 13:56:58,Bill Payment,494.96,34659.82,Branch,Education,,Completed,Bill Payment via POS,0,Aurora,USD,5
5781,727,2026-04-21 02:01:05,Bill Payment,4392.79,193646.57,Mobile App,Education,,Completed,Bill Payment via Branch,0,Atlanta,USD,0
5782,550,2024-09-01 14:52:51,Bill Payment,2543.82,235892.52,ATM,Healthcare,,Completed,Bill Payment via ATM,0,Jacksonville,USD,0
5783,992,2025-02-08 00:40:44,Interest Credit,6658.32,52370.23,Online,,,Completed,Interest Credit via Online,0,Atlanta,USD,0
5784,271,2026-03-14 05:46:23,Fee,5749.24,44304.08,POS,,,Completed,Fee via Mobile App,0,Aurora,USD,1.5
5785,1070,2025-10-23 00:50:25,Deposit,5712.9,174057.22,Mobile App,Dining,,Completed,Deposit via Online,0,San Francisco,USD,10
5786,189,2024-12-22 02:47:47,Bill Payment,317.49,107753.23,Branch,Healthcare,,Completed,Bill Payment via ATM,0,Mesa,USD,2.5
5787,1020,2026-04-25 06:08:05,Interest Credit,5150.98,73395.57,Branch,,,Completed,Interest Credit via POS,0,Miami,USD,0
5788,1024,2026-03-18 22:52:59,Bill Payment,1303.86,37028.55,Online,Travel,,Completed,Bill Payment via ATM,0,Sacramento,USD,5
5789,1157,2025-02-06 17:35:24,Withdrawal,301.35,227978.84,ATM,Travel,,Completed,Withdrawal via Branch,0,San Antonio,USD,2.5
5790,356,2026-08-11 06:56:20,Bill Payment,1303.75,152266.41,Branch,Entertainment,,Completed,Bill Payment via Mobile App,0,Dallas,USD,5
5791,161,2024-09-18 20:20:15,Transfer In,2548.18,211538.36,Branch,,598,Completed,Transfer In via ATM,0,Houston,USD,0
5792,467,2025-02-14 19:11:42,Deposit,646.41,142591.71,Online,Healthcare,,Completed,Deposit via ATM,0,Chicago,USD,1.5
5793,452,2024-03-11 19:57:49,Withdrawal,6344.01,63767.88,Mobile App,Dining,,Completed,Withdrawal via Online,0,San Antonio,USD,0
5794,740,2025-07-26 12:42:06,Fee,6597.4,96719.18,Online,,,Completed,Fee via POS,0,Cambridge,USD,2.5
5795,858,2024-09-23 17:33:00,Deposit,6583.57,16946.46,ATM,,,Completed,Deposit via POS,0,Los Angeles,USD,1.5
5796,87,2025-08-16 19:44:31,Deposit,3833.41,177580.39,Online,Entertainment,,Failed,Deposit via Mobile App,0,Buffalo,USD,10
5797,406,2025-10-06 09:32:23,Withdrawal,528.6,89573.05,Online,Entertainment,,Pending,Withdrawal via Online,0,Tucson,USD,2.5
5798,903,2024-07-27 10:45:11,Transfer In,3610.71,142899.9,POS,,951,Completed,Transfer In via POS,0,Phoenix,USD,0
5799,420,2025-06-05 16:09:23,Bill Payment,1191.37,233510.68,Mobile App,Healthcare,,Completed,Bill Payment via Branch,0,Sacramento,USD,1.5
5800,645,2024-08-05 03:41:59,Deposit,3152.76,91402.29,POS,Healthcare,,Completed,Deposit via ATM,0,Buffalo,USD,10
5801,475,2025-08-08 21:36:38,Withdrawal,6413.04,11983.79,ATM,Healthcare,,Completed,Withdrawal via Mobile App,0,Aurora,USD,0
5802,451,2026-02-07 12:49:41,Bill Payment,3543.54,65081.33,Online,Dining,,Completed,Bill Payment via Online,0,Buffalo,USD,0
5803,900,2025-11-09 00:46:35,Deposit,7843.46,6053.32,Mobile App,Travel,,Completed,Deposit via ATM,1,Mesa,USD,0
5804,461,2026-01-17 01:32:51,Bill Payment,2281.7,165589.48,Branch,Education,,Completed,Bill Payment via Online,0,Tacoma,USD,0
5805,406,2026-04-16 23:10:25,Bill Payment,3586.37,163743.45,Online,Entertainment,,Completed,Bill Payment via Online,0,Aurora,USD,0
5806,94,2025-12-07 15:37:54,Withdrawal,5933.53,198579.43,Mobile App,Healthcare,,Completed,Withdrawal via Online,0,Tampa,USD,0
5807,1171,2026-04-20 10:18:13,Bill Payment,4154.31,206386.51,ATM,Dining,,Pending,Bill Payment via Branch,0,Atlanta,USD,0
5808,344,2025-08-19 23:03:16,Transfer In,6948.83,61775.93,Mobile App,,443,Completed,Transfer In via Mobile App,0,Augusta,USD,0
5809,811,2024-03-18 05:34:07,Transfer Out,2812.01,12226.02,Online,,792,Completed,Transfer Out via Mobile App,0,Austin,USD,0
5810,458,2025-08-20 13:04:14,Bill Payment,6208.0,125405.67,Mobile App,Entertainment,,Completed,Bill Payment via Branch,0,Albany,USD,10
5811,537,2025-12-05 15:41:08,Fee,1579.49,177175.5,POS,,,Completed,Fee via Branch,0,Albany,USD,2.5
5812,754,2025-03-02 09:28:33,Withdrawal,5207.7,89018.32,Mobile App,Utilities,,Completed,Withdrawal via Branch,0,San Diego,USD,0
5813,1139,2025-08-11 02:22:12,Bill Payment,2714.02,31662.01,POS,Fuel,,Completed,Bill Payment via Branch,0,Augusta,USD,0
5814,867,2025-09-10 23:31:47,Deposit,4623.53,156556.93,Mobile App,,,Completed,Deposit via ATM,0,Dallas,USD,10
5815,678,2024-11-10 08:44:16,Deposit,4219.74,81987.97,Branch,Groceries,,Completed,Deposit via Mobile App,1,Rochester,USD,0
5816,1181,2024-11-08 22:55:57,Transfer In,1060.22,25241.81,ATM,,323,Completed,Transfer In via Mobile App,0,Springfield,USD,10
5817,172,2026-05-15 01:00:16,Deposit,1830.95,134108.78,ATM,Utilities,,Completed,Deposit via Mobile App,0,Boston,USD,0
5818,775,2025-08-19 00:30:10,Deposit,6783.05,206734.14,ATM,Retail,,Completed,Deposit via POS,0,Aurora,USD,1.5
5819,1053,2026-03-09 20:02:08,Transfer In,6391.3,128849.04,Online,,778,Completed,Transfer In via ATM,0,San Diego,USD,0
5820,407,2024-07-26 02:55:46,Bill Payment,6051.45,245957.4,Online,Groceries,,Completed,Bill Payment via Branch,0,Mesa,USD,0
5821,178,2026-04-01 21:34:30,Withdrawal,2968.96,143098.85,Online,Dining,,Completed,Withdrawal via Mobile App,1,Houston,USD,2.5
5822,1114,2026-02-12 12:39:26,Bill Payment,6313.22,22057.21,Mobile App,,,Completed,Bill Payment via Mobile App,0,Spokane,USD,0
5823,1111,2025-03-11 15:29:36,Deposit,3825.55,126266.03,Online,Travel,,Completed,Deposit via Mobile App,0,Orlando,USD,0
5824,710,2024-08-04 01:05:12,Fee,6970.89,186874.01,Online,,,Completed,Fee via POS,0,Boston,USD,2.5
5825,1108,2024-05-11 12:35:16,Fee,5603.55,169592.6,Online,,,Completed,Fee via Online,0,Tucson,USD,0
5826,389,2024-08-09 23:41:05,Withdrawal,827.04,36510.35,Branch,Entertainment,,Pending,Withdrawal via POS,0,Dallas,USD,0
5827,1173,2025-08-12 07:07:10,Bill Payment,5842.94,251539.37,Online,Education,,Completed,Bill Payment via ATM,0,Jacksonville,USD,10
5828,746,2026-06-10 09:38:45,Transfer Out,2259.2,116459.24,ATM,,1106,Completed,Transfer Out via POS,0,Albany,USD,0
5829,1151,2024-04-11 05:26:01,Withdrawal,4101.34,132522.32,Online,Utilities,,Completed,Withdrawal via Online,0,San Francisco,USD,0
5830,153,2024-04-10 15:25:21,Interest Credit,233.42,229699.53,Mobile App,,,Completed,Interest Credit via ATM,0,New York City,USD,1.5
5831,594,2025-12-18 03:55:55,Transfer In,1675.22,42458.73,Online,,121,Completed,Transfer In via POS,0,Buffalo,USD,10
5832,625,2025-08-07 13:15:25,Deposit,1612.22,39673.55,ATM,,,Completed,Deposit via Branch,0,San Diego,USD,5
5833,1089,2026-07-21 16:35:23,Withdrawal,319.29,194504.58,ATM,Groceries,,Completed,Withdrawal via POS,0,San Antonio,USD,0
5834,3,2025-06-16 14:24:10,Withdrawal,4826.31,34350.09,ATM,,,Pending,Withdrawal via Branch,0,Miami,USD,0
5835,420,2025-10-11 14:45:08,Bill Payment,2482.35,140206.61,Online,Dining,,Completed,Bill Payment via ATM,0,Albany,USD,1.5
5836,460,2025-10-21 05:05:01,Deposit,7418.58,86885.02,Mobile App,Retail,,Completed,Deposit via POS,0,Naperville,USD,2.5
5837,739,2026-06-27 09:49:01,Transfer In,4731.44,54085.15,ATM,,15,Completed,Transfer In via Online,0,San Antonio,USD,2.5
5838,979,2024-11-24 21:14:42,Withdrawal,2408.7,123696.36,Online,,,Completed,Withdrawal via Branch,0,Miami,USD,0
5839,1196,2024-10-14 17:45:36,Transfer Out,7677.82,70791.67,Branch,,113,Completed,Transfer Out via Mobile App,0,Austin,USD,0
5840,247,2026-07-19 22:04:52,Interest Credit,3641.6,373.16,Mobile App,,,Completed,Interest Credit via Mobile App,0,San Francisco,USD,1.5
5841,410,2024-08-15 12:32:21,Deposit,3699.67,63621.69,ATM,Dining,,Completed,Deposit via Online,0,Phoenix,USD,0
5842,992,2024-01-17 06:01:32,Transfer In,4354.02,178034.8,ATM,,985,Completed,Transfer In via Branch,0,Denver,USD,1.5
5843,463,2025-11-29 09:41:14,Interest Credit,2527.92,17046.38,Online,,,Completed,Interest Credit via Mobile App,0,Seattle,USD,0
5844,749,2024-07-01 02:06:07,Deposit,5599.93,111381.51,Mobile App,Utilities,,Completed,Deposit via POS,0,Houston,USD,5
5845,977,2025-03-25 12:41:59,Withdrawal,3938.0,87348.65,Branch,Fuel,,Completed,Withdrawal via Branch,0,Tucson,USD,10
5846,88,2026-01-09 19:55:01,Transfer In,3040.79,159384.97,Mobile App,,1168,Completed,Transfer In via Online,0,Sacramento,USD,0
5847,310,2026-09-12 17:38:08,Transfer Out,1195.77,37231.56,Online,,891,Completed,Transfer Out via Mobile App,1,Boston,USD,0
5848,334,2026-05-23 22:13:54,Transfer Out,4977.62,24414.94,Branch,,839,Completed,Transfer Out via Online,0,Houston,USD,0
5849,997,2024-05-17 04:41:50,Bill Payment,2548.23,94403.74,Branch,,,Completed,Bill Payment via POS,0,Atlanta,USD,10
5850,33,2024-07-11 17:20:10,Transfer Out,2891.43,78311.85,Mobile App,,863,Completed,Transfer Out via Online,1,Phoenix,USD,0
5851,440,2025-08-13 09:29:07,Interest Credit,4055.65,82226.55,Online,,,Completed,Interest Credit via Mobile App,0,Seattle,USD,1.5
5852,1195,2025-06-13 23:49:05,Withdrawal,2449.11,149584.06,Mobile App,Fuel,,Completed,Withdrawal via Mobile App,0,Cambridge,USD,0
5853,1052,2026-07-02 14:08:41,Bill Payment,5371.15,218090.92,ATM,Entertainment,,Completed,Bill Payment via ATM,0,Phoenix,USD,5
5854,296,2026-07-26 04:02:58,Fee,7956.04,77214.99,ATM,,,Completed,Fee via Branch,0,Austin,USD,5
5855,290,2024-10-26 13:42:03,Bill Payment,6279.17,209002.95,Mobile App,Fuel,,Failed,Bill Payment via ATM,0,Orlando,USD,5
5856,933,2026-04-05 01:22:45,Withdrawal,837.33,43586.08,Online,Fuel,,Completed,Withdrawal via Branch,0,San Antonio,USD,0
5857,93,2026-07-16 06:51:21,Deposit,180.24,206632.19,Mobile App,Utilities,,Completed,Deposit via ATM,0,Cambridge,USD,0
5858,579,2024-06-10 07:00:43,Fee,6783.77,78773.51,POS,,,Completed,Fee via ATM,0,New York City,USD,0
5859,622,2025-01-31 21:30:39,Transfer In,2423.7,11974.67,Online,,460,Completed,Transfer In via ATM,0,Sacramento,USD,0
5860,414,2025-04-05 04:09:03,Interest Credit,237.18,119919.41,Online,,,Completed,Interest Credit via Online,0,Tacoma,USD,2.5
5861,700,2025-05-18 00:11:04,Withdrawal,6605.95,100474.09,Mobile App,Dining,,Completed,Withdrawal via ATM,1,Phoenix,USD,2.5
5862,946,2025-05-05 17:04:58,Bill Payment,7716.07,246908.28,ATM,Utilities,,Completed,Bill Payment via Online,1,Seattle,USD,0
5863,728,2026-04-25 13:12:21,Deposit,2985.08,133465.01,Online,Entertainment,,Completed,Deposit via Online,0,Houston,USD,0
5864,118,2026-02-11 19:15:39,Bill Payment,5280.72,247439.89,ATM,Dining,,Completed,Bill Payment via POS,0,Houston,USD,1.5
5865,218,2025-06-09 07:16:00,Transfer In,4532.42,198981.23,Online,,77,Completed,Transfer In via Branch,0,Tampa,USD,0
5866,1102,2026-06-26 04:12:38,Withdrawal,2634.56,145835.19,Branch,Dining,,Completed,Withdrawal via Mobile App,0,Tucson,USD,0
5867,92,2024-05-08 12:14:52,Deposit,7800.55,144845.54,Online,Retail,,Completed,Deposit via POS,0,Sacramento,USD,10
5868,52,2025-03-25 08:25:02,Transfer In,4663.41,39197.05,ATM,,1007,Completed,Transfer In via Branch,0,Denver,USD,10
5869,722,2025-10-03 16:10:42,Bill Payment,4315.89,214791.28,ATM,Travel,,Completed,Bill Payment via Mobile App,0,Chicago,USD,0
5870,255,2025-10-09 15:12:30,Deposit,2299.81,158218.88,Mobile App,Groceries,,Completed,Deposit via POS,1,Augusta,USD,0
5871,515,2024-02-27 16:37:51,Withdrawal,3330.82,145648.81,Online,,,Completed,Withdrawal via ATM,0,Tampa,USD,2.5
5872,868,2025-10-17 22:47:55,Withdrawal,1830.76,226907.32,Branch,Retail,,Completed,Withdrawal via ATM,0,Cambridge,USD,0
5873,627,2026-08-28 14:03:55,Withdrawal,5983.12,175198.39,Online,Groceries,,Completed,Withdrawal via POS,0,San Francisco,USD,10
5874,1100,2024-10-16 13:01:42,Bill Payment,3335.54,259971.72,Mobile App,Travel,,Completed,Bill Payment via ATM,0,Buffalo,USD,5
5875,1129,2025-01-22 03:46:02,Deposit,7313.27,131291.85,Online,Entertainment,,Completed,Deposit via Mobile App,0,Houston,USD,1.5
5876,95,2024-02-19 09:02:48,Fee,5264.19,223580.57,Branch,,,Completed,Fee via Online,0,San Diego,USD,0
5877,971,2025-11-27 03:12:06,Withdrawal,6322.79,32775.22,Online,Healthcare,,Completed,Withdrawal via Branch,0,Austin,USD,0
5878,634,2026-09-12 11:23:36,Withdrawal,7811.36,80579.81,Branch,Entertainment,,Completed,Withdrawal via POS,0,Spokane,USD,5
5879,312,2024-07-18 12:41:15,Interest Credit,107.49,57069.04,POS,,,Completed,Interest Credit via Online,0,Cambridge,USD,1.5
5880,861,2025-12-22 21:21:33,Transfer Out,7155.13,228841.76,ATM,,1067,Completed,Transfer Out via Online,0,New York City,USD,0
5881,1114,2025-07-28 09:12:12,Interest Credit,2413.78,123973.16,Online,,,Completed,Interest Credit via Branch,0,Albany,USD,0
5882,642,2025-01-04 08:06:19,Transfer Out,2651.25,20011.76,POS,,674,Completed,Transfer Out via ATM,0,Springfield,USD,0
5883,29,2024-11-01 08:03:02,Bill Payment,42.55,154529.1,Online,Fuel,,Failed,Bill Payment via ATM,0,Houston,USD,0
5884,72,2026-01-16 02:21:25,Bill Payment,7865.52,195673.38,Mobile App,Utilities,,Completed,Bill Payment via Branch,0,Rochester,USD,0
5885,714,2025-07-27 19:18:28,Withdrawal,3132.92,227134.59,Mobile App,Utilities,,Completed,Withdrawal via Branch,0,Tucson,USD,0
5886,981,2025-06-19 09:46:21,Bill Payment,6470.51,248833.29,Online,Groceries,,Completed,Bill Payment via ATM,0,Tacoma,USD,5
5887,137,2026-05-18 02:25:03,Bill Payment,807.59,149478.39,Mobile App,,,Completed,Bill Payment via Online,0,Denver,USD,0
5888,903,2024-09-27 11:26:16,Transfer Out,1690.17,69309.46,ATM,,594,Completed,Transfer Out via Branch,0,San Antonio,USD,0
5889,42,2024-01-25 10:51:28,Transfer Out,3256.68,181445.42,Branch,,741,Completed,Transfer Out via ATM,0,Dallas,USD,1.5
5890,434,2025-11-09 02:08:31,Deposit,5028.97,77405.67,ATM,Education,,Completed,Deposit via Online,0,Spokane,USD,0
5891,472,2025-05-29 06:47:54,Interest Credit,6402.8,210110.87,ATM,,,Pending,Interest Credit via ATM,0,San Francisco,USD,0
5892,383,2025-11-16 07:48:11,Transfer In,6751.11,118024.41,Online,,372,Completed,Transfer In via Mobile App,0,Chicago,USD,0
5893,269,2025-09-14 06:50:30,Bill Payment,1893.43,199573.28,Online,Healthcare,,Completed,Bill Payment via POS,1,Savannah,USD,2.5
5894,325,2025-07-20 05:37:21,Transfer Out,759.37,212585.07,ATM,,117,Completed,Transfer Out via ATM,0,Cambridge,USD,10
5895,86,2026-03-06 04:28:07,Transfer Out,1140.43,140250.35,Online,,472,Completed,Transfer Out via Online,0,Miami,USD,1.5
5896,68,2024-07-11 09:53:30,Bill Payment,382.64,10253.5,Online,Fuel,,Completed,Bill Payment via ATM,0,Austin,USD,5
5897,100,2025-11-07 21:56:27,Withdrawal,1543.33,21979.93,ATM,Retail,,Completed,Withdrawal via Branch,1,Seattle,USD,2.5
5898,860,2024-08-28 23:00:56,Transfer In,6406.9,242981.28,ATM,,885,Completed,Transfer In via Online,0,Phoenix,USD,0
5899,577,2024-01-04 16:47:50,Transfer In,7852.81,126948.48,Online,,1193,Completed,Transfer In via Mobile App,0,Sacramento,USD,2.5
5900,685,2025-09-11 15:41:19,Deposit,3872.08,32424.11,Online,Education,,Completed,Deposit via Online,1,Miami,USD,0
5901,168,2026-07-05 11:48:37,Transfer Out,4836.52,256483.74,Online,,1058,Completed,Transfer Out via Mobile App,0,San Francisco,USD,0
5902,1139,2024-06-02 20:34:01,Transfer In,7768.31,199197.74,Mobile App,,1124,Completed,Transfer In via Branch,0,Rochester,USD,0
5903,214,2025-01-29 04:21:23,Bill Payment,638.5,235716.87,Mobile App,,,Completed,Bill Payment via ATM,0,Sacramento,USD,5
5904,718,2024-04-29 02:11:48,Bill Payment,6892.35,90471.03,Online,Travel,,Completed,Bill Payment via POS,0,Naperville,USD,5
5905,1110,2026-04-17 17:33:54,Withdrawal,3441.09,192354.25,Branch,Utilities,,Completed,Withdrawal via Online,1,Tampa,USD,2.5
5906,187,2024-02-29 05:38:47,Bill Payment,7114.5,168082.71,Online,Utilities,,Completed,Bill Payment via ATM,0,Chicago,USD,10
5907,923,2026-05-28 07:07:26,Deposit,1551.83,57315.53,Mobile App,Utilities,,Completed,Deposit via Mobile App,0,Orlando,USD,1.5
5908,651,2025-02-20 08:18:55,Transfer In,2413.13,127586.82,Online,,785,Completed,Transfer In via Branch,0,Mesa,USD,0
5909,30,2025-01-18 10:08:41,Interest Credit,1673.98,232665.17,ATM,,,Completed,Interest Credit via Mobile App,0,Sacramento,USD,10
5910,69,2024-05-12 03:26:51,Transfer Out,6806.45,198040.11,ATM,,157,Completed,Transfer Out via Branch,0,Savannah,USD,1.5
5911,111,2024-04-08 18:12:17,Bill Payment,2661.83,19498.73,Mobile App,Groceries,,Completed,Bill Payment via Branch,0,Albany,USD,1.5
5912,464,2024-11-18 00:08:57,Fee,5025.43,192065.47,Mobile App,,,Completed,Fee via Mobile App,0,Cambridge,USD,5
5913,1164,2026-06-18 01:35:56,Transfer Out,6636.1,32611.02,ATM,,1125,Completed,Transfer Out via Mobile App,0,Houston,USD,0
5914,375,2025-12-31 23:45:35,Transfer In,908.7,206384.38,Mobile App,,568,Completed,Transfer In via POS,0,Jacksonville,USD,0
5915,859,2025-11-14 00:21:40,Transfer Out,403.54,166735.19,ATM,,891,Completed,Transfer Out via Branch,0,Aurora,USD,10
5916,522,2025-02-09 12:56:38,Transfer In,3035.15,60091.41,ATM,,1062,Completed,Transfer In via Branch,0,Miami,USD,1.5
5917,876,2024-10-04 05:27:34,Bill Payment,628.79,100905.67,Branch,Dining,,Completed,Bill Payment via ATM,0,Cambridge,USD,2.5
5918,1066,2025-05-13 06:19:45,Bill Payment,1218.76,222908.48,ATM,Travel,,Completed,Bill Payment via Online,0,Seattle,USD,0
5919,1134,2026-07-13 22:27:04,Transfer In,4664.96,150412.18,Mobile App,,651,Failed,Transfer In via ATM,0,Austin,USD,1.5
5920,1168,2026-08-03 03:04:09,Deposit,4395.22,161276.02,Mobile App,,,Completed,Deposit via Branch,0,Miami,USD,0
5921,1136,2024-11-17 19:53:24,Bill Payment,5483.69,188795.84,Online,Travel,,Failed,Bill Payment via Mobile App,0,Mesa,USD,2.5
5922,825,2026-01-20 02:30:42,Transfer Out,2826.72,45151.15,Online,,527,Completed,Transfer Out via POS,0,Buffalo,USD,0
5923,922,2024-12-23 18:10:02,Bill Payment,2545.06,73281.41,POS,Entertainment,,Completed,Bill Payment via Mobile App,0,San Antonio,USD,5
5924,296,2025-05-07 13:05:22,Bill Payment,6762.67,230550.34,Online,,,Completed,Bill Payment via Online,0,Seattle,USD,0
5925,831,2024-04-09 16:13:56,Interest Credit,2863.94,220728.22,Mobile App,,,Completed,Interest Credit via Online,0,Augusta,USD,5
5926,38,2026-08-22 03:08:01,Withdrawal,2841.06,55712.97,Mobile App,Fuel,,Completed,Withdrawal via POS,1,Tacoma,USD,0
5927,442,2024-09-11 06:08:52,Deposit,1659.61,35038.39,Branch,,,Completed,Deposit via ATM,0,Houston,USD,2.5
5928,525,2025-03-06 02:11:44,Deposit,658.75,208719.73,ATM,Education,,Pending,Deposit via Branch,0,Los Angeles,USD,10
5929,564,2024-01-06 17:01:34,Fee,4017.89,73462.02,Mobile App,,,Completed,Fee via Online,0,Los Angeles,USD,0
5930,114,2024-02-22 04:45:51,Bill Payment,7654.25,147165.98,Mobile App,Entertainment,,Completed,Bill Payment via Online,0,Miami,USD,2.5
5931,1191,2025-06-06 17:27:22,Transfer In,1308.76,77162.72,Online,,122,Completed,Transfer In via Mobile App,0,Jacksonville,USD,0
5932,731,2024-12-02 21:40:47,Deposit,2491.68,158673.24,Online,,,Completed,Deposit via Mobile App,0,San Francisco,USD,0
5933,1050,2026-02-24 07:44:41,Transfer Out,5915.73,226038.61,Mobile App,,459,Completed,Transfer Out via Online,0,Boulder,USD,0
5934,822,2025-02-18 02:16:52,Transfer In,2860.68,67572.3,Online,,302,Completed,Transfer In via Branch,0,Naperville,USD,5
5935,1129,2025-06-13 21:25:18,Fee,6541.85,115750.31,ATM,,,Completed,Fee via ATM,0,Los Angeles,USD,0
5936,760,2024-05-12 12:38:38,Withdrawal,2787.21,121137.17,Online,Retail,,Completed,Withdrawal via Branch,0,Denver,USD,5
5937,147,2025-11-12 22:14:32,Interest Credit,7610.26,199380.02,POS,,,Completed,Interest Credit via Online,0,New York City,USD,2.5
5938,473,2024-12-22 16:45:49,Bill Payment,3362.5,235897.56,Mobile App,Dining,,Completed,Bill Payment via POS,0,Mesa,USD,2.5
5939,1014,2025-02-17 21:26:58,Transfer Out,3906.92,153545.91,Branch,,766,Completed,Transfer Out via Mobile App,0,Springfield,USD,0
5940,1028,2024-12-18 04:39:58,Bill Payment,7423.53,121482.01,Mobile App,Healthcare,,Completed,Bill Payment via ATM,1,Worcester,USD,2.5
5941,316,2024-11-20 10:42:07,Transfer In,2642.28,82745.88,ATM,,779,Completed,Transfer In via ATM,0,Austin,USD,10
5942,821,2024-06-02 14:21:44,Transfer Out,6499.96,223503.68,Online,,807,Completed,Transfer Out via ATM,0,Miami,USD,0
5943,899,2026-06-08 23:46:24,Fee,2924.6,34183.04,Mobile App,,,Completed,Fee via Mobile App,0,Augusta,USD,5
5944,1149,2026-05-09 20:26:27,Deposit,275.52,42581.43,Branch,Groceries,,Completed,Deposit via ATM,0,New York City,USD,5
5945,680,2024-09-16 11:48:35,Interest Credit,7817.32,251860.34,Branch,,,Completed,Interest Credit via POS,0,Savannah,USD,0
5946,505,2026-02-07 07:12:47,Withdrawal,5035.12,213968.58,ATM,Dining,,Completed,Withdrawal via ATM,0,Orlando,USD,5
5947,900,2025-08-10 13:13:23,Transfer In,4626.22,218790.73,Mobile App,,527,Completed,Transfer In via POS,0,San Diego,USD,2.5
5948,80,2025-04-16 08:45:19,Withdrawal,4481.73,124426.0,Branch,Dining,,Completed,Withdrawal via Branch,0,Dallas,USD,5
5949,982,2024-10-22 12:19:59,Bill Payment,7798.49,204436.24,Online,Utilities,,Completed,Bill Payment via POS,0,Springfield,USD,10
5950,507,2024-05-23 10:23:18,Interest Credit,5681.94,12433.2,Online,,,Completed,Interest Credit via Mobile App,1,Dallas,USD,10
5951,1074,2026-04-26 08:01:00,Transfer Out,2846.09,121664.35,Online,,360,Completed,Transfer Out via POS,0,Miami,USD,0
5952,52,2024-07-20 07:30:47,Withdrawal,775.39,220473.25,Online,,,Completed,Withdrawal via POS,0,Worcester,USD,10
5953,191,2025-06-12 05:24:08,Withdrawal,1975.08,24827.89,Mobile App,Groceries,,Completed,Withdrawal via ATM,0,Phoenix,USD,0
5954,720,2026-06-29 07:48:03,Withdrawal,1362.48,132708.86,Online,Fuel,,Completed,Withdrawal via Mobile App,0,Houston,USD,0
5955,759,2026-09-23 02:46:04,Fee,5625.47,173745.25,Mobile App,,,Completed,Fee via POS,0,Phoenix,USD,10
5956,1118,2024-01-17 22:54:36,Bill Payment,4866.88,26631.18,POS,Entertainment,,Completed,Bill Payment via POS,0,Aurora,USD,0
5957,1037,2026-02-12 23:31:49,Transfer In,2382.71,30897.83,Mobile App,,835,Completed,Transfer In via Mobile App,0,Jacksonville,USD,0
5958,627,2026-04-14 19:47:08,Interest Credit,6886.96,17079.64,Online,,,Completed,Interest Credit via Mobile App,0,Sacramento,USD,0
5959,124,2026-03-29 22:35:08,Withdrawal,4277.34,26706.02,ATM,Entertainment,,Completed,Withdrawal via Online,0,Mesa,USD,0
5960,938,2026-05-15 12:40:57,Transfer Out,1601.23,103547.27,Branch,,1087,Completed,Transfer Out via POS,0,Jacksonville,USD,0
5961,553,2025-12-29 17:30:18,Withdrawal,4375.37,162929.46,Online,Utilities,,Completed,Withdrawal via ATM,0,Tampa,USD,0
5962,335,2025-03-27 17:31:14,Transfer In,5442.04,18828.06,Mobile App,,438,Completed,Transfer In via POS,0,Los Angeles,USD,1.5
5963,393,2026-08-14 09:57:20,Interest Credit,5120.39,191940.3,ATM,,,Completed,Interest Credit via ATM,0,San Antonio,USD,5
5964,434,2025-02-11 09:25:41,Transfer Out,7184.11,87175.09,Mobile App,,588,Completed,Transfer Out via Online,0,Houston,USD,0
5965,10,2024-02-15 11:46:36,Transfer In,7156.5,220001.45,Mobile App,,1059,Completed,Transfer In via ATM,0,Spokane,USD,10
5966,294,2025-09-12 23:11:47,Bill Payment,7697.57,73749.02,POS,Travel,,Completed,Bill Payment via Mobile App,0,Naperville,USD,0
5967,810,2026-03-19 06:29:33,Interest Credit,926.91,59729.85,Online,,,Completed,Interest Credit via Branch,0,Denver,USD,5
5968,1088,2024-09-24 05:53:39,Transfer Out,4097.38,203003.15,Mobile App,,1015,Completed,Transfer Out via Mobile App,0,Orlando,USD,5
5969,956,2026-07-03 11:23:04,Fee,1017.87,189715.34,Online,,,Completed,Fee via Branch,1,Dallas,USD,0
5970,1048,2025-05-26 16:03:34,Bill Payment,7367.85,47990.93,Mobile App,Fuel,,Completed,Bill Payment via ATM,0,Los Angeles,USD,2.5
5971,289,2025-02-14 09:21:19,Withdrawal,621.39,218773.91,Online,Healthcare,,Completed,Withdrawal via Mobile App,0,New York City,USD,0
5972,1053,2024-06-22 00:16:55,Transfer In,3026.33,74527.41,Mobile App,,402,Completed,Transfer In via Mobile App,0,Boulder,USD,1.5
5973,1052,2026-03-06 17:15:20,Withdrawal,4539.69,73981.29,Branch,Fuel,,Completed,Withdrawal via Branch,0,Chicago,USD,5
5974,344,2024-11-28 02:51:19,Interest Credit,5758.64,126493.62,Online,,,Completed,Interest Credit via Mobile App,0,Houston,USD,0
5975,574,2024-02-18 09:56:37,Interest Credit,7992.15,240035.76,Mobile App,,,Completed,Interest Credit via ATM,1,Boulder,USD,0
5976,441,2025-09-02 05:46:27,Withdrawal,651.7,251974.19,Mobile App,,,Completed,Withdrawal via Online,0,Tacoma,USD,0
5977,995,2025-06-17 14:30:51,Bill Payment,5091.58,172767.85,Online,Retail,,Completed,Bill Payment via Branch,0,Seattle,USD,0
5978,1042,2024-01-31 08:03:50,Deposit,3909.3,55368.67,Online,Retail,,Completed,Deposit via ATM,0,Cambridge,USD,5
5979,992,2025-08-30 11:54:05,Deposit,5065.88,137326.06,Online,Fuel,,Completed,Deposit via Branch,0,Miami,USD,5
5980,537,2026-05-20 21:43:13,Bill Payment,2852.74,181809.38,Online,Entertainment,,Completed,Bill Payment via POS,0,Dallas,USD,5
5981,815,2026-01-15 05:08:23,Deposit,4508.26,216559.42,ATM,Fuel,,Completed,Deposit via Branch,0,Cambridge,USD,0
5982,261,2024-07-31 03:59:00,Withdrawal,7600.53,13778.49,Branch,,,Completed,Withdrawal via Online,0,Atlanta,USD,5
5983,486,2025-10-28 15:17:58,Deposit,6455.9,36712.38,Mobile App,Healthcare,,Completed,Deposit via POS,0,Boulder,USD,0
5984,132,2024-01-13 02:12:07,Fee,5259.92,13579.2,Mobile App,,,Completed,Fee via Online,0,Chicago,USD,0
5985,1097,2026-02-07 14:49:27,Transfer In,694.31,26242.4,Mobile App,,414,Completed,Transfer In via Online,1,Worcester,USD,0
5986,788,2025-09-28 16:39:30,Withdrawal,6284.98,156503.73,Online,Education,,Completed,Withdrawal via Online,0,Atlanta,USD,10
5987,5,2026-04-02 00:36:13,Deposit,5745.56,41493.46,Online,Fuel,,Completed,Deposit via POS,0,Aurora,USD,10
5988,537,2025-04-19 16:17:56,Bill Payment,2705.11,53623.51,Mobile App,Fuel,,Completed,Bill Payment via Online,0,Boston,USD,1.5
5989,10,2025-04-28 19:42:44,Deposit,7116.61,2387.74,Mobile App,Utilities,,Completed,Deposit via ATM,0,Austin,USD,0
5990,912,2026-04-22 22:40:02,Transfer Out,5225.38,241091.65,Online,,500,Completed,Transfer Out via Branch,0,Dallas,USD,0
5991,402,2026-03-30 15:02:15,Deposit,4230.84,25260.36,Mobile App,Dining,,Completed,Deposit via Online,0,San Francisco,USD,0
5992,1025,2025-07-28 16:54:45,Deposit,1736.08,142839.34,Branch,Dining,,Completed,Deposit via Branch,0,Tacoma,USD,2.5
5993,995,2025-05-01 00:06:46,Transfer Out,3364.89,184315.36,Mobile App,,794,Completed,Transfer Out via Branch,0,Atlanta,USD,5
5994,4,2026-04-19 00:26:15,Deposit,46.92,172138.44,Mobile App,Entertainment,,Completed,Deposit via Branch,0,Dallas,USD,2.5
5995,113,2024-12-01 23:05:24,Transfer In,2876.04,192022.5,Branch,,436,Completed,Transfer In via ATM,0,Worcester,USD,2.5
5996,97,2024-06-01 13:13:14,Transfer Out,4792.85,103812.5,Mobile App,,111,Failed,Transfer Out via ATM,0,Phoenix,USD,0
5997,193,2024-09-25 04:31:44,Bill Payment,5573.39,-1680.18,ATM,Entertainment,,Failed,Bill Payment via Mobile App,0,Tucson,USD,5
5998,545,2024-07-28 07:48:36,Deposit,4789.28,76722.39,Online,Healthcare,,Completed,Deposit via POS,0,New York City,USD,1.5
5999,930,2025-01-23 11:05:26,Transfer Out,7244.24,29073.69,Mobile App,,340,Completed,Transfer Out via Online,0,San Francisco,USD,10
6000,829,2024-09-26 18:16:07,Deposit,1024.35,226476.83,ATM,Dining,,Completed,Deposit via Branch,0,Boston,USD,0
6001,301,2024-01-14 03:44:51,Bill Payment,674.56,54634.76,Online,Dining,,Completed,Bill Payment via POS,0,Austin,USD,1.5
6002,1071,2024-11-13 03:18:11,Deposit,1317.93,132350.7,Mobile App,,,Completed,Deposit via POS,0,Tucson,USD,1.5
6003,549,2024-02-12 03:40:09,Deposit,1022.05,2141.37,Branch,Entertainment,,Completed,Deposit via POS,1,Boulder,USD,0
6004,491,2024-07-23 05:37:55,Bill Payment,5972.33,19229.56,Online,Utilities,,Completed,Bill Payment via Mobile App,0,Albany,USD,1.5
6005,742,2026-01-22 00:05:44,Deposit,2953.87,55604.66,Branch,Dining,,Completed,Deposit via Branch,0,Houston,USD,0
6006,520,2025-01-11 21:15:10,Transfer In,544.78,127656.66,ATM,,145,Completed,Transfer In via POS,0,Austin,USD,0
6007,217,2025-11-20 22:03:21,Bill Payment,5556.38,118024.25,Online,Groceries,,Completed,Bill Payment via POS,0,Cambridge,USD,10
6008,226,2024-10-25 13:21:48,Deposit,5215.52,17902.92,Online,Groceries,,Completed,Deposit via Branch,1,Buffalo,USD,0
6009,262,2025-05-23 10:05:35,Interest Credit,6660.76,103793.68,ATM,,,Completed,Interest Credit via Branch,0,Aurora,USD,1.5
6010,1052,2026-09-08 16:51:27,Withdrawal,1235.3,75859.15,POS,Retail,,Completed,Withdrawal via Branch,0,Jacksonville,USD,0
6011,692,2025-07-25 21:22:47,Transfer Out,4049.0,201456.32,Mobile App,,451,Completed,Transfer Out via Branch,0,Mesa,USD,10
6012,1016,2025-05-12 06:27:06,Fee,3459.45,75295.72,Online,,,Failed,Fee via Branch,0,Chicago,USD,5
6013,1128,2025-09-29 21:07:09,Deposit,5143.17,214238.61,Mobile App,Healthcare,,Completed,Deposit via POS,0,Denver,USD,0
6014,782,2024-08-10 07:50:07,Withdrawal,5238.27,196405.42,Online,Retail,,Completed,Withdrawal via POS,0,San Francisco,USD,10
6015,760,2024-09-07 17:05:46,Withdrawal,7068.7,138269.79,Mobile App,Travel,,Completed,Withdrawal via POS,0,Houston,USD,0
6016,148,2024-01-19 19:13:13,Interest Credit,4570.93,89155.85,Mobile App,,,Failed,Interest Credit via Online,0,Savannah,USD,5
6017,857,2024-12-02 02:36:41,Deposit,2532.7,231029.64,Mobile App,Dining,,Completed,Deposit via Online,0,Savannah,USD,10
6018,1131,2026-04-06 17:31:33,Deposit,4734.92,48597.71,Mobile App,Retail,,Completed,Deposit via Online,0,Tucson,USD,1.5
6019,932,2026-01-29 17:53:59,Fee,5218.79,254220.78,Online,,,Failed,Fee via Mobile App,0,Dallas,USD,0
6020,513,2024-02-15 01:36:35,Deposit,2092.57,31087.8,POS,Retail,,Completed,Deposit via ATM,0,Denver,USD,1.5
6021,1181,2025-10-18 13:05:19,Transfer In,4245.14,202716.54,Online,,733,Completed,Transfer In via ATM,0,Boulder,USD,0
6022,230,2025-03-07 07:58:04,Transfer In,7252.73,218208.25,Online,,136,Completed,Transfer In via POS,0,San Diego,USD,5
6023,215,2024-06-17 05:57:59,Fee,3508.46,151430.4,Branch,,,Completed,Fee via Online,0,San Diego,USD,0
6024,636,2025-09-07 18:10:28,Transfer In,4726.81,169169.83,ATM,,271,Completed,Transfer In via POS,0,San Francisco,USD,0
6025,914,2024-09-26 17:23:01,Interest Credit,1405.2,45539.94,Online,,,Completed,Interest Credit via Branch,0,Sacramento,USD,2.5
6026,711,2025-10-11 08:56:03,Fee,1301.04,128086.51,Online,,,Completed,Fee via Online,0,Sacramento,USD,0
6027,953,2026-03-18 02:59:34,Deposit,4285.28,98080.66,Branch,,,Completed,Deposit via Mobile App,0,Spokane,USD,0
6028,694,2024-02-14 04:57:20,Fee,6810.95,68087.69,Online,,,Completed,Fee via Mobile App,0,Spokane,USD,0
6029,113,2024-08-20 19:14:30,Deposit,5400.91,144213.72,Branch,,,Completed,Deposit via Online,1,Worcester,USD,0
6030,439,2024-03-30 20:14:14,Deposit,560.62,23693.39,Mobile App,,,Completed,Deposit via ATM,0,Aurora,USD,5
6031,527,2026-06-28 12:35:49,Deposit,2762.04,17566.74,ATM,Fuel,,Completed,Deposit via Branch,0,Mesa,USD,0
6032,1024,2025-08-22 06:19:42,Interest Credit,446.1,257112.06,ATM,,,Completed,Interest Credit via Online,0,Cambridge,USD,10
6033,353,2026-01-31 04:20:28,Transfer In,2118.22,78788.85,Branch,,551,Completed,Transfer In via ATM,0,Savannah,USD,10
6034,329,2024-11-27 11:01:23,Withdrawal,4447.99,15539.81,ATM,Retail,,Completed,Withdrawal via POS,0,Augusta,USD,2.5
6035,742,2024-10-06 19:20:33,Deposit,5966.79,33167.78,Branch,Fuel,,Completed,Deposit via POS,0,Buffalo,USD,2.5
6036,838,2026-04-19 20:22:00,Withdrawal,2025.07,213081.0,Mobile App,Retail,,Completed,Withdrawal via Mobile App,0,Boulder,USD,0
6037,1081,2024-01-18 12:39:02,Transfer In,7147.31,165772.24,Branch,,315,Completed,Transfer In via Branch,0,Jacksonville,USD,2.5
6038,1164,2024-07-09 19:51:25,Transfer Out,7626.64,14689.97,POS,,1090,Completed,Transfer Out via ATM,0,Chicago,USD,1.5
6039,1006,2024-11-07 13:18:32,Transfer In,3068.81,124632.57,Online,,332,Completed,Transfer In via POS,0,Miami,USD,2.5
6040,303,2024-02-10 18:53:41,Deposit,6690.13,223029.56,Online,Retail,,Completed,Deposit via Branch,0,Miami,USD,5
6041,169,2024-04-06 04:13:52,Withdrawal,1377.77,248951.41,Mobile App,Retail,,Completed,Withdrawal via Mobile App,0,Boulder,USD,0
6042,597,2026-01-12 14:43:33,Deposit,5921.52,156063.08,POS,Utilities,,Completed,Deposit via ATM,1,Albany,USD,2.5
6043,588,2025-10-25 15:47:24,Interest Credit,169.08,65289.55,Online,,,Completed,Interest Credit via POS,0,Austin,USD,0
6044,820,2025-04-15 05:20:37,Bill Payment,4934.92,245968.0,ATM,,,Completed,Bill Payment via POS,0,Austin,USD,10
6045,515,2025-06-15 12:36:18,Bill Payment,4955.9,158135.25,Online,Healthcare,,Completed,Bill Payment via Mobile App,0,New York City,USD,0
6046,220,2025-04-04 08:31:39,Deposit,4585.9,134378.48,ATM,Utilities,,Completed,Deposit via ATM,0,Los Angeles,USD,0
6047,379,2025-08-31 10:38:07,Transfer In,4309.05,249967.43,Online,,273,Completed,Transfer In via Online,0,Denver,USD,2.5
6048,45,2026-08-11 18:08:53,Interest Credit,2933.94,258556.9,Mobile App,,,Completed,Interest Credit via ATM,0,New York City,USD,1.5
6049,1009,2024-04-23 10:50:03,Deposit,653.06,127680.04,Mobile App,Retail,,Completed,Deposit via Mobile App,0,Tacoma,USD,0
6050,811,2024-11-04 03:28:51,Transfer In,3462.98,259329.07,Mobile App,,630,Completed,Transfer In via ATM,0,Tucson,USD,5
6051,1170,2025-05-27 11:00:00,Withdrawal,1689.77,27447.35,Online,Utilities,,Completed,Withdrawal via POS,0,Miami,USD,10
6052,392,2025-02-28 12:14:24,Transfer Out,1236.77,192056.83,Online,,446,Completed,Transfer Out via ATM,0,Atlanta,USD,0
6053,536,2024-09-23 18:29:04,Transfer In,5930.69,214136.02,Mobile App,,281,Completed,Transfer In via Branch,0,Jacksonville,USD,0
6054,29,2026-06-26 05:38:50,Interest Credit,985.59,170750.65,Online,,,Completed,Interest Credit via POS,0,Sacramento,USD,5
6055,215,2025-06-05 15:15:04,Transfer Out,2660.87,65999.19,POS,,710,Completed,Transfer Out via Online,0,San Antonio,USD,0
6056,968,2024-06-07 15:34:31,Fee,4828.48,170689.65,ATM,,,Completed,Fee via Online,0,Spokane,USD,0
6057,105,2024-01-04 16:28:04,Transfer In,2633.49,169530.06,Online,,522,Completed,Transfer In via Branch,0,Rochester,USD,0
6058,232,2025-06-04 22:31:06,Withdrawal,3046.37,133681.54,Mobile App,Dining,,Completed,Withdrawal via POS,0,Springfield,USD,0
6059,1142,2025-12-23 11:03:47,Deposit,7127.92,259634.07,Mobile App,Groceries,,Failed,Deposit via Online,0,San Antonio,USD,10
6060,714,2026-04-17 10:06:02,Transfer Out,1427.19,147158.37,Branch,,644,Completed,Transfer Out via Mobile App,0,Boulder,USD,2.5
6061,1148,2024-11-15 08:38:24,Transfer Out,5228.94,141240.18,Online,,282,Completed,Transfer Out via Mobile App,0,Buffalo,USD,10
6062,230,2025-10-02 02:31:15,Transfer In,7568.11,172314.84,Mobile App,,51,Completed,Transfer In via Online,0,Atlanta,USD,0
6063,1122,2026-05-22 01:03:52,Fee,2914.89,123137.57,ATM,,,Completed,Fee via POS,1,Albany,USD,0
6064,152,2025-11-25 22:31:44,Transfer Out,1379.03,137300.46,Mobile App,,428,Completed,Transfer Out via ATM,0,Sacramento,USD,0
6065,1081,2026-03-15 08:51:16,Bill Payment,2685.26,224276.13,Online,Travel,,Completed,Bill Payment via Mobile App,0,Tacoma,USD,2.5
6066,1017,2024-10-02 21:37:08,Withdrawal,4435.98,182920.83,ATM,Entertainment,,Completed,Withdrawal via ATM,0,San Francisco,USD,0
6067,825,2025-07-23 09:51:01,Transfer In,3309.48,32109.38,Online,,283,Completed,Transfer In via ATM,0,New York City,USD,0
6068,425,2024-06-07 20:31:25,Fee,5687.75,150493.39,Online,,,Completed,Fee via ATM,1,Chicago,USD,2.5
6069,342,2025-10-07 09:49:35,Bill Payment,1055.13,142353.47,Mobile App,,,Failed,Bill Payment via POS,0,Albany,USD,0
6070,24,2024-08-07 08:14:41,Withdrawal,4044.33,233930.79,Mobile App,,,Completed,Withdrawal via Online,0,San Antonio,USD,0
6071,13,2026-08-27 03:09:55,Bill Payment,5316.32,248637.98,ATM,Fuel,,Completed,Bill Payment via Mobile App,0,Albany,USD,0
6072,613,2025-03-04 12:06:00,Deposit,1459.99,112427.0,Online,Dining,,Completed,Deposit via Online,0,Jacksonville,USD,2.5
6073,676,2026-01-05 08:31:12,Bill Payment,7066.81,241606.39,Online,Retail,,Completed,Bill Payment via Online,0,Mesa,USD,0
6074,496,2024-12-25 20:57:34,Bill Payment,6634.4,85708.27,Online,Groceries,,Completed,Bill Payment via Branch,0,Phoenix,USD,0
6075,480,2025-07-01 12:56:02,Withdrawal,3393.67,41012.66,Branch,Retail,,Completed,Withdrawal via Branch,0,Augusta,USD,1.5
6076,577,2025-12-15 23:58:03,Withdrawal,7801.18,83135.82,ATM,Healthcare,,Completed,Withdrawal via Branch,0,Savannah,USD,10
6077,417,2026-01-25 05:31:56,Interest Credit,850.3,181007.52,Online,,,Completed,Interest Credit via Branch,0,Denver,USD,0
6078,366,2024-06-14 09:57:23,Transfer In,6928.69,256607.79,Online,,1017,Completed,Transfer In via Mobile App,0,Augusta,USD,0
6079,1083,2025-02-23 03:36:01,Deposit,7803.17,34417.79,Mobile App,Education,,Completed,Deposit via POS,0,New York City,USD,5
6080,723,2025-04-24 14:30:22,Bill Payment,3689.11,43312.2,Branch,Healthcare,,Completed,Bill Payment via Branch,0,Denver,USD,0
6081,423,2026-07-15 05:39:16,Interest Credit,324.75,249600.03,Online,,,Completed,Interest Credit via POS,0,Tacoma,USD,0
6082,183,2024-07-28 08:49:02,Deposit,236.85,191881.52,Online,Education,,Completed,Deposit via ATM,0,Springfield,USD,0
6083,40,2026-04-27 14:35:24,Interest Credit,1138.55,218287.43,ATM,,,Completed,Interest Credit via Branch,0,Seattle,USD,1.5
6084,1099,2025-03-18 13:34:33,Fee,6282.55,258118.41,POS,,,Completed,Fee via Branch,0,New York City,USD,0
6085,718,2025-11-29 09:27:44,Bill Payment,7171.69,105187.29,POS,Healthcare,,Completed,Bill Payment via Branch,1,Houston,USD,0
6086,534,2025-01-18 04:20:54,Transfer In,2459.19,27850.77,ATM,,627,Completed,Transfer In via Online,0,Miami,USD,5
6087,136,2024-06-30 10:18:47,Transfer Out,221.99,47873.01,Branch,,1117,Completed,Transfer Out via POS,0,Miami,USD,10
6088,286,2025-08-12 04:11:40,Transfer In,4806.18,259808.59,Online,,203,Completed,Transfer In via ATM,0,Rochester,USD,0
6089,683,2025-10-17 21:19:55,Transfer Out,1714.44,66658.83,POS,,1007,Completed,Transfer Out via POS,0,Aurora,USD,0
6090,945,2025-10-02 22:58:10,Withdrawal,2297.52,169975.71,Online,Travel,,Completed,Withdrawal via ATM,0,San Antonio,USD,1.5
6091,953,2025-11-11 00:27:55,Deposit,90.35,160230.01,ATM,Groceries,,Completed,Deposit via Mobile App,0,Albany,USD,0
6092,94,2025-01-05 18:53:51,Withdrawal,3678.12,53282.92,Online,Travel,,Completed,Withdrawal via Mobile App,0,New York City,USD,2.5
6093,844,2026-09-06 18:18:05,Bill Payment,150.51,247342.19,Branch,Healthcare,,Completed,Bill Payment via Online,0,Sacramento,USD,0
6094,869,2025-06-12 13:43:23,Transfer In,2549.75,187959.61,Branch,,564,Completed,Transfer In via Online,0,Chicago,USD,0
6095,985,2026-06-10 17:39:05,Deposit,362.33,204329.62,Online,Education,,Completed,Deposit via Mobile App,1,San Diego,USD,1.5
6096,136,2026-02-01 19:51:38,Bill Payment,4156.63,110180.27,Branch,Healthcare,,Pending,Bill Payment via Mobile App,0,Seattle,USD,0
6097,50,2025-04-12 19:14:14,Interest Credit,5340.08,83142.0,Branch,,,Completed,Interest Credit via ATM,0,Orlando,USD,0
6098,226,2025-05-14 15:38:03,Fee,5701.16,154509.49,Online,,,Completed,Fee via ATM,0,Los Angeles,USD,0
6099,586,2024-10-21 07:28:11,Interest Credit,5686.16,20300.27,Mobile App,,,Completed,Interest Credit via POS,1,Springfield,USD,2.5
6100,270,2024-05-26 09:18:47,Transfer In,1892.35,84248.98,Mobile App,,160,Completed,Transfer In via Mobile App,0,San Diego,USD,2.5
6101,356,2025-01-15 17:19:26,Transfer Out,1504.0,50568.01,Mobile App,,662,Completed,Transfer Out via Online,0,Mesa,USD,2.5
6102,851,2024-12-27 02:09:52,Transfer In,2474.43,165310.67,Online,,632,Completed,Transfer In via Branch,0,San Francisco,USD,0
6103,296,2024-12-05 04:56:35,Bill Payment,2317.62,116557.33,Online,Retail,,Completed,Bill Payment via Mobile App,0,Tampa,USD,0
6104,258,2024-11-07 18:49:36,Bill Payment,2948.18,252621.62,Branch,Utilities,,Completed,Bill Payment via Branch,0,Denver,USD,10
6105,955,2025-09-13 14:41:02,Transfer In,1215.54,149997.79,Online,,645,Completed,Transfer In via Online,0,Rochester,USD,0
6106,142,2025-08-15 12:46:36,Transfer In,6734.21,17550.67,Branch,,231,Completed,Transfer In via POS,0,Tampa,USD,10
6107,298,2024-01-24 08:33:44,Fee,7185.45,198896.09,ATM,,,Completed,Fee via Branch,0,Boston,USD,0
6108,254,2025-02-23 13:37:25,Transfer In,4913.33,62923.54,Mobile App,,372,Completed,Transfer In via POS,0,Cambridge,USD,0
6109,892,2024-06-01 10:58:06,Transfer Out,3422.71,187508.51,Online,,251,Completed,Transfer Out via ATM,0,Tucson,USD,1.5
6110,682,2024-05-13 06:00:45,Withdrawal,5720.59,32553.1,Mobile App,Travel,,Completed,Withdrawal via Online,0,Boulder,USD,0
6111,500,2025-12-24 11:35:18,Deposit,7534.5,5330.25,Online,Travel,,Completed,Deposit via ATM,0,Houston,USD,0
6112,33,2024-08-07 14:57:47,Deposit,999.43,89556.69,POS,Groceries,,Completed,Deposit via Branch,0,Albany,USD,0
6113,629,2025-04-17 19:25:55,Withdrawal,5007.14,210412.7,Online,Fuel,,Completed,Withdrawal via Online,0,Boston,USD,5
6114,689,2025-03-25 09:49:28,Withdrawal,2830.51,201881.11,Mobile App,Dining,,Completed,Withdrawal via ATM,0,Spokane,USD,2.5
6115,606,2025-05-16 13:57:41,Bill Payment,4177.75,76067.3,Online,Travel,,Completed,Bill Payment via Branch,0,San Diego,USD,5
6116,53,2025-08-01 02:42:41,Interest Credit,5624.81,229637.1,POS,,,Pending,Interest Credit via POS,0,Spokane,USD,0
6117,978,2026-09-05 17:37:52,Transfer In,4836.12,183440.18,Online,,1109,Completed,Transfer In via Branch,0,Springfield,USD,0
6118,562,2026-06-01 03:15:21,Deposit,4207.94,31083.29,Branch,Entertainment,,Failed,Deposit via ATM,0,Boulder,USD,0
6119,598,2024-08-15 13:01:54,Transfer Out,1862.25,229147.59,ATM,,813,Completed,Transfer Out via POS,0,Springfield,USD,0
6120,572,2025-11-08 22:49:29,Transfer In,7306.46,32382.01,Mobile App,,998,Completed,Transfer In via Branch,0,Tampa,USD,2.5
6121,744,2025-07-26 01:29:55,Transfer Out,3054.89,139434.78,Online,,84,Completed,Transfer Out via Branch,0,Mesa,USD,10
6122,899,2024-02-05 20:09:13,Deposit,1440.51,106898.47,ATM,Fuel,,Completed,Deposit via Mobile App,0,Springfield,USD,0
6123,1127,2026-03-21 22:13:51,Deposit,2405.48,57519.05,Mobile App,Healthcare,,Completed,Deposit via Branch,0,Buffalo,USD,0
6124,114,2026-01-31 09:13:35,Transfer Out,7665.45,163680.09,Mobile App,,847,Completed,Transfer Out via POS,0,San Diego,USD,10
6125,939,2025-03-03 13:21:17,Deposit,4192.24,136813.33,Online,Healthcare,,Completed,Deposit via Branch,0,Tucson,USD,0
6126,741,2026-04-02 06:34:52,Withdrawal,7738.89,152688.27,Online,Healthcare,,Pending,Withdrawal via Branch,0,Worcester,USD,10
6127,119,2026-05-21 04:12:22,Transfer Out,5294.05,130763.59,Branch,,470,Completed,Transfer Out via ATM,0,Buffalo,USD,0
6128,213,2025-12-14 00:55:19,Deposit,4484.66,210746.22,Branch,Groceries,,Completed,Deposit via POS,0,San Diego,USD,2.5
6129,292,2025-09-18 10:22:05,Deposit,1553.61,34149.62,Mobile App,Fuel,,Completed,Deposit via Online,0,San Francisco,USD,0
6130,183,2025-03-23 02:59:55,Transfer In,6253.72,13639.44,Branch,,361,Completed,Transfer In via Branch,0,New York City,USD,10
6131,891,2025-10-31 18:09:32,Bill Payment,1986.37,27191.01,ATM,Utilities,,Completed,Bill Payment via Mobile App,0,New York City,USD,10
6132,17,2025-07-05 02:02:10,Bill Payment,2042.14,154597.39,Online,Healthcare,,Completed,Bill Payment via Mobile App,0,Mesa,USD,0
6133,769,2026-03-19 07:11:57,Deposit,6799.06,235452.45,Mobile App,Retail,,Completed,Deposit via ATM,0,Aurora,USD,10
6134,1017,2026-09-09 11:05:05,Fee,2123.39,202942.16,Mobile App,,,Completed,Fee via POS,0,Denver,USD,5
6135,343,2025-08-02 18:18:53,Transfer Out,5249.01,217398.97,Online,,1174,Completed,Transfer Out via ATM,0,San Antonio,USD,10
6136,164,2025-12-02 20:38:59,Bill Payment,5.99,110594.94,Mobile App,Fuel,,Completed,Bill Payment via ATM,0,Sacramento,USD,0
6137,735,2024-03-11 11:02:34,Transfer In,5844.88,91950.33,ATM,,604,Completed,Transfer In via ATM,0,Orlando,USD,10
6138,643,2026-02-28 11:30:33,Bill Payment,6864.84,105332.9,Online,Entertainment,,Completed,Bill Payment via Online,1,Seattle,USD,0
6139,126,2025-02-23 21:04:04,Fee,4280.66,96977.32,Mobile App,,,Completed,Fee via ATM,0,Denver,USD,0
6140,233,2024-11-09 07:58:28,Interest Credit,7854.46,78334.96,Mobile App,,,Completed,Interest Credit via ATM,0,Los Angeles,USD,0
6141,185,2024-07-21 02:52:47,Withdrawal,2304.55,52937.64,Mobile App,Entertainment,,Completed,Withdrawal via Online,0,Spokane,USD,0
6142,606,2025-06-07 18:45:35,Deposit,4165.46,253060.84,Online,Education,,Completed,Deposit via POS,0,Miami,USD,2.5
6143,287,2026-09-13 20:31:33,Bill Payment,2031.81,178837.58,Online,Dining,,Completed,Bill Payment via Branch,0,Mesa,USD,10
6144,119,2026-05-26 18:29:42,Deposit,7120.13,140819.06,Mobile App,Travel,,Completed,Deposit via Mobile App,0,Denver,USD,10
6145,205,2025-06-27 13:21:45,Fee,140.63,156020.13,ATM,,,Failed,Fee via Branch,0,Los Angeles,USD,5
6146,1173,2025-09-15 01:35:54,Withdrawal,6355.23,225158.81,Online,Dining,,Completed,Withdrawal via Online,0,Springfield,USD,2.5
6147,749,2024-02-09 17:05:13,Interest Credit,6308.75,42364.09,ATM,,,Completed,Interest Credit via ATM,0,Dallas,USD,0
6148,644,2025-03-27 12:40:32,Deposit,5791.8,60293.26,Mobile App,Utilities,,Completed,Deposit via Online,0,Atlanta,USD,0
6149,304,2024-07-28 17:03:22,Fee,6347.58,63410.26,Online,,,Completed,Fee via Mobile App,0,Miami,USD,0
6150,235,2025-05-28 03:50:20,Deposit,6521.07,243973.87,Online,,,Completed,Deposit via ATM,0,Denver,USD,10
6151,127,2024-12-18 00:53:06,Transfer Out,1579.34,218233.8,Branch,,747,Completed,Transfer Out via Online,0,San Francisco,USD,1.5
6152,187,2024-03-05 16:08:11,Transfer Out,2018.43,178893.5,Mobile App,,748,Completed,Transfer Out via Branch,0,Sacramento,USD,5
6153,665,2025-05-08 02:58:57,Bill Payment,705.18,28703.34,ATM,Education,,Pending,Bill Payment via Online,0,Augusta,USD,5
6154,1014,2024-02-27 23:05:15,Withdrawal,7339.96,74541.74,Mobile App,Groceries,,Completed,Withdrawal via Branch,0,Miami,USD,5
6155,256,2025-08-02 20:51:06,Fee,19.75,109416.59,Mobile App,,,Completed,Fee via Branch,0,Jacksonville,USD,5
6156,784,2025-01-03 20:30:45,Bill Payment,7453.51,174235.41,ATM,Dining,,Failed,Bill Payment via Branch,0,Tampa,USD,1.5
6157,890,2026-09-12 14:11:09,Interest Credit,534.77,126193.6,Mobile App,,,Completed,Interest Credit via Branch,0,Phoenix,USD,5
6158,945,2026-01-30 13:57:11,Transfer Out,7654.99,163203.68,Branch,,924,Completed,Transfer Out via ATM,0,Spokane,USD,1.5
6159,1002,2025-09-17 22:23:43,Bill Payment,3047.73,4074.48,Online,Education,,Completed,Bill Payment via Mobile App,0,Rochester,USD,1.5
6160,252,2024-06-16 07:30:40,Withdrawal,5004.18,139218.68,ATM,,,Completed,Withdrawal via Branch,0,Denver,USD,2.5
6161,386,2026-04-05 02:53:46,Transfer In,5704.29,83409.12,POS,,489,Completed,Transfer In via ATM,0,Buffalo,USD,0
6162,1122,2024-07-28 16:15:52,Bill Payment,7342.69,25526.52,Online,Education,,Completed,Bill Payment via Mobile App,0,Austin,USD,1.5
6163,1163,2024-09-20 01:08:14,Transfer Out,4414.64,253967.95,Online,,630,Completed,Transfer Out via POS,0,Boulder,USD,10
6164,402,2025-05-25 16:52:17,Transfer In,6754.4,67863.08,Online,,1161,Completed,Transfer In via Mobile App,1,San Diego,USD,0
6165,560,2025-02-14 04:52:07,Transfer Out,7658.45,105028.88,POS,,632,Completed,Transfer Out via POS,0,Austin,USD,5
6166,872,2025-06-08 01:45:39,Withdrawal,81.59,67971.32,Online,Fuel,,Completed,Withdrawal via ATM,0,Tampa,USD,0
6167,378,2026-05-09 12:31:46,Interest Credit,3875.96,228828.38,Mobile App,,,Completed,Interest Credit via Branch,0,Cambridge,USD,10
6168,178,2026-08-15 13:34:49,Withdrawal,6976.63,162157.48,ATM,Fuel,,Completed,Withdrawal via ATM,0,Worcester,USD,0
6169,510,2025-11-14 21:03:22,Bill Payment,981.69,190160.26,Mobile App,Fuel,,Pending,Bill Payment via Branch,0,Seattle,USD,0
6170,1101,2025-02-01 19:06:56,Transfer In,6762.13,223109.91,ATM,,380,Completed,Transfer In via ATM,1,Sacramento,USD,2.5
6171,99,2024-05-30 15:15:33,Transfer In,2669.56,62.01,Online,,1133,Completed,Transfer In via POS,0,Albany,USD,5
6172,547,2025-08-15 11:46:16,Deposit,6924.35,146574.48,ATM,Fuel,,Completed,Deposit via Branch,0,Boulder,USD,5
6173,849,2025-11-10 21:30:35,Transfer In,490.25,240982.32,Online,,1058,Completed,Transfer In via ATM,0,Tucson,USD,5
6174,283,2024-06-29 01:06:05,Deposit,697.38,174351.8,ATM,Fuel,,Completed,Deposit via Online,0,Boston,USD,2.5
6175,385,2026-07-22 18:47:20,Withdrawal,3142.14,224446.1,Mobile App,Fuel,,Completed,Withdrawal via Online,0,Chicago,USD,10
6176,681,2026-02-23 18:41:08,Withdrawal,3388.5,229116.8,Mobile App,Dining,,Completed,Withdrawal via Mobile App,0,Denver,USD,0
6177,1152,2025-08-24 10:07:39,Bill Payment,5209.58,110883.53,Mobile App,Utilities,,Pending,Bill Payment via ATM,0,Springfield,USD,1.5
6178,733,2025-09-22 18:29:54,Transfer In,7511.5,179553.98,Branch,,1058,Completed,Transfer In via Mobile App,0,Atlanta,USD,5
6179,583,2024-11-29 01:43:54,Fee,2538.41,126960.54,Branch,,,Completed,Fee via Branch,0,Miami,USD,5
6180,236,2024-03-29 00:56:38,Interest Credit,4242.92,250681.46,Mobile App,,,Completed,Interest Credit via Branch,0,San Diego,USD,0
6181,103,2026-05-26 17:41:15,Interest Credit,4084.03,143014.51,Online,,,Completed,Interest Credit via Online,0,Tucson,USD,0
6182,502,2025-06-29 17:29:59,Bill Payment,1722.22,193299.72,Mobile App,Education,,Completed,Bill Payment via ATM,0,San Diego,USD,0
6183,612,2024-06-03 09:02:46,Interest Credit,1242.55,-427.41,Branch,,,Completed,Interest Credit via Online,0,Dallas,USD,0
6184,1091,2025-07-19 22:31:08,Deposit,7114.02,166211.5,ATM,Utilities,,Pending,Deposit via POS,1,Buffalo,USD,1.5
6185,141,2026-02-26 12:48:05,Fee,2040.6,244258.95,Mobile App,,,Completed,Fee via Online,0,Tacoma,USD,0
6186,110,2025-06-05 22:46:12,Deposit,7057.46,194994.65,Mobile App,Utilities,,Completed,Deposit via Branch,0,San Diego,USD,10
6187,1036,2025-01-21 04:37:22,Deposit,7535.45,174362.07,Mobile App,Retail,,Completed,Deposit via Mobile App,0,Miami,USD,1.5
6188,1051,2025-10-16 08:26:47,Transfer In,2920.85,248202.62,Mobile App,,491,Completed,Transfer In via Mobile App,0,Phoenix,USD,5
6189,498,2026-01-30 21:26:04,Deposit,1882.44,109769.77,Branch,Retail,,Completed,Deposit via Mobile App,0,Chicago,USD,0
6190,318,2025-05-24 17:19:46,Withdrawal,721.52,252974.58,Branch,Fuel,,Pending,Withdrawal via POS,0,Cambridge,USD,10
6191,956,2024-05-13 13:08:21,Withdrawal,3304.93,222549.31,Mobile App,Dining,,Completed,Withdrawal via Mobile App,0,Tacoma,USD,0
6192,124,2026-03-17 19:18:39,Transfer In,5548.24,74863.34,Mobile App,,307,Completed,Transfer In via ATM,0,Mesa,USD,10
6193,75,2025-10-09 13:23:56,Deposit,550.25,235838.46,Branch,Fuel,,Completed,Deposit via Online,0,Austin,USD,1.5
6194,1133,2025-05-02 11:27:28,Transfer Out,1126.08,170108.86,Mobile App,,564,Completed,Transfer Out via ATM,0,Tacoma,USD,10
6195,665,2026-07-02 13:51:41,Withdrawal,701.76,246112.14,Online,Groceries,,Completed,Withdrawal via Mobile App,0,Cambridge,USD,0
6196,803,2025-01-22 05:57:00,Transfer Out,4162.02,148622.03,Mobile App,,933,Completed,Transfer Out via POS,0,Sacramento,USD,0
6197,660,2026-01-28 21:42:08,Bill Payment,7244.18,167438.35,Mobile App,Travel,,Completed,Bill Payment via Online,0,Houston,USD,5
6198,912,2026-08-21 19:01:19,Bill Payment,63.92,67308.93,Online,Groceries,,Completed,Bill Payment via Branch,0,Cambridge,USD,5
6199,861,2024-02-06 13:47:28,Deposit,7002.04,64212.39,POS,Retail,,Completed,Deposit via Branch,0,Cambridge,USD,5
6200,413,2024-04-28 04:26:11,Transfer In,40.57,25217.73,Mobile App,,401,Completed,Transfer In via Online,0,Tucson,USD,0
6201,945,2025-03-29 18:32:00,Transfer In,3559.29,139449.9,POS,,721,Completed,Transfer In via ATM,0,Denver,USD,2.5
6202,688,2024-05-11 16:35:24,Deposit,3424.4,135587.03,Online,Entertainment,,Completed,Deposit via POS,0,Worcester,USD,0
6203,234,2025-04-25 02:03:10,Interest Credit,4714.2,82535.12,Branch,,,Completed,Interest Credit via Online,0,Austin,USD,5
6204,379,2024-05-26 10:35:11,Withdrawal,7888.26,184009.85,ATM,Healthcare,,Completed,Withdrawal via ATM,1,Denver,USD,5
6205,995,2025-07-07 17:27:16,Transfer In,5406.07,137763.57,Mobile App,,1121,Completed,Transfer In via Mobile App,0,Dallas,USD,0
6206,4,2025-01-21 20:19:39,Bill Payment,2833.25,91443.35,Mobile App,Travel,,Failed,Bill Payment via POS,1,Spokane,USD,0
6207,663,2025-08-28 11:34:04,Transfer In,423.4,111434.5,ATM,,1161,Completed,Transfer In via ATM,0,Boston,USD,0
6208,405,2024-08-18 12:08:24,Bill Payment,7384.36,206981.01,Branch,Retail,,Completed,Bill Payment via Mobile App,0,Spokane,USD,0
6209,188,2024-10-01 08:25:39,Deposit,1680.04,926.64,ATM,Groceries,,Completed,Deposit via POS,0,Mesa,USD,0
6210,15,2025-12-06 00:39:11,Deposit,1446.6,170773.35,Mobile App,Entertainment,,Failed,Deposit via POS,0,Jacksonville,USD,1.5
6211,1092,2025-10-23 10:16:28,Deposit,1387.08,118949.95,Branch,Entertainment,,Pending,Deposit via ATM,0,Tacoma,USD,0
6212,1051,2026-04-27 20:07:07,Fee,2276.02,197730.63,POS,,,Completed,Fee via Mobile App,0,Austin,USD,5
6213,64,2025-10-22 00:43:32,Deposit,7846.94,108851.31,Online,Education,,Completed,Deposit via ATM,1,Tampa,USD,1.5
6214,1024,2025-08-29 06:10:04,Bill Payment,1167.7,250058.4,ATM,Fuel,,Completed,Bill Payment via ATM,0,Naperville,USD,0
6215,1071,2025-03-29 05:06:58,Bill Payment,3985.22,25579.48,Online,Retail,,Completed,Bill Payment via Online,0,Orlando,USD,10
6216,414,2024-02-16 03:03:55,Deposit,405.49,6411.01,ATM,,,Completed,Deposit via ATM,0,Tampa,USD,0
6217,532,2025-12-13 10:05:24,Deposit,5163.06,234659.4,Mobile App,Entertainment,,Completed,Deposit via Branch,0,Tucson,USD,5
6218,1018,2024-02-14 03:36:20,Withdrawal,399.7,25178.43,Branch,,,Completed,Withdrawal via POS,0,Houston,USD,2.5
6219,1151,2025-05-04 20:21:19,Bill Payment,1697.98,134041.7,Online,Groceries,,Pending,Bill Payment via Mobile App,0,Jacksonville,USD,0
6220,1179,2025-04-04 07:42:30,Withdrawal,6170.7,188312.79,ATM,Travel,,Completed,Withdrawal via ATM,0,Worcester,USD,0
6221,796,2025-09-04 22:55:17,Interest Credit,2153.06,131165.25,Branch,,,Failed,Interest Credit via Branch,0,Albany,USD,5
6222,373,2026-05-10 12:39:53,Withdrawal,5009.74,257005.89,Branch,Retail,,Pending,Withdrawal via Mobile App,0,Cambridge,USD,0
6223,759,2026-02-20 08:59:35,Fee,5672.63,227323.73,Branch,,,Completed,Fee via Branch,0,Tucson,USD,1.5
6224,1079,2026-05-13 07:13:42,Fee,3879.93,101668.16,Mobile App,,,Completed,Fee via ATM,1,Worcester,USD,2.5
6225,628,2026-09-21 13:12:54,Withdrawal,5853.94,41486.97,Mobile App,,,Completed,Withdrawal via Online,0,Houston,USD,10
6226,883,2024-07-09 15:02:44,Withdrawal,7519.21,61020.53,Online,,,Completed,Withdrawal via POS,0,Mesa,USD,5
6227,153,2024-12-19 14:30:38,Deposit,457.26,161214.75,Mobile App,Healthcare,,Completed,Deposit via Mobile App,1,Worcester,USD,0
6228,1134,2025-03-21 04:46:22,Transfer In,898.58,21503.0,Online,,435,Completed,Transfer In via POS,0,Sacramento,USD,0
6229,2,2026-03-09 18:21:59,Transfer In,382.41,74586.99,Mobile App,,825,Failed,Transfer In via Branch,0,Aurora,USD,0
6230,838,2025-03-17 08:59:31,Transfer In,3879.33,7909.44,ATM,,841,Completed,Transfer In via POS,0,Jacksonville,USD,0
6231,1092,2026-01-08 06:08:04,Fee,5442.33,19839.84,POS,,,Completed,Fee via POS,0,Tacoma,USD,0
6232,611,2026-02-03 09:50:47,Withdrawal,7924.22,183847.45,Online,Travel,,Completed,Withdrawal via ATM,1,Boulder,USD,0
6233,384,2026-04-18 04:25:50,Transfer Out,1260.99,191316.71,Online,,941,Completed,Transfer Out via POS,0,Boulder,USD,2.5
6234,462,2025-10-18 21:12:37,Transfer In,2477.92,161505.38,ATM,,799,Completed,Transfer In via Online,0,San Diego,USD,2.5
6235,1098,2026-05-28 02:13:33,Fee,1738.92,142210.73,Branch,,,Failed,Fee via POS,0,Sacramento,USD,2.5
6236,613,2024-04-09 22:47:37,Deposit,574.87,112034.99,Online,Education,,Completed,Deposit via Online,0,Denver,USD,10
6237,1045,2024-11-24 14:39:55,Transfer Out,1821.49,257740.9,Online,,1172,Completed,Transfer Out via ATM,1,Dallas,USD,0
6238,593,2025-09-22 20:40:21,Transfer Out,5713.53,231951.47,Branch,,1083,Pending,Transfer Out via Branch,0,Atlanta,USD,0
6239,1086,2025-11-10 23:35:19,Fee,4580.13,256552.85,Mobile App,,,Pending,Fee via Mobile App,0,Phoenix,USD,10
6240,999,2026-02-05 02:18:56,Interest Credit,883.96,137411.52,Online,,,Completed,Interest Credit via Online,0,Springfield,USD,0
6241,41,2025-03-15 02:21:36,Deposit,787.83,156667.36,Online,,,Completed,Deposit via Branch,0,Miami,USD,0
6242,824,2026-06-22 06:11:44,Withdrawal,2076.89,163403.84,Branch,Dining,,Completed,Withdrawal via Branch,0,Buffalo,USD,1.5
6243,19,2024-12-22 18:16:28,Transfer In,2649.27,140999.11,POS,,479,Completed,Transfer In via Online,0,Chicago,USD,0
6244,951,2025-10-04 10:04:51,Withdrawal,7458.56,138575.34,Mobile App,Utilities,,Completed,Withdrawal via POS,0,Jacksonville,USD,0
6245,414,2025-06-07 17:57:08,Bill Payment,7200.46,247328.52,Branch,Utilities,,Completed,Bill Payment via Online,0,Aurora,USD,10
6246,1109,2025-09-08 15:09:28,Bill Payment,3892.6,114500.01,Mobile App,Education,,Completed,Bill Payment via Online,0,Los Angeles,USD,5
6247,223,2025-11-05 03:37:13,Interest Credit,1735.58,218841.06,Online,,,Completed,Interest Credit via ATM,1,San Francisco,USD,0
6248,483,2026-01-07 16:08:14,Deposit,6993.75,29886.1,Branch,Utilities,,Completed,Deposit via Branch,0,Naperville,USD,5
6249,184,2025-05-30 13:04:59,Transfer Out,2379.24,55008.79,Branch,,839,Completed,Transfer Out via Online,0,Aurora,USD,1.5
6250,179,2025-12-10 11:40:36,Withdrawal,6510.09,73023.09,Branch,Fuel,,Completed,Withdrawal via Mobile App,0,Spokane,USD,10
6251,791,2024-10-06 14:18:46,Transfer In,628.72,77474.57,Mobile App,,462,Completed,Transfer In via POS,0,Jacksonville,USD,0
6252,169,2024-02-14 14:57:11,Bill Payment,665.39,229236.84,POS,Fuel,,Completed,Bill Payment via Online,0,Naperville,USD,2.5
6253,410,2025-01-01 21:49:14,Transfer In,423.88,68911.43,Mobile App,,1021,Completed,Transfer In via Mobile App,0,Orlando,USD,0
6254,520,2025-05-23 01:58:58,Interest Credit,6851.56,242139.45,Online,,,Completed,Interest Credit via Mobile App,0,New York City,USD,0
6255,954,2024-07-27 19:38:04,Transfer Out,7057.58,7872.53,Mobile App,,476,Completed,Transfer Out via Mobile App,0,Sacramento,USD,10
6256,625,2026-08-27 21:57:24,Bill Payment,6726.21,221198.29,Online,Entertainment,,Completed,Bill Payment via ATM,0,Dallas,USD,2.5
6257,732,2024-11-06 17:46:27,Bill Payment,6825.5,223676.37,Online,Utilities,,Completed,Bill Payment via ATM,0,Phoenix,USD,2.5
6258,178,2024-11-03 22:50:21,Transfer In,2022.23,137226.69,Mobile App,,916,Completed,Transfer In via Online,0,Miami,USD,10
6259,776,2025-04-27 10:19:53,Deposit,671.93,132753.39,Mobile App,Groceries,,Completed,Deposit via Mobile App,0,Atlanta,USD,1.5
6260,343,2024-02-21 07:16:58,Deposit,5795.41,254583.25,Mobile App,Entertainment,,Completed,Deposit via ATM,0,Tacoma,USD,0
6261,26,2026-07-06 21:45:41,Withdrawal,3561.89,111353.27,Online,Education,,Completed,Withdrawal via Online,0,Augusta,USD,0
6262,776,2024-04-12 04:45:00,Deposit,4931.33,68075.56,Mobile App,Dining,,Completed,Deposit via Online,0,Austin,USD,10
6263,562,2024-06-01 01:54:38,Transfer Out,5405.59,51550.08,Mobile App,,210,Completed,Transfer Out via Branch,0,Springfield,USD,0
6264,1065,2024-08-14 08:50:02,Transfer Out,2734.98,227534.62,Mobile App,,1071,Completed,Transfer Out via POS,0,Mesa,USD,0
6265,975,2025-10-08 21:07:32,Transfer Out,6268.42,24718.48,Online,,644,Failed,Transfer Out via Online,1,New York City,USD,2.5
6266,295,2024-11-18 01:24:29,Bill Payment,6529.02,804.44,Mobile App,Fuel,,Completed,Bill Payment via Online,0,Tucson,USD,0
6267,904,2024-02-19 02:54:25,Interest Credit,5078.28,175457.45,Online,,,Completed,Interest Credit via POS,0,Rochester,USD,0
6268,5,2025-02-03 19:05:01,Withdrawal,6543.95,206586.4,Online,Education,,Completed,Withdrawal via ATM,0,San Francisco,USD,0
6269,1036,2026-09-15 11:58:51,Deposit,3379.19,79924.76,Mobile App,Healthcare,,Completed,Deposit via Online,0,Aurora,USD,10
6270,31,2024-04-23 14:28:34,Fee,1104.83,15532.11,Mobile App,,,Failed,Fee via Online,0,Seattle,USD,0
6271,870,2025-09-18 12:42:40,Bill Payment,5265.81,160389.89,Mobile App,Retail,,Completed,Bill Payment via Online,0,San Francisco,USD,10
6272,563,2025-01-27 18:09:53,Deposit,4672.31,178875.73,Mobile App,Utilities,,Completed,Deposit via Branch,0,Boulder,USD,10
6273,544,2026-07-21 12:36:03,Withdrawal,2060.55,238470.26,Online,Retail,,Completed,Withdrawal via Mobile App,0,Jacksonville,USD,5
6274,90,2025-06-16 17:56:14,Fee,1557.4,133513.25,ATM,,,Completed,Fee via Branch,0,New York City,USD,1.5
6275,149,2024-03-15 11:57:49,Interest Credit,3050.71,104247.63,Online,,,Failed,Interest Credit via Mobile App,0,Los Angeles,USD,2.5
6276,894,2024-02-07 09:35:20,Deposit,7633.43,30685.38,Mobile App,Dining,,Completed,Deposit via Branch,0,Buffalo,USD,0
6277,458,2025-09-29 14:13:01,Bill Payment,1757.51,15146.45,Branch,Travel,,Completed,Bill Payment via Mobile App,1,Denver,USD,10
6278,398,2026-05-26 14:02:03,Bill Payment,4607.16,143065.46,Online,Education,,Completed,Bill Payment via POS,0,Orlando,USD,1.5
6279,1150,2025-03-25 10:24:21,Withdrawal,2951.79,96941.47,Mobile App,,,Completed,Withdrawal via ATM,0,New York City,USD,0
6280,132,2025-03-21 12:22:51,Deposit,4555.32,49086.8,Mobile App,Entertainment,,Completed,Deposit via ATM,0,Tacoma,USD,0
6281,862,2024-02-23 07:55:06,Deposit,2232.89,173341.78,Branch,Education,,Completed,Deposit via POS,0,Rochester,USD,10
6282,987,2026-05-30 17:09:52,Transfer In,6302.62,197214.83,ATM,,452,Completed,Transfer In via Mobile App,1,Atlanta,USD,0
6283,587,2024-08-19 15:45:23,Fee,6597.11,169853.65,POS,,,Completed,Fee via Branch,0,Rochester,USD,0
6284,346,2026-08-29 13:48:59,Transfer In,4293.3,97269.48,Branch,,1123,Completed,Transfer In via Branch,0,Dallas,USD,10
6285,906,2026-03-13 16:30:40,Transfer In,2307.96,42243.07,Mobile App,,799,Completed,Transfer In via Branch,0,Augusta,USD,0
6286,1157,2025-09-18 07:23:25,Withdrawal,7030.38,126844.9,Online,,,Completed,Withdrawal via ATM,0,Mesa,USD,5
6287,311,2024-12-22 10:42:29,Transfer In,2924.5,246565.93,Online,,1082,Completed,Transfer In via Mobile App,0,Buffalo,USD,5
6288,1149,2025-05-26 08:28:50,Transfer Out,7103.65,206463.53,POS,,1142,Completed,Transfer Out via Branch,0,Los Angeles,USD,10
6289,220,2024-09-19 21:04:00,Transfer In,3177.85,38311.88,ATM,,1114,Completed,Transfer In via Online,0,Augusta,USD,0
6290,322,2026-09-01 08:58:38,Deposit,3397.9,121933.52,ATM,Entertainment,,Pending,Deposit via ATM,0,Tampa,USD,5
6291,497,2025-07-27 08:32:35,Deposit,3942.98,45311.64,Mobile App,Retail,,Completed,Deposit via POS,0,Mesa,USD,1.5
6292,255,2024-10-19 20:34:53,Bill Payment,3674.2,124154.54,ATM,Education,,Completed,Bill Payment via Mobile App,0,Savannah,USD,0
6293,582,2026-07-02 03:35:14,Withdrawal,4524.98,246486.88,POS,Fuel,,Completed,Withdrawal via Branch,0,Cambridge,USD,5
6294,812,2026-09-14 16:42:49,Withdrawal,550.49,117901.77,Mobile App,Healthcare,,Completed,Withdrawal via ATM,0,Tucson,USD,1.5
6295,711,2026-03-28 18:20:06,Transfer Out,3699.47,239798.29,Online,,429,Completed,Transfer Out via POS,0,Chicago,USD,0
6296,26,2025-02-26 09:53:09,Transfer Out,3199.29,174261.89,Mobile App,,421,Completed,Transfer Out via Online,0,Tampa,USD,0
6297,323,2026-05-04 12:17:45,Bill Payment,7748.59,65771.91,ATM,Education,,Completed,Bill Payment via Mobile App,0,Dallas,USD,10
6298,744,2026-08-09 20:54:39,Transfer Out,7241.46,170961.88,Online,,175,Completed,Transfer Out via POS,0,Rochester,USD,0
6299,1009,2026-03-23 18:35:35,Withdrawal,426.26,251261.49,Mobile App,,,Completed,Withdrawal via Branch,0,New York City,USD,10
6300,767,2024-03-07 06:15:38,Bill Payment,2275.0,22914.99,Branch,Dining,,Completed,Bill Payment via POS,0,Aurora,USD,5
6301,729,2024-08-05 11:50:23,Withdrawal,319.21,44738.96,Online,Retail,,Completed,Withdrawal via Online,0,Houston,USD,10
6302,62,2024-05-14 10:38:06,Deposit,421.17,204415.42,Mobile App,Education,,Completed,Deposit via Mobile App,0,Atlanta,USD,10
6303,1149,2024-11-14 15:49:32,Withdrawal,508.82,136646.0,Mobile App,Groceries,,Completed,Withdrawal via Mobile App,0,Los Angeles,USD,5
6304,257,2024-08-06 04:37:14,Fee,3382.95,173543.59,Online,,,Failed,Fee via Online,0,Denver,USD,2.5
6305,924,2025-05-12 14:41:08,Fee,503.41,28603.03,Mobile App,,,Completed,Fee via Mobile App,0,Worcester,USD,0
6306,97,2025-10-22 13:57:09,Withdrawal,7887.0,132694.56,Mobile App,Fuel,,Completed,Withdrawal via Online,0,Naperville,USD,0
6307,40,2026-05-16 20:48:14,Transfer Out,4389.05,195171.06,ATM,,796,Pending,Transfer Out via Mobile App,0,Cambridge,USD,0
6308,910,2024-12-20 08:34:13,Transfer Out,1370.07,193701.66,Branch,,1168,Completed,Transfer Out via POS,0,Chicago,USD,10
6309,434,2026-08-01 00:19:24,Withdrawal,2523.46,254339.85,Online,Fuel,,Completed,Withdrawal via Online,0,Orlando,USD,1.5
6310,825,2024-12-31 07:39:54,Deposit,1569.7,45006.43,Mobile App,Healthcare,,Completed,Deposit via Online,0,Boulder,USD,0
6311,270,2025-12-06 00:08:07,Interest Credit,4723.62,34829.63,ATM,,,Completed,Interest Credit via Branch,0,Boston,USD,10
6312,381,2024-06-08 20:19:08,Bill Payment,3562.22,204188.03,Mobile App,Retail,,Completed,Bill Payment via ATM,0,Sacramento,USD,0
6313,275,2026-06-27 04:36:30,Transfer In,5664.92,242548.36,Mobile App,,557,Completed,Transfer In via Mobile App,0,Houston,USD,0
6314,1043,2025-10-30 00:30:35,Withdrawal,3882.56,246678.95,Online,Groceries,,Completed,Withdrawal via Online,0,Denver,USD,10
6315,1181,2025-10-23 05:18:39,Bill Payment,2562.52,157888.99,Online,Utilities,,Completed,Bill Payment via POS,0,Tacoma,USD,1.5
6316,125,2024-08-21 01:18:18,Withdrawal,5587.43,126016.21,Online,,,Completed,Withdrawal via Mobile App,1,Sacramento,USD,0
6317,303,2025-05-23 00:37:15,Bill Payment,7459.79,76266.43,ATM,Education,,Completed,Bill Payment via ATM,0,Dallas,USD,2.5
6318,1165,2026-08-17 19:24:10,Bill Payment,3104.73,175311.97,Branch,Travel,,Completed,Bill Payment via POS,0,San Diego,USD,0
6319,874,2026-02-11 11:24:12,Bill Payment,4732.45,42099.8,Online,Healthcare,,Completed,Bill Payment via Online,1,Phoenix,USD,10
6320,152,2024-07-26 23:03:11,Interest Credit,7614.03,117450.16,Mobile App,,,Completed,Interest Credit via Branch,0,San Diego,USD,0
6321,1084,2024-02-07 16:05:20,Transfer In,6956.31,192981.0,Online,,275,Completed,Transfer In via Branch,0,Orlando,USD,0
6322,552,2025-07-17 19:19:12,Withdrawal,7413.75,79670.51,POS,,,Completed,Withdrawal via Branch,0,Tacoma,USD,10
6323,374,2024-03-29 13:13:07,Withdrawal,2268.09,201707.39,Mobile App,Entertainment,,Completed,Withdrawal via Online,0,New York City,USD,0
6324,470,2025-07-12 02:12:43,Transfer Out,6351.38,145020.64,Mobile App,,1163,Completed,Transfer Out via Online,0,Savannah,USD,0
6325,511,2026-07-08 22:09:18,Interest Credit,7433.72,212885.61,Online,,,Completed,Interest Credit via ATM,0,Seattle,USD,10
6326,990,2025-10-22 13:33:37,Transfer Out,5025.37,111347.45,Online,,362,Completed,Transfer Out via Online,0,Los Angeles,USD,2.5
6327,274,2025-10-03 05:56:58,Transfer In,1900.16,76510.7,Branch,,20,Completed,Transfer In via Online,0,Worcester,USD,1.5
6328,737,2026-09-20 22:30:35,Deposit,320.74,73528.85,ATM,,,Completed,Deposit via Branch,0,Jacksonville,USD,0
6329,1097,2024-08-14 07:33:45,Withdrawal,7861.33,138411.02,ATM,Fuel,,Completed,Withdrawal via Branch,0,Seattle,USD,2.5
6330,1091,2024-06-23 16:48:20,Fee,5341.64,139053.87,Mobile App,,,Completed,Fee via Online,0,Austin,USD,1.5
6331,717,2024-03-31 06:56:35,Transfer In,5381.14,122961.3,Online,,684,Completed,Transfer In via Branch,0,Naperville,USD,1.5
6332,104,2026-05-02 19:51:24,Fee,615.04,234667.32,Branch,,,Completed,Fee via ATM,0,Springfield,USD,0
6333,459,2026-01-04 21:57:56,Fee,1317.24,246972.2,Online,,,Completed,Fee via Mobile App,0,Seattle,USD,0
6334,719,2024-03-09 20:01:51,Bill Payment,386.78,144131.2,Mobile App,Retail,,Completed,Bill Payment via Mobile App,1,Sacramento,USD,10
6335,515,2024-12-12 06:22:24,Transfer Out,6462.06,131588.49,Online,,1161,Completed,Transfer Out via Online,0,Jacksonville,USD,0
6336,634,2026-01-07 09:19:19,Transfer In,1481.35,178630.41,ATM,,43,Completed,Transfer In via Online,0,New York City,USD,2.5
6337,1037,2025-06-20 11:15:28,Transfer Out,4729.63,43202.84,Online,,636,Completed,Transfer Out via Branch,1,Naperville,USD,0
6338,174,2025-08-04 21:52:58,Bill Payment,6648.89,246982.53,Branch,Dining,,Completed,Bill Payment via ATM,0,Mesa,USD,0
6339,906,2026-03-06 12:03:59,Withdrawal,5332.07,127939.5,Mobile App,,,Completed,Withdrawal via Branch,0,Dallas,USD,2.5
6340,551,2024-01-24 22:02:00,Bill Payment,2448.54,137202.22,Online,Travel,,Pending,Bill Payment via Online,1,Phoenix,USD,2.5
6341,1105,2025-04-10 15:08:07,Withdrawal,1651.92,-1125.27,Online,Entertainment,,Completed,Withdrawal via POS,1,San Francisco,USD,5
6342,260,2024-07-25 21:20:39,Bill Payment,175.29,41026.43,Branch,Dining,,Completed,Bill Payment via POS,0,Atlanta,USD,0
6343,448,2024-10-18 01:17:18,Deposit,2828.05,180207.98,ATM,Utilities,,Completed,Deposit via Mobile App,0,Dallas,USD,0
6344,1188,2025-01-18 12:46:09,Bill Payment,7232.83,69345.59,ATM,Retail,,Completed,Bill Payment via Online,0,Houston,USD,0
6345,252,2025-04-15 00:01:10,Deposit,1128.19,152847.16,Mobile App,Utilities,,Completed,Deposit via Branch,0,Springfield,USD,0
6346,145,2024-09-11 02:22:25,Bill Payment,713.82,52454.7,Branch,Dining,,Completed,Bill Payment via ATM,0,Los Angeles,USD,0
6347,251,2024-06-25 07:58:57,Withdrawal,806.63,134827.97,Online,Utilities,,Completed,Withdrawal via Branch,0,Orlando,USD,0
6348,461,2024-05-02 02:05:21,Bill Payment,3596.47,25851.0,Mobile App,Dining,,Completed,Bill Payment via Branch,0,Denver,USD,0
6349,986,2026-01-11 12:35:12,Fee,646.49,79919.6,ATM,,,Failed,Fee via Mobile App,0,Aurora,USD,0
6350,748,2025-07-25 03:46:30,Fee,5632.85,46121.5,Mobile App,,,Completed,Fee via Mobile App,0,Savannah,USD,2.5
6351,1054,2025-06-27 16:18:55,Deposit,6064.46,112342.95,Mobile App,Groceries,,Completed,Deposit via POS,0,San Antonio,USD,5
6352,613,2025-10-11 00:01:38,Deposit,4568.25,60954.97,Online,Retail,,Completed,Deposit via ATM,0,Boulder,USD,0
6353,14,2026-07-08 17:38:20,Withdrawal,7801.85,108489.07,Mobile App,Education,,Completed,Withdrawal via POS,0,Boston,USD,5
6354,791,2025-05-01 01:58:09,Transfer In,7149.66,218656.22,Online,,114,Completed,Transfer In via Online,0,Tacoma,USD,2.5
6355,403,2026-01-09 05:48:48,Transfer In,6429.38,176666.22,Online,,180,Completed,Transfer In via POS,1,Savannah,USD,5
6356,647,2026-07-10 12:02:43,Transfer Out,760.21,229712.69,POS,,501,Completed,Transfer Out via Mobile App,0,Denver,USD,2.5
6357,519,2025-08-31 12:57:21,Bill Payment,4198.38,72012.56,ATM,Utilities,,Pending,Bill Payment via Branch,0,Naperville,USD,2.5
6358,1165,2025-02-27 20:17:22,Fee,1249.41,69407.37,Mobile App,,,Completed,Fee via Mobile App,0,Dallas,USD,5
6359,975,2025-03-17 01:40:08,Transfer Out,7945.86,196675.98,Mobile App,,675,Completed,Transfer Out via POS,0,San Antonio,USD,10
6360,795,2024-12-01 23:55:20,Withdrawal,4850.13,156274.4,Branch,Dining,,Completed,Withdrawal via Branch,0,Springfield,USD,2.5
6361,1095,2026-08-04 09:47:29,Bill Payment,5245.48,68700.02,Mobile App,Retail,,Pending,Bill Payment via Online,0,Cambridge,USD,0
6362,191,2026-06-14 18:21:12,Interest Credit,7780.16,126200.15,ATM,,,Completed,Interest Credit via Mobile App,0,Aurora,USD,0
6363,391,2024-03-17 18:26:57,Fee,907.82,112469.89,Mobile App,,,Completed,Fee via Online,0,Sacramento,USD,2.5
6364,35,2025-10-25 01:48:48,Withdrawal,2838.69,76407.22,Online,Utilities,,Completed,Withdrawal via ATM,0,Savannah,USD,0
6365,686,2025-02-07 16:19:56,Transfer In,1743.38,234251.87,ATM,,85,Pending,Transfer In via POS,0,Springfield,USD,0
6366,272,2025-07-04 16:59:11,Transfer Out,7259.8,65294.02,Mobile App,,125,Completed,Transfer Out via ATM,0,Albany,USD,0
6367,806,2025-10-06 05:44:41,Interest Credit,2561.1,76426.35,Mobile App,,,Completed,Interest Credit via Online,0,Miami,USD,0
6368,901,2026-07-29 21:45:07,Withdrawal,6818.77,98374.22,Online,Dining,,Completed,Withdrawal via POS,0,Phoenix,USD,0
6369,414,2026-06-08 10:59:18,Transfer Out,2953.23,103782.02,Online,,676,Completed,Transfer Out via Mobile App,0,Sacramento,USD,0
6370,778,2024-04-08 16:25:06,Withdrawal,6223.36,195165.46,Branch,Retail,,Completed,Withdrawal via ATM,0,Chicago,USD,0
6371,833,2026-02-25 03:50:38,Transfer Out,2852.32,14381.85,Online,,634,Pending,Transfer Out via ATM,0,Miami,USD,0
6372,209,2024-10-26 06:03:09,Transfer Out,1966.7,10607.56,Mobile App,,464,Completed,Transfer Out via Mobile App,0,Jacksonville,USD,10
6373,1010,2024-09-29 21:51:07,Transfer In,413.85,89670.19,Mobile App,,383,Completed,Transfer In via POS,0,Rochester,USD,0
6374,488,2025-04-23 13:17:18,Deposit,6890.55,108322.29,Branch,Healthcare,,Completed,Deposit via Mobile App,0,San Antonio,USD,1.5
6375,663,2025-11-28 15:39:25,Interest Credit,4236.96,55213.24,Online,,,Completed,Interest Credit via POS,0,Naperville,USD,0
6376,598,2024-02-28 10:57:19,Withdrawal,1425.71,234350.53,Mobile App,Dining,,Completed,Withdrawal via POS,0,Rochester,USD,1.5
6377,863,2025-08-12 14:48:38,Withdrawal,4007.24,45360.06,ATM,Travel,,Completed,Withdrawal via Mobile App,0,Spokane,USD,0
6378,525,2026-03-26 15:55:55,Deposit,3541.83,216848.32,Online,Fuel,,Completed,Deposit via POS,0,Tacoma,USD,5
6379,363,2024-07-21 23:43:58,Fee,4451.23,122306.5,Branch,,,Completed,Fee via ATM,0,Phoenix,USD,5
6380,139,2025-04-30 21:06:45,Deposit,1506.71,225877.9,Mobile App,Retail,,Completed,Deposit via Branch,0,San Diego,USD,0
6381,957,2025-03-24 20:22:32,Withdrawal,2397.31,188686.83,ATM,Travel,,Completed,Withdrawal via POS,0,Boulder,USD,10
6382,13,2024-01-26 18:41:27,Withdrawal,1024.92,15489.72,Online,Education,,Failed,Withdrawal via Mobile App,0,Tampa,USD,0
6383,235,2026-09-21 05:33:10,Bill Payment,870.94,192453.66,Mobile App,Retail,,Completed,Bill Payment via Mobile App,0,Boulder,USD,0
6384,505,2025-08-13 07:24:01,Withdrawal,5792.55,174604.46,Mobile App,Fuel,,Completed,Withdrawal via ATM,0,Phoenix,USD,0
6385,246,2025-12-18 12:39:47,Transfer In,7767.37,180491.65,ATM,,177,Completed,Transfer In via Online,0,Jacksonville,USD,2.5
6386,171,2024-05-05 02:58:49,Transfer Out,5812.81,248529.17,Branch,,1133,Completed,Transfer Out via POS,0,Tucson,USD,10
6387,285,2025-02-08 06:11:27,Bill Payment,5433.66,150165.31,Mobile App,Fuel,,Completed,Bill Payment via Online,1,San Diego,USD,2.5
6388,448,2025-10-25 02:37:01,Deposit,2553.67,89036.01,POS,Fuel,,Completed,Deposit via POS,0,Denver,USD,5
6389,909,2026-09-21 22:14:41,Fee,2451.01,44861.1,ATM,,,Completed,Fee via Online,0,Sacramento,USD,0
6390,452,2026-08-27 03:37:47,Bill Payment,3931.76,183321.78,ATM,Groceries,,Completed,Bill Payment via ATM,0,Chicago,USD,0
6391,1041,2026-02-08 02:37:17,Transfer In,4310.37,83188.74,Mobile App,,1035,Completed,Transfer In via POS,1,Augusta,USD,5
6392,1011,2024-01-29 14:44:49,Bill Payment,924.13,18494.29,Online,,,Completed,Bill Payment via ATM,0,Spokane,USD,0
6393,7,2024-05-31 06:13:42,Interest Credit,5083.48,137945.33,Mobile App,,,Pending,Interest Credit via Branch,0,Rochester,USD,5
6394,570,2026-08-17 19:40:23,Deposit,6748.88,159036.35,Online,Fuel,,Completed,Deposit via POS,0,Mesa,USD,2.5
6395,1186,2025-09-25 03:30:20,Withdrawal,7349.32,237129.32,ATM,Entertainment,,Completed,Withdrawal via Mobile App,0,Dallas,USD,10
6396,976,2026-08-25 07:20:32,Transfer In,7051.9,237036.88,ATM,,637,Completed,Transfer In via ATM,0,Albany,USD,0
6397,702,2026-01-17 14:28:26,Bill Payment,6567.51,208141.41,Online,Healthcare,,Failed,Bill Payment via POS,0,Spokane,USD,10
6398,211,2025-07-27 23:42:16,Deposit,2702.17,90396.53,ATM,Education,,Completed,Deposit via Mobile App,0,Naperville,USD,10
6399,698,2025-10-06 12:25:57,Deposit,6326.8,180457.49,Online,Dining,,Completed,Deposit via Branch,0,Mesa,USD,5
6400,927,2025-01-18 16:50:42,Bill Payment,3524.24,238848.35,Branch,Utilities,,Failed,Bill Payment via Branch,0,San Francisco,USD,5
6401,247,2026-03-28 12:45:39,Transfer Out,3983.08,78105.97,Online,,576,Completed,Transfer Out via Mobile App,0,San Diego,USD,0
6402,126,2024-04-26 08:12:20,Withdrawal,5820.47,125280.01,POS,Education,,Completed,Withdrawal via POS,0,Tacoma,USD,1.5
6403,417,2026-06-07 21:50:51,Fee,353.47,58469.89,ATM,,,Completed,Fee via POS,0,Naperville,USD,0
6404,268,2025-02-18 18:50:14,Interest Credit,2183.28,150948.48,Online,,,Completed,Interest Credit via Branch,0,San Antonio,USD,1.5
6405,467,2025-03-27 12:21:40,Transfer Out,6967.52,28509.37,Branch,,40,Completed,Transfer Out via POS,0,Seattle,USD,1.5
6406,1086,2024-05-02 20:50:00,Transfer In,899.09,236519.85,Online,,368,Completed,Transfer In via POS,0,Albany,USD,2.5
6407,60,2026-01-14 18:17:49,Transfer Out,5021.92,33898.77,Mobile App,,611,Pending,Transfer Out via Online,0,Austin,USD,1.5
6408,385,2026-09-14 23:13:36,Interest Credit,66.18,13840.54,Mobile App,,,Completed,Interest Credit via POS,0,Worcester,USD,1.5
6409,904,2025-02-17 00:50:42,Withdrawal,2738.81,101190.49,Mobile App,Education,,Completed,Withdrawal via Online,0,Miami,USD,2.5
6410,558,2026-08-08 15:23:37,Bill Payment,204.91,224844.69,ATM,Retail,,Pending,Bill Payment via Branch,0,Mesa,USD,1.5
6411,1099,2024-01-02 11:49:26,Bill Payment,7786.89,15969.38,ATM,Fuel,,Completed,Bill Payment via POS,0,Savannah,USD,10
6412,928,2026-09-22 09:17:27,Withdrawal,6958.86,249134.12,Branch,Education,,Completed,Withdrawal via Branch,0,Phoenix,USD,0
6413,1066,2026-01-15 02:41:40,Transfer Out,2343.63,220562.01,ATM,,977,Completed,Transfer Out via ATM,1,Spokane,USD,0
6414,800,2026-07-02 10:33:41,Withdrawal,5367.62,115281.56,POS,Education,,Completed,Withdrawal via Online,0,Phoenix,USD,0
6415,19,2024-10-04 07:53:51,Withdrawal,2041.51,93436.23,Online,Retail,,Completed,Withdrawal via Mobile App,0,Phoenix,USD,0
6416,420,2026-03-20 16:26:33,Deposit,5613.09,26351.41,Mobile App,Groceries,,Completed,Deposit via Online,0,Jacksonville,USD,0
6417,1158,2026-07-08 21:01:20,Fee,4276.42,11310.8,Mobile App,,,Completed,Fee via Branch,0,Atlanta,USD,2.5
6418,537,2024-05-14 03:48:07,Transfer Out,5275.14,132459.73,Online,,86,Completed,Transfer Out via ATM,0,Miami,USD,1.5
6419,623,2026-04-27 07:57:27,Withdrawal,3444.7,251750.11,Mobile App,,,Completed,Withdrawal via Mobile App,0,Orlando,USD,2.5
6420,896,2024-05-07 17:59:53,Bill Payment,2811.65,69386.91,ATM,Utilities,,Completed,Bill Payment via ATM,0,Boulder,USD,2.5
6421,758,2025-11-09 16:32:33,Deposit,832.05,228201.33,POS,Travel,,Failed,Deposit via Mobile App,0,Houston,USD,0
6422,737,2026-09-03 21:22:31,Bill Payment,6942.84,142473.2,Online,Education,,Completed,Bill Payment via Online,0,Albany,USD,10
6423,720,2024-09-25 03:03:39,Bill Payment,6444.52,140795.48,Mobile App,,,Completed,Bill Payment via ATM,0,Houston,USD,0
6424,1171,2025-08-10 04:57:07,Withdrawal,236.86,139820.5,Mobile App,Dining,,Failed,Withdrawal via Branch,0,San Diego,USD,0
6425,208,2024-02-09 12:55:34,Deposit,4609.92,130571.1,Online,Groceries,,Completed,Deposit via POS,0,San Diego,USD,10
6426,609,2026-06-16 20:16:55,Withdrawal,1950.93,163507.81,Mobile App,Fuel,,Completed,Withdrawal via POS,0,San Diego,USD,0
6427,78,2024-07-27 08:08:31,Transfer In,1844.26,236099.83,ATM,,769,Completed,Transfer In via Branch,0,Springfield,USD,0
6428,181,2025-03-12 20:13:28,Transfer In,7163.57,180351.4,Online,,375,Completed,Transfer In via ATM,0,San Francisco,USD,0
6429,1139,2025-02-26 12:43:09,Bill Payment,1355.88,21738.69,ATM,Healthcare,,Completed,Bill Payment via POS,0,Sacramento,USD,0
6430,461,2024-08-08 06:22:44,Transfer Out,1557.03,111180.88,ATM,,586,Completed,Transfer Out via Branch,0,San Diego,USD,0
6431,991,2025-02-24 03:13:03,Withdrawal,1357.86,24125.49,Mobile App,,,Pending,Withdrawal via Branch,0,Tampa,USD,0
6432,819,2024-12-23 08:48:51,Transfer In,325.6,40481.24,POS,,874,Completed,Transfer In via POS,0,Atlanta,USD,5
6433,39,2026-01-08 21:19:39,Withdrawal,6825.02,250744.53,Branch,Entertainment,,Completed,Withdrawal via Online,0,Phoenix,USD,0
6434,37,2024-04-03 14:23:40,Deposit,3560.07,144175.6,Online,Fuel,,Completed,Deposit via POS,0,Denver,USD,0
6435,247,2026-05-12 12:22:45,Transfer In,4955.83,248514.89,Branch,,258,Completed,Transfer In via Branch,0,Cambridge,USD,5
6436,681,2025-09-05 00:57:05,Deposit,3159.9,236568.68,POS,Fuel,,Completed,Deposit via ATM,0,Phoenix,USD,0
6437,954,2024-11-22 17:49:58,Bill Payment,2845.97,164338.48,ATM,Fuel,,Failed,Bill Payment via Branch,0,Dallas,USD,0
6438,153,2025-09-26 09:26:27,Bill Payment,2000.39,195874.71,Online,Retail,,Completed,Bill Payment via Mobile App,0,Boston,USD,0
6439,326,2024-10-02 12:37:28,Interest Credit,1317.93,83753.35,Branch,,,Completed,Interest Credit via Branch,0,Miami,USD,0
6440,777,2025-02-06 19:09:23,Transfer In,825.54,99392.3,Online,,988,Completed,Transfer In via Branch,0,Naperville,USD,0
6441,644,2024-09-30 19:10:43,Bill Payment,4967.51,211867.02,Online,Entertainment,,Completed,Bill Payment via POS,0,Seattle,USD,10
6442,219,2024-01-27 20:21:05,Fee,6786.37,128266.32,Mobile App,,,Completed,Fee via Online,0,Savannah,USD,5
6443,628,2024-06-12 21:01:41,Bill Payment,4489.37,153656.57,Online,Groceries,,Completed,Bill Payment via ATM,0,Spokane,USD,2.5
6444,107,2024-09-01 19:44:33,Bill Payment,5957.34,211680.74,Branch,Groceries,,Completed,Bill Payment via Online,0,Albany,USD,5
6445,578,2026-05-06 15:07:23,Bill Payment,385.22,182112.36,Online,Healthcare,,Failed,Bill Payment via Online,0,Savannah,USD,10
6446,284,2024-03-03 13:00:09,Interest Credit,5486.58,145085.38,Online,,,Completed,Interest Credit via Online,0,Worcester,USD,0
6447,665,2024-10-30 10:29:48,Deposit,3584.72,152930.29,Online,Retail,,Completed,Deposit via ATM,0,Augusta,USD,10
6448,451,2025-01-29 15:53:15,Deposit,4392.07,67372.2,Online,Dining,,Pending,Deposit via POS,0,Cambridge,USD,0
6449,665,2024-12-25 18:36:43,Bill Payment,148.04,218826.09,Online,Dining,,Completed,Bill Payment via Online,0,New York City,USD,0
6450,369,2026-05-29 22:02:58,Withdrawal,5405.79,200122.54,Online,,,Completed,Withdrawal via Mobile App,0,Augusta,USD,0
6451,1143,2024-05-19 19:58:28,Withdrawal,3444.96,92966.51,Branch,Groceries,,Completed,Withdrawal via Mobile App,0,Savannah,USD,1.5
6452,1069,2026-03-18 09:15:42,Interest Credit,4697.43,239933.32,ATM,,,Completed,Interest Credit via ATM,0,Mesa,USD,0
6453,215,2026-03-22 22:17:46,Interest Credit,7760.64,108146.97,Branch,,,Completed,Interest Credit via POS,0,San Diego,USD,5
6454,960,2024-04-19 19:45:57,Withdrawal,2116.4,3405.73,Mobile App,Healthcare,,Completed,Withdrawal via POS,0,Albany,USD,2.5
6455,1114,2025-01-17 23:06:12,Bill Payment,3811.47,33770.36,Mobile App,Travel,,Pending,Bill Payment via POS,0,Chicago,USD,0
6456,1058,2025-05-03 15:17:19,Fee,217.37,95141.95,Online,,,Completed,Fee via POS,1,Seattle,USD,0
6457,81,2024-05-07 23:37:15,Withdrawal,2232.09,51378.65,ATM,Education,,Completed,Withdrawal via ATM,0,Boston,USD,2.5
6458,990,2024-08-05 17:58:26,Transfer Out,4620.53,71180.76,Mobile App,,109,Completed,Transfer Out via Branch,0,Chicago,USD,0
6459,303,2025-07-20 11:26:03,Deposit,7782.64,108327.24,Mobile App,,,Completed,Deposit via POS,0,Mesa,USD,0
6460,105,2026-02-19 17:31:29,Transfer Out,7757.78,190821.81,Online,,511,Completed,Transfer Out via Mobile App,1,Mesa,USD,0
6461,578,2024-12-21 23:46:43,Transfer Out,6284.76,124426.2,Online,,857,Pending,Transfer Out via POS,0,Sacramento,USD,10
6462,526,2026-06-21 18:52:51,Transfer Out,1760.11,115188.09,Online,,708,Completed,Transfer Out via ATM,0,Savannah,USD,2.5
6463,391,2025-01-15 15:06:20,Bill Payment,3047.25,12793.3,Mobile App,Healthcare,,Pending,Bill Payment via Online,0,Boston,USD,5
6464,227,2025-09-03 02:46:51,Transfer Out,7838.03,21350.88,ATM,,945,Completed,Transfer Out via Online,0,Buffalo,USD,0
6465,434,2024-11-30 04:26:56,Bill Payment,1466.7,185659.03,ATM,Dining,,Completed,Bill Payment via Online,0,Albany,USD,0
6466,837,2025-08-04 11:34:51,Interest Credit,2505.22,75414.83,Branch,,,Completed,Interest Credit via Branch,0,Orlando,USD,0
6467,226,2024-06-06 15:14:08,Deposit,4799.59,199738.77,ATM,Education,,Completed,Deposit via ATM,0,Atlanta,USD,1.5
6468,160,2024-07-01 08:12:53,Deposit,6528.14,110828.7,Online,Education,,Completed,Deposit via ATM,0,Boston,USD,0
6469,237,2025-11-14 22:31:24,Withdrawal,3696.6,173490.34,Branch,Groceries,,Completed,Withdrawal via POS,0,Los Angeles,USD,1.5
6470,605,2025-01-09 21:04:05,Transfer In,2554.02,31492.63,Mobile App,,683,Completed,Transfer In via ATM,0,Albany,USD,0
6471,941,2026-05-29 00:53:21,Transfer In,2812.89,123277.4,Mobile App,,1002,Completed,Transfer In via POS,0,Miami,USD,0
6472,441,2026-03-21 06:27:23,Bill Payment,2653.5,116215.79,Mobile App,Healthcare,,Completed,Bill Payment via Mobile App,0,Buffalo,USD,1.5
6473,701,2024-10-25 00:47:57,Deposit,6008.35,181661.73,Mobile App,Retail,,Completed,Deposit via Branch,0,Chicago,USD,10
6474,369,2024-02-14 21:23:22,Interest Credit,4690.47,193345.38,ATM,,,Pending,Interest Credit via Branch,0,Tucson,USD,0
6475,1119,2024-08-03 21:34:53,Transfer In,1645.12,138047.16,ATM,,385,Completed,Transfer In via Mobile App,0,Sacramento,USD,10
6476,1149,2026-05-06 14:21:39,Withdrawal,4112.5,221946.25,Branch,Retail,,Completed,Withdrawal via POS,0,San Antonio,USD,0
6477,672,2026-03-02 05:27:08,Withdrawal,5653.56,237078.51,ATM,Healthcare,,Completed,Withdrawal via Online,0,Jacksonville,USD,5
6478,1150,2026-03-23 17:23:26,Transfer Out,497.75,252568.58,Mobile App,,97,Completed,Transfer Out via POS,0,Phoenix,USD,5
6479,1171,2024-11-18 17:30:39,Transfer Out,3552.76,72212.68,Online,,183,Completed,Transfer Out via POS,0,Miami,USD,0
6480,956,2026-08-28 20:34:16,Transfer In,7702.11,225471.68,Online,,34,Completed,Transfer In via POS,0,Chicago,USD,1.5
6481,6,2026-01-11 11:09:53,Withdrawal,6406.88,154665.25,Branch,Education,,Completed,Withdrawal via Online,0,New York City,USD,10
6482,14,2024-11-29 20:29:03,Transfer Out,7898.61,134798.92,Mobile App,,827,Failed,Transfer Out via Branch,0,Dallas,USD,2.5
6483,1148,2024-03-04 10:03:03,Fee,2669.35,212168.81,Online,,,Completed,Fee via Branch,0,Savannah,USD,10
6484,1109,2025-12-21 13:29:49,Interest Credit,3096.04,183534.07,Mobile App,,,Completed,Interest Credit via POS,0,New York City,USD,2.5
6485,806,2024-07-26 20:52:21,Fee,485.78,136575.01,ATM,,,Completed,Fee via Branch,0,San Antonio,USD,0
6486,927,2026-07-23 22:01:17,Withdrawal,883.52,168911.71,ATM,Retail,,Completed,Withdrawal via ATM,0,Houston,USD,0
6487,1079,2026-08-24 14:33:45,Deposit,5342.97,153715.22,Mobile App,Dining,,Completed,Deposit via Online,0,Naperville,USD,10
6488,522,2026-02-16 22:17:09,Withdrawal,6235.76,104279.4,Mobile App,Dining,,Completed,Withdrawal via ATM,0,Jacksonville,USD,5
6489,457,2026-07-12 12:12:47,Transfer Out,4088.47,64888.83,Mobile App,,466,Completed,Transfer Out via Online,0,Los Angeles,USD,5
6490,72,2024-09-12 07:21:08,Transfer Out,4004.17,79431.45,Online,,750,Failed,Transfer Out via POS,1,Denver,USD,0
6491,224,2025-07-02 05:28:05,Deposit,5697.2,19373.92,Branch,Dining,,Completed,Deposit via Mobile App,0,Springfield,USD,2.5
6492,83,2025-04-25 03:34:26,Bill Payment,1856.38,26627.21,ATM,Travel,,Pending,Bill Payment via Branch,0,Spokane,USD,0
6493,372,2024-06-29 04:57:47,Deposit,4434.45,46518.09,Online,Utilities,,Completed,Deposit via Online,0,Jacksonville,USD,0
6494,107,2026-06-27 18:48:36,Interest Credit,5903.01,200409.34,ATM,,,Completed,Interest Credit via POS,0,Sacramento,USD,0
6495,1015,2024-08-16 05:40:27,Deposit,1782.74,100996.9,Online,Entertainment,,Completed,Deposit via POS,0,Albany,USD,5
6496,1126,2024-01-01 19:00:31,Bill Payment,7531.27,137383.65,Mobile App,Groceries,,Pending,Bill Payment via Mobile App,0,Boulder,USD,0
6497,651,2025-04-12 21:13:27,Withdrawal,1903.01,150560.31,Online,Dining,,Completed,Withdrawal via POS,0,Springfield,USD,0
6498,1124,2024-08-28 17:13:49,Bill Payment,540.78,168239.14,ATM,Groceries,,Failed,Bill Payment via POS,0,Tucson,USD,10
6499,18,2024-08-20 22:59:56,Bill Payment,2389.62,56707.47,Online,Entertainment,,Pending,Bill Payment via Mobile App,0,Boulder,USD,0
6500,178,2024-09-09 04:27:12,Bill Payment,7423.84,143659.11,Online,Travel,,Completed,Bill Payment via Online,0,Worcester,USD,1.5
6501,328,2024-12-26 11:23:43,Deposit,2241.46,77815.58,Mobile App,Retail,,Completed,Deposit via Online,0,Savannah,USD,0
6502,697,2025-01-12 05:09:01,Deposit,7521.73,46850.25,Mobile App,,,Pending,Deposit via ATM,0,Los Angeles,USD,1.5
6503,314,2026-01-07 11:01:18,Bill Payment,2786.53,59037.23,Online,Entertainment,,Completed,Bill Payment via Branch,0,Mesa,USD,0
6504,983,2024-03-24 12:35:30,Transfer In,1249.82,26626.83,POS,,514,Completed,Transfer In via Branch,0,Tucson,USD,1.5
6505,657,2025-11-16 06:20:49,Bill Payment,1756.78,163.18,Online,Healthcare,,Completed,Bill Payment via Mobile App,0,Spokane,USD,0
6506,714,2024-10-18 19:49:17,Transfer In,1342.23,200450.0,Online,,319,Completed,Transfer In via Mobile App,0,San Francisco,USD,0
6507,809,2026-04-07 19:11:34,Transfer Out,2053.86,27792.05,Mobile App,,51,Completed,Transfer Out via Branch,0,Phoenix,USD,0
6508,163,2024-05-28 12:27:44,Bill Payment,5187.04,86479.43,Mobile App,Utilities,,Completed,Bill Payment via ATM,0,San Antonio,USD,10
6509,999,2024-04-02 14:37:32,Interest Credit,3761.5,222209.63,Mobile App,,,Completed,Interest Credit via Branch,0,Savannah,USD,10
6510,776,2024-09-17 04:37:49,Withdrawal,3152.77,230963.09,ATM,Groceries,,Completed,Withdrawal via Mobile App,0,Albany,USD,0
6511,795,2026-02-19 02:30:15,Bill Payment,1272.58,112928.49,Online,Travel,,Completed,Bill Payment via Mobile App,0,Orlando,USD,0
6512,804,2025-04-02 01:44:20,Bill Payment,4430.82,114860.08,ATM,,,Completed,Bill Payment via Branch,0,Cambridge,USD,1.5
6513,1171,2025-05-31 00:35:17,Interest Credit,4274.33,64893.29,Mobile App,,,Completed,Interest Credit via Mobile App,0,Los Angeles,USD,0
6514,114,2025-08-11 11:11:14,Transfer In,758.21,227464.55,Online,,596,Completed,Transfer In via POS,0,Boulder,USD,10
6515,344,2024-11-12 04:21:24,Withdrawal,509.0,162649.57,Mobile App,Utilities,,Failed,Withdrawal via Mobile App,0,Los Angeles,USD,0
6516,159,2024-03-04 09:36:52,Bill Payment,2959.99,203896.54,Online,Utilities,,Completed,Bill Payment via Online,0,Cambridge,USD,0
6517,20,2026-05-23 02:22:22,Transfer In,5716.36,66917.14,Mobile App,,785,Completed,Transfer In via Branch,0,Orlando,USD,0
6518,581,2024-01-09 01:27:56,Deposit,1762.71,35405.27,ATM,Education,,Completed,Deposit via Branch,0,Tacoma,USD,0
6519,768,2024-01-14 22:27:57,Withdrawal,2381.01,202329.15,ATM,Groceries,,Completed,Withdrawal via Mobile App,0,Boston,USD,0
6520,814,2024-11-17 14:04:07,Transfer In,2953.44,191517.36,Branch,,552,Completed,Transfer In via Branch,0,Los Angeles,USD,5
6521,490,2024-08-31 08:56:23,Transfer In,2359.21,157252.79,Branch,,169,Failed,Transfer In via POS,0,Rochester,USD,0
6522,638,2025-05-09 13:20:40,Bill Payment,1872.96,164883.23,Online,Groceries,,Completed,Bill Payment via ATM,1,San Francisco,USD,1.5
6523,901,2025-03-10 13:49:12,Transfer Out,7545.15,49365.44,Mobile App,,1003,Completed,Transfer Out via Branch,0,Naperville,USD,5
6524,648,2024-04-04 13:39:27,Deposit,3464.71,160191.12,Online,Entertainment,,Completed,Deposit via Online,0,Austin,USD,0
6525,922,2024-07-12 22:19:58,Transfer In,1979.1,104250.93,Online,,883,Completed,Transfer In via Branch,0,Denver,USD,0
6526,587,2025-11-27 23:14:24,Withdrawal,6521.14,228078.6,Mobile App,Entertainment,,Completed,Withdrawal via POS,0,Boston,USD,0
6527,1080,2026-03-13 18:46:37,Bill Payment,358.08,131761.26,Online,Entertainment,,Completed,Bill Payment via ATM,0,Austin,USD,1.5
6528,1186,2025-05-16 01:03:52,Transfer In,4372.34,247904.18,Online,,399,Failed,Transfer In via POS,0,Augusta,USD,0
6529,1058,2024-02-29 15:43:11,Transfer Out,7816.09,193237.34,Branch,,132,Completed,Transfer Out via Branch,0,Augusta,USD,10
6530,756,2025-12-22 15:22:18,Withdrawal,247.41,231772.47,Mobile App,Travel,,Completed,Withdrawal via ATM,0,Aurora,USD,0
6531,745,2025-06-18 20:12:05,Withdrawal,3644.27,57702.93,Mobile App,Fuel,,Completed,Withdrawal via Mobile App,0,Aurora,USD,0
6532,198,2026-08-21 02:22:46,Transfer Out,3286.61,43161.14,ATM,,335,Completed,Transfer Out via ATM,0,Rochester,USD,2.5
6533,496,2024-03-26 14:27:40,Interest Credit,7068.18,69729.97,Branch,,,Completed,Interest Credit via ATM,0,New York City,USD,0
6534,150,2024-07-24 17:14:09,Fee,5881.7,249536.97,Branch,,,Completed,Fee via Mobile App,0,Phoenix,USD,2.5
6535,842,2024-03-25 03:20:19,Deposit,1696.79,185258.71,Branch,Travel,,Completed,Deposit via Branch,0,Orlando,USD,0
6536,1187,2024-04-01 21:57:37,Withdrawal,3899.8,122764.13,Online,Healthcare,,Completed,Withdrawal via Mobile App,0,Augusta,USD,0
6537,345,2024-03-05 19:02:01,Transfer In,7102.09,92401.0,Mobile App,,859,Completed,Transfer In via POS,0,Dallas,USD,0
6538,124,2024-08-16 09:10:28,Bill Payment,3280.75,3115.1,Branch,Groceries,,Completed,Bill Payment via ATM,0,Jacksonville,USD,5
6539,834,2025-04-25 10:02:23,Fee,286.23,99068.51,Online,,,Completed,Fee via Branch,0,Austin,USD,0
6540,924,2025-02-15 17:27:52,Withdrawal,911.17,167130.3,POS,Education,,Completed,Withdrawal via Branch,0,Tucson,USD,0
6541,145,2025-09-22 01:04:23,Deposit,636.97,104369.29,ATM,Groceries,,Completed,Deposit via POS,0,Mesa,USD,0
6542,989,2026-08-01 09:33:06,Deposit,924.55,83834.07,Online,Entertainment,,Completed,Deposit via ATM,0,New York City,USD,0
6543,273,2024-01-15 18:03:42,Transfer In,7912.65,9203.54,Mobile App,,683,Completed,Transfer In via Mobile App,0,Sacramento,USD,2.5
6544,856,2026-03-07 20:02:19,Transfer Out,5990.88,71619.88,Online,,76,Completed,Transfer Out via POS,0,San Antonio,USD,1.5
6545,431,2024-03-18 11:03:51,Withdrawal,1406.73,70985.29,Mobile App,Groceries,,Completed,Withdrawal via ATM,0,Rochester,USD,1.5
6546,454,2025-03-31 04:41:21,Bill Payment,2642.68,187764.2,Mobile App,Education,,Completed,Bill Payment via Mobile App,0,Chicago,USD,1.5
6547,469,2024-02-15 05:55:09,Deposit,3612.38,246834.03,ATM,,,Completed,Deposit via Online,0,Cambridge,USD,0
6548,1062,2025-11-01 01:05:06,Withdrawal,1320.65,66635.81,Branch,Healthcare,,Completed,Withdrawal via Online,0,Tucson,USD,5
6549,1103,2025-09-21 14:24:07,Deposit,7906.11,15657.4,Mobile App,Entertainment,,Completed,Deposit via Branch,0,Cambridge,USD,0
6550,979,2024-11-15 10:38:24,Transfer In,6769.39,228308.17,Mobile App,,156,Completed,Transfer In via POS,0,Savannah,USD,10
6551,1122,2024-10-27 14:09:28,Fee,2074.14,105287.35,Branch,,,Completed,Fee via Mobile App,0,Chicago,USD,1.5
6552,690,2024-11-26 00:10:17,Withdrawal,1972.08,202900.16,Online,Education,,Completed,Withdrawal via Mobile App,0,Denver,USD,1.5
6553,303,2025-03-29 05:35:51,Transfer Out,6570.08,8425.74,Online,,607,Completed,Transfer Out via ATM,0,Savannah,USD,10
6554,477,2024-02-22 18:33:31,Deposit,4435.25,26805.84,Online,Retail,,Completed,Deposit via ATM,0,Sacramento,USD,0
6555,1119,2025-10-03 00:43:28,Transfer In,7611.56,187130.97,Mobile App,,583,Completed,Transfer In via Mobile App,0,Augusta,USD,0
6556,1186,2025-10-12 09:27:58,Withdrawal,1029.35,31143.04,Branch,Entertainment,,Completed,Withdrawal via Online,0,Buffalo,USD,0
6557,1064,2024-01-03 07:04:47,Deposit,5421.32,124873.27,Online,Groceries,,Completed,Deposit via POS,0,Phoenix,USD,0
6558,155,2026-05-11 23:56:15,Bill Payment,3498.62,184287.63,ATM,Utilities,,Completed,Bill Payment via ATM,0,Cambridge,USD,0
6559,403,2026-03-31 07:46:51,Transfer In,4321.83,133565.15,Branch,,964,Completed,Transfer In via Online,0,Springfield,USD,10
6560,732,2025-10-17 05:34:57,Bill Payment,6322.13,134791.12,ATM,Dining,,Completed,Bill Payment via POS,0,Tampa,USD,5
6561,464,2024-08-31 21:39:22,Withdrawal,1493.45,57675.11,Mobile App,Utilities,,Completed,Withdrawal via Mobile App,0,Boulder,USD,2.5
6562,39,2026-03-18 00:26:21,Withdrawal,4306.36,230926.54,POS,Groceries,,Completed,Withdrawal via POS,0,Sacramento,USD,0
6563,98,2024-03-12 22:59:13,Deposit,5294.63,161190.58,ATM,Dining,,Completed,Deposit via Branch,0,Orlando,USD,5
6564,82,2026-07-29 04:21:27,Transfer In,1525.86,94379.35,Mobile App,,375,Completed,Transfer In via Online,0,San Diego,USD,5
6565,260,2024-06-27 20:20:19,Deposit,6151.37,68354.24,Online,Dining,,Completed,Deposit via POS,0,Naperville,USD,0
6566,217,2026-01-11 13:26:14,Fee,6617.13,27801.88,ATM,,,Completed,Fee via Branch,0,Naperville,USD,0
6567,749,2024-01-13 05:06:35,Transfer Out,6534.22,118437.54,POS,,376,Completed,Transfer Out via Online,0,Rochester,USD,2.5
6568,509,2024-02-03 04:10:24,Bill Payment,6560.22,41054.59,Mobile App,Entertainment,,Completed,Bill Payment via Mobile App,0,Spokane,USD,10
6569,797,2024-07-03 07:36:12,Deposit,6583.3,153718.77,Mobile App,Dining,,Completed,Deposit via ATM,0,Tucson,USD,2.5
6570,342,2024-02-24 02:54:46,Transfer In,5383.37,133422.56,Online,,369,Completed,Transfer In via Mobile App,0,Spokane,USD,2.5
6571,263,2026-08-15 00:28:27,Deposit,2362.25,19113.58,Mobile App,Travel,,Completed,Deposit via POS,0,Aurora,USD,1.5
6572,880,2025-03-06 20:58:11,Deposit,167.39,42782.83,ATM,Retail,,Completed,Deposit via Online,0,Naperville,USD,0
6573,852,2024-11-30 13:41:01,Fee,5000.59,65408.14,Branch,,,Completed,Fee via Online,0,Buffalo,USD,10
6574,691,2025-10-07 17:42:31,Withdrawal,1830.99,143324.46,ATM,Travel,,Completed,Withdrawal via Branch,0,Boulder,USD,2.5
6575,245,2026-07-29 11:54:26,Withdrawal,5041.52,143410.87,Online,Travel,,Completed,Withdrawal via POS,0,Atlanta,USD,0
6576,1070,2026-06-27 03:12:32,Withdrawal,7917.31,253275.15,Online,Retail,,Completed,Withdrawal via Mobile App,0,Houston,USD,0
6577,413,2024-01-19 19:53:58,Deposit,3831.26,217517.57,Mobile App,Utilities,,Completed,Deposit via POS,0,Savannah,USD,0
6578,558,2024-11-21 18:54:47,Bill Payment,4041.22,12995.03,Mobile App,Fuel,,Pending,Bill Payment via Mobile App,1,Aurora,USD,1.5
6579,88,2026-04-09 06:43:56,Interest Credit,99.15,112404.93,Mobile App,,,Completed,Interest Credit via Online,0,San Diego,USD,2.5
6580,872,2024-06-16 20:43:07,Deposit,7370.25,242907.7,Mobile App,Groceries,,Completed,Deposit via Mobile App,0,Tacoma,USD,5
6581,670,2026-01-09 10:02:50,Fee,5002.28,165725.55,Mobile App,,,Completed,Fee via Online,0,Jacksonville,USD,0
6582,713,2024-04-05 15:30:10,Bill Payment,2156.73,5447.79,Mobile App,Healthcare,,Completed,Bill Payment via Online,0,Orlando,USD,0
6583,973,2026-02-25 16:26:08,Interest Credit,5620.13,9371.53,Online,,,Completed,Interest Credit via Online,0,Rochester,USD,0
6584,635,2024-01-28 06:05:35,Bill Payment,4799.08,196872.0,Mobile App,Travel,,Completed,Bill Payment via Branch,0,Tacoma,USD,5
6585,103,2025-02-12 00:57:31,Transfer In,6102.41,162546.31,ATM,,1005,Completed,Transfer In via Mobile App,0,Denver,USD,10
6586,514,2024-02-06 14:16:34,Transfer In,480.46,166030.32,Online,,173,Completed,Transfer In via POS,0,Sacramento,USD,0
6587,866,2024-11-10 09:46:06,Bill Payment,5012.28,90971.73,Online,Travel,,Completed,Bill Payment via Mobile App,0,Sacramento,USD,0
6588,646,2024-09-12 13:58:36,Withdrawal,105.63,218518.73,Online,Healthcare,,Completed,Withdrawal via ATM,0,Springfield,USD,1.5
6589,1183,2026-01-07 01:23:54,Bill Payment,5808.57,188857.41,Mobile App,Healthcare,,Completed,Bill Payment via ATM,0,Tucson,USD,1.5
6590,735,2025-07-19 06:10:06,Deposit,7584.0,64650.18,POS,Entertainment,,Completed,Deposit via Branch,0,Spokane,USD,0
6591,390,2024-01-20 01:19:22,Withdrawal,889.31,226128.86,Online,Dining,,Completed,Withdrawal via ATM,0,Miami,USD,10
6592,719,2026-09-08 03:18:19,Withdrawal,7909.4,162599.67,Online,Education,,Completed,Withdrawal via ATM,0,Boston,USD,5
6593,565,2025-02-04 23:48:06,Deposit,3390.8,133316.33,Branch,Travel,,Completed,Deposit via POS,0,Miami,USD,5
6594,335,2026-06-10 01:13:07,Bill Payment,765.36,131587.53,Online,Entertainment,,Completed,Bill Payment via Online,0,Aurora,USD,1.5
6595,1146,2024-07-24 09:28:52,Bill Payment,6318.85,19524.69,Online,Utilities,,Completed,Bill Payment via Online,0,Denver,USD,1.5
6596,365,2026-01-08 16:59:47,Deposit,594.33,16416.49,ATM,,,Completed,Deposit via ATM,0,Phoenix,USD,0
6597,987,2024-05-20 08:50:14,Deposit,5956.95,165314.3,Mobile App,Dining,,Completed,Deposit via Branch,0,Rochester,USD,2.5
6598,84,2024-05-15 09:53:23,Transfer Out,5548.8,141795.3,Branch,,170,Completed,Transfer Out via POS,1,Rochester,USD,0
6599,1150,2024-05-16 08:33:48,Transfer Out,4880.81,39763.19,Mobile App,,474,Completed,Transfer Out via ATM,0,Boulder,USD,0
6600,849,2024-02-07 06:48:17,Fee,5102.46,52499.34,ATM,,,Completed,Fee via Online,0,Dallas,USD,0
6601,106,2026-09-16 05:33:10,Bill Payment,1422.46,151960.55,ATM,Healthcare,,Completed,Bill Payment via Online,0,Seattle,USD,0
6602,226,2024-08-19 15:25:52,Deposit,2956.65,225252.57,ATM,,,Completed,Deposit via ATM,0,Tampa,USD,0
6603,731,2026-09-02 08:38:59,Deposit,3622.03,64137.17,Mobile App,Travel,,Completed,Deposit via Online,0,Sacramento,USD,1.5
6604,431,2024-05-10 05:32:14,Transfer In,63.39,92078.54,Branch,,727,Completed,Transfer In via ATM,0,Savannah,USD,2.5
6605,1141,2025-10-25 12:13:45,Withdrawal,2438.56,35678.13,Branch,Healthcare,,Completed,Withdrawal via Mobile App,0,Orlando,USD,0
6606,512,2024-02-17 02:19:54,Fee,867.27,23738.98,Online,,,Pending,Fee via POS,0,Tampa,USD,2.5
6607,1002,2025-01-12 00:36:13,Bill Payment,1764.09,258876.12,Online,Utilities,,Completed,Bill Payment via ATM,0,Sacramento,USD,0
6608,822,2025-10-15 16:55:13,Deposit,7508.99,52473.46,Online,Travel,,Completed,Deposit via ATM,0,Jacksonville,USD,0
6609,19,2024-04-05 09:56:59,Deposit,3567.82,99628.54,Branch,Groceries,,Completed,Deposit via POS,0,Aurora,USD,0
6610,48,2025-10-23 22:16:51,Bill Payment,5970.04,192118.59,Mobile App,Utilities,,Completed,Bill Payment via ATM,0,Tucson,USD,0
6611,956,2025-09-04 17:18:42,Deposit,1932.9,258384.05,Mobile App,Groceries,,Completed,Deposit via POS,0,Boston,USD,5
6612,321,2024-02-16 06:20:41,Transfer Out,586.24,131986.43,ATM,,945,Completed,Transfer Out via Online,0,Austin,USD,10
6613,887,2024-03-16 08:59:25,Bill Payment,502.15,2106.8,Online,Retail,,Completed,Bill Payment via ATM,0,San Antonio,USD,0
6614,954,2026-01-26 15:33:37,Deposit,4241.97,241621.62,Mobile App,Groceries,,Completed,Deposit via Online,0,Worcester,USD,2.5
6615,277,2024-09-12 12:20:03,Withdrawal,6627.53,32593.97,Online,Education,,Completed,Withdrawal via Branch,0,San Diego,USD,5
6616,450,2024-11-02 03:12:39,Deposit,5870.73,145704.25,Online,Dining,,Completed,Deposit via ATM,0,Albany,USD,1.5
6617,211,2024-08-11 04:19:04,Withdrawal,2358.61,185102.93,Online,,,Completed,Withdrawal via ATM,0,Spokane,USD,0
6618,236,2024-04-10 19:50:26,Deposit,162.13,132825.41,Mobile App,Travel,,Completed,Deposit via ATM,0,Miami,USD,1.5
6619,1014,2024-08-15 08:51:45,Deposit,949.81,200581.01,Mobile App,Retail,,Completed,Deposit via POS,0,Boulder,USD,1.5
6620,271,2024-06-22 23:03:24,Transfer Out,5430.21,209358.66,POS,,857,Completed,Transfer Out via Mobile App,0,Austin,USD,10
6621,446,2024-06-30 04:08:14,Deposit,2441.49,22651.18,Mobile App,Utilities,,Completed,Deposit via Online,0,Boulder,USD,0
6622,677,2025-01-13 01:47:40,Transfer In,4826.31,247840.49,Online,,1124,Completed,Transfer In via POS,0,Augusta,USD,0
6623,1101,2026-08-28 21:52:58,Withdrawal,5817.45,46722.7,ATM,Entertainment,,Completed,Withdrawal via Branch,0,Sacramento,USD,0
6624,883,2026-03-06 00:19:57,Withdrawal,1732.44,58198.51,Branch,Utilities,,Completed,Withdrawal via Branch,0,Denver,USD,1.5
6625,537,2024-06-07 00:10:23,Transfer Out,4650.17,210659.94,Online,,1031,Completed,Transfer Out via Online,0,Aurora,USD,2.5
6626,412,2026-01-01 11:19:00,Deposit,1114.26,128355.24,Mobile App,Utilities,,Completed,Deposit via ATM,0,Worcester,USD,1.5
6627,1150,2024-09-10 15:42:41,Fee,5124.07,157786.87,Mobile App,,,Completed,Fee via ATM,0,Seattle,USD,0
6628,111,2026-04-10 17:44:11,Deposit,5901.34,18583.71,Branch,,,Completed,Deposit via Online,0,Albany,USD,5
6629,286,2025-02-14 21:31:40,Deposit,3103.41,15704.73,Online,Travel,,Completed,Deposit via ATM,0,Naperville,USD,0
6630,717,2024-10-09 17:47:55,Withdrawal,868.55,97983.66,Mobile App,Travel,,Completed,Withdrawal via ATM,1,Augusta,USD,1.5
6631,762,2024-05-05 23:42:37,Fee,4532.21,221679.14,Online,,,Completed,Fee via Online,0,Naperville,USD,10
6632,65,2024-10-30 16:05:50,Deposit,4898.14,148155.44,POS,Fuel,,Completed,Deposit via Branch,0,Denver,USD,1.5
6633,303,2025-05-14 14:18:23,Transfer In,6652.51,102087.05,Online,,800,Completed,Transfer In via Branch,0,Cambridge,USD,1.5
6634,426,2024-10-24 19:18:05,Deposit,2187.04,244300.79,Mobile App,,,Completed,Deposit via POS,0,Tucson,USD,0
6635,648,2026-03-13 13:10:27,Transfer In,368.66,205006.63,ATM,,1000,Completed,Transfer In via ATM,0,San Francisco,USD,0
6636,294,2025-08-31 04:38:02,Withdrawal,557.47,211607.49,Mobile App,Education,,Completed,Withdrawal via POS,1,Savannah,USD,0
6637,438,2025-03-03 08:10:10,Withdrawal,3202.9,190497.56,Online,,,Completed,Withdrawal via ATM,0,Rochester,USD,0
6638,786,2024-01-05 23:11:52,Withdrawal,4547.38,109426.5,Mobile App,Healthcare,,Completed,Withdrawal via Mobile App,0,Cambridge,USD,2.5
6639,921,2024-09-20 04:21:18,Withdrawal,4619.22,86296.12,Online,Entertainment,,Failed,Withdrawal via Branch,0,Sacramento,USD,0
6640,417,2025-05-25 23:23:45,Interest Credit,5009.89,102083.74,Online,,,Completed,Interest Credit via Branch,0,Tucson,USD,0
6641,744,2025-03-04 12:57:33,Withdrawal,3636.65,115063.84,Mobile App,Fuel,,Completed,Withdrawal via POS,0,Buffalo,USD,2.5
6642,844,2024-09-24 02:05:55,Transfer Out,7256.03,209510.5,Mobile App,,388,Completed,Transfer Out via POS,0,Jacksonville,USD,1.5
6643,75,2026-01-13 22:22:27,Withdrawal,1683.64,129985.01,Online,Dining,,Completed,Withdrawal via ATM,0,Seattle,USD,0
6644,503,2025-12-29 05:21:19,Bill Payment,7446.26,122106.95,ATM,Groceries,,Completed,Bill Payment via ATM,0,Sacramento,USD,5
6645,151,2025-08-05 04:14:15,Withdrawal,4229.91,239651.63,Branch,Retail,,Completed,Withdrawal via Branch,1,Aurora,USD,0
6646,1010,2024-12-21 21:30:16,Deposit,4331.39,71737.38,Branch,Groceries,,Completed,Deposit via ATM,1,San Antonio,USD,0
6647,465,2025-03-12 09:22:51,Transfer In,1309.09,197412.03,ATM,,406,Completed,Transfer In via Online,0,Phoenix,USD,1.5
6648,601,2025-03-28 21:49:34,Withdrawal,4318.0,168868.14,Online,Healthcare,,Completed,Withdrawal via Branch,0,Phoenix,USD,0
6649,63,2025-10-30 16:20:31,Withdrawal,1880.66,71367.57,Branch,Travel,,Completed,Withdrawal via POS,0,Dallas,USD,1.5
6650,800,2025-09-15 20:27:07,Interest Credit,3784.0,232801.27,Mobile App,,,Pending,Interest Credit via POS,0,San Francisco,USD,0
6651,1070,2026-05-15 05:39:21,Interest Credit,2146.65,49336.95,Online,,,Completed,Interest Credit via POS,1,Houston,USD,0
6652,351,2024-08-30 00:25:51,Bill Payment,14.35,111319.53,Mobile App,Retail,,Completed,Bill Payment via ATM,0,Spokane,USD,5
6653,1131,2025-10-22 13:08:04,Interest Credit,3578.34,138210.71,Branch,,,Completed,Interest Credit via POS,0,Sacramento,USD,5
6654,131,2025-07-03 01:06:29,Deposit,5374.98,106853.03,Mobile App,Dining,,Completed,Deposit via Branch,0,Chicago,USD,5
6655,164,2025-09-15 20:04:22,Withdrawal,3168.04,57668.9,ATM,Entertainment,,Completed,Withdrawal via ATM,0,Savannah,USD,5
6656,1058,2024-06-25 23:48:50,Transfer Out,7376.86,62256.75,Mobile App,,900,Completed,Transfer Out via Branch,0,Tacoma,USD,2.5
6657,1157,2025-04-15 22:53:38,Transfer Out,6403.68,53082.05,ATM,,432,Completed,Transfer Out via POS,0,San Antonio,USD,2.5
6658,366,2024-08-19 14:08:29,Withdrawal,6040.59,170647.68,Branch,Groceries,,Completed,Withdrawal via Mobile App,0,Buffalo,USD,0
6659,607,2025-02-07 22:57:06,Bill Payment,547.05,96805.13,Mobile App,Entertainment,,Completed,Bill Payment via POS,0,Aurora,USD,0
6660,860,2026-02-11 20:21:27,Bill Payment,5484.85,214627.65,Mobile App,Entertainment,,Completed,Bill Payment via Online,0,Tampa,USD,0
6661,603,2024-11-29 22:32:20,Fee,2656.14,1698.19,Branch,,,Completed,Fee via Online,0,Atlanta,USD,2.5
6662,571,2024-06-26 05:00:15,Deposit,6303.5,174780.63,Online,Groceries,,Completed,Deposit via Branch,0,Spokane,USD,0
6663,566,2025-01-17 21:08:41,Interest Credit,5200.13,153411.89,Online,,,Completed,Interest Credit via ATM,1,Dallas,USD,0
6664,621,2026-08-15 21:30:49,Withdrawal,7899.5,56117.85,Branch,Travel,,Completed,Withdrawal via Mobile App,0,Cambridge,USD,0
6665,852,2025-01-05 04:25:37,Bill Payment,3714.74,4764.49,Online,Education,,Completed,Bill Payment via Online,0,Atlanta,USD,0
6666,7,2024-11-27 20:24:51,Transfer In,6311.43,151661.12,Online,,358,Completed,Transfer In via Branch,0,Phoenix,USD,0
6667,478,2026-04-25 08:50:40,Deposit,4466.06,251732.86,Online,,,Completed,Deposit via Online,0,Boulder,USD,1.5
6668,242,2024-09-23 23:25:30,Deposit,4545.17,246791.73,Online,Dining,,Completed,Deposit via Online,0,Los Angeles,USD,2.5
6669,804,2026-02-01 12:03:39,Transfer Out,7000.81,11266.99,ATM,,262,Failed,Transfer Out via Branch,0,Boulder,USD,10
6670,773,2025-01-24 07:21:26,Bill Payment,3848.68,97846.91,Online,Healthcare,,Completed,Bill Payment via ATM,0,Springfield,USD,0
6671,955,2024-06-06 09:22:31,Deposit,2197.74,158916.89,Online,Fuel,,Completed,Deposit via ATM,0,Los Angeles,USD,10
6672,815,2026-02-24 23:01:09,Bill Payment,963.56,4707.57,Mobile App,Dining,,Completed,Bill Payment via POS,0,Boston,USD,5
6673,59,2026-05-20 14:13:35,Transfer In,7529.33,69233.36,Online,,1080,Completed,Transfer In via ATM,0,Jacksonville,USD,2.5
6674,1088,2025-05-24 21:00:18,Transfer Out,6403.84,228264.07,Mobile App,,344,Completed,Transfer Out via ATM,0,Buffalo,USD,0
6675,320,2025-09-10 08:23:03,Transfer Out,1220.28,81115.28,Online,,584,Completed,Transfer Out via POS,0,Chicago,USD,0
6676,711,2025-02-19 17:20:30,Transfer Out,7356.1,164852.88,Online,,202,Completed,Transfer Out via Online,0,Austin,USD,10
6677,128,2024-10-26 13:06:15,Fee,147.88,238489.62,Mobile App,,,Completed,Fee via Branch,0,Seattle,USD,5
6678,400,2024-09-23 01:37:40,Withdrawal,694.83,24543.84,Online,Dining,,Completed,Withdrawal via Online,0,Phoenix,USD,0
6679,520,2026-02-20 04:34:41,Withdrawal,2819.92,57.82,Online,,,Completed,Withdrawal via POS,0,Boston,USD,1.5
6680,740,2025-01-03 17:38:21,Transfer Out,713.98,240044.21,Mobile App,,328,Completed,Transfer Out via Branch,0,Boulder,USD,0
6681,476,2024-09-05 17:09:50,Bill Payment,5214.24,72769.16,Mobile App,Entertainment,,Completed,Bill Payment via POS,0,Spokane,USD,0
6682,291,2026-04-27 07:09:09,Withdrawal,5097.24,117184.11,Mobile App,Retail,,Completed,Withdrawal via Mobile App,0,Aurora,USD,5
6683,1,2025-11-27 13:45:29,Bill Payment,4196.26,148173.08,Mobile App,Entertainment,,Completed,Bill Payment via Branch,0,Augusta,USD,0
6684,211,2024-06-07 22:27:02,Deposit,7114.44,247385.94,POS,Healthcare,,Completed,Deposit via Mobile App,0,Aurora,USD,0
6685,833,2026-05-26 09:36:54,Fee,5315.16,240962.94,Branch,,,Completed,Fee via POS,0,Sacramento,USD,2.5
6686,528,2026-02-14 21:35:41,Deposit,347.07,201025.96,ATM,Dining,,Completed,Deposit via Online,0,Austin,USD,0
6687,732,2026-08-05 01:46:58,Transfer In,3738.24,82745.28,Online,,831,Completed,Transfer In via Online,0,Savannah,USD,0
6688,116,2026-07-10 22:57:07,Interest Credit,4223.45,75330.79,ATM,,,Completed,Interest Credit via Online,0,Sacramento,USD,2.5
6689,24,2025-01-28 00:27:27,Deposit,5750.02,86106.4,Mobile App,Education,,Completed,Deposit via ATM,0,Jacksonville,USD,2.5
6690,523,2025-12-19 05:45:20,Deposit,3628.15,115041.22,ATM,Travel,,Completed,Deposit via POS,0,Atlanta,USD,10
6691,544,2025-10-27 14:08:53,Withdrawal,2510.62,165351.89,Online,Entertainment,,Completed,Withdrawal via Online,0,Boston,USD,0
6692,334,2024-12-03 09:18:20,Withdrawal,205.34,45293.68,Mobile App,Groceries,,Completed,Withdrawal via Mobile App,1,New York City,USD,5
6693,85,2025-07-14 01:41:42,Deposit,6899.21,197251.29,Mobile App,Education,,Completed,Deposit via ATM,0,Los Angeles,USD,10
6694,27,2025-11-28 08:16:15,Transfer In,4210.45,193673.88,Online,,599,Completed,Transfer In via POS,0,Dallas,USD,0
6695,242,2025-11-29 07:26:49,Withdrawal,5653.35,199228.56,Branch,,,Completed,Withdrawal via Online,0,Mesa,USD,0
6696,853,2025-02-10 21:45:37,Bill Payment,4608.65,66009.59,Online,Healthcare,,Completed,Bill Payment via ATM,0,Boulder,USD,0
6697,1002,2026-01-30 08:46:22,Withdrawal,365.53,84549.06,Mobile App,Utilities,,Completed,Withdrawal via Online,0,Houston,USD,1.5
6698,1151,2026-05-28 22:26:00,Transfer Out,4204.15,158806.16,Online,,53,Completed,Transfer Out via Mobile App,0,San Francisco,USD,0
6699,1055,2025-07-29 10:24:19,Deposit,5431.16,212017.23,Mobile App,Travel,,Completed,Deposit via ATM,0,Austin,USD,0
6700,611,2026-06-05 10:47:59,Transfer In,1511.92,216618.56,Branch,,1001,Completed,Transfer In via Mobile App,0,Denver,USD,0
6701,604,2026-01-16 10:36:10,Transfer Out,5202.23,104630.66,ATM,,692,Completed,Transfer Out via ATM,0,Sacramento,USD,1.5
6702,54,2024-06-02 18:54:24,Deposit,3960.49,52532.36,Online,Healthcare,,Completed,Deposit via Mobile App,0,Spokane,USD,1.5
6703,794,2024-07-21 03:25:44,Transfer In,6738.02,208147.78,Mobile App,,730,Completed,Transfer In via Mobile App,0,Tacoma,USD,10
6704,589,2026-06-27 23:04:43,Deposit,2624.25,47987.12,Online,,,Completed,Deposit via ATM,0,Savannah,USD,2.5
6705,289,2026-01-23 11:14:17,Transfer Out,5569.37,3312.23,ATM,,1047,Completed,Transfer Out via Online,0,Houston,USD,1.5
6706,155,2025-01-22 11:32:17,Deposit,6622.19,25.7,Mobile App,Education,,Completed,Deposit via Online,0,Savannah,USD,0
6707,235,2026-07-10 22:21:12,Deposit,2918.56,209266.95,POS,Retail,,Completed,Deposit via POS,0,Chicago,USD,0
6708,1085,2024-05-30 10:23:37,Interest Credit,2900.36,119126.21,Mobile App,,,Completed,Interest Credit via Mobile App,0,Rochester,USD,0
6709,794,2024-04-13 01:13:47,Deposit,4685.47,90684.68,Mobile App,Retail,,Completed,Deposit via Online,1,Chicago,USD,1.5
6710,389,2025-04-18 20:54:51,Transfer In,3538.02,66370.02,ATM,,578,Completed,Transfer In via ATM,1,Phoenix,USD,1.5
6711,955,2024-06-05 08:10:55,Bill Payment,3275.04,168230.94,Branch,Entertainment,,Completed,Bill Payment via Mobile App,0,Tacoma,USD,2.5
6712,402,2025-04-01 18:01:47,Deposit,7746.07,258233.74,Branch,Retail,,Completed,Deposit via POS,0,Austin,USD,5
6713,593,2025-10-05 13:43:04,Withdrawal,2053.38,154699.15,Online,Entertainment,,Pending,Withdrawal via Branch,0,Aurora,USD,1.5
6714,786,2026-07-21 03:26:57,Deposit,6061.77,136849.47,Branch,Travel,,Completed,Deposit via Branch,0,Los Angeles,USD,0
6715,1180,2026-08-07 00:00:27,Deposit,198.86,33161.48,POS,Fuel,,Completed,Deposit via Branch,0,San Francisco,USD,2.5
6716,1020,2026-01-13 10:57:44,Interest Credit,5078.63,28171.39,Online,,,Pending,Interest Credit via Branch,1,Houston,USD,0
6717,866,2025-06-29 22:59:46,Bill Payment,3410.05,120479.38,Branch,Retail,,Completed,Bill Payment via ATM,0,Tucson,USD,5
6718,34,2024-08-12 03:45:07,Transfer In,4922.77,14243.36,ATM,,274,Completed,Transfer In via Branch,0,Atlanta,USD,2.5
6719,257,2024-09-27 21:51:10,Transfer Out,7862.21,30432.09,Mobile App,,564,Completed,Transfer Out via Mobile App,0,Seattle,USD,10
6720,526,2026-07-27 07:20:20,Deposit,4465.51,105090.15,Mobile App,Fuel,,Failed,Deposit via ATM,0,Houston,USD,0
6721,479,2024-10-13 01:06:10,Withdrawal,5428.78,154993.69,Mobile App,Entertainment,,Completed,Withdrawal via Online,0,Albany,USD,0
6722,817,2025-07-01 10:21:39,Deposit,7170.57,118491.79,Mobile App,Retail,,Completed,Deposit via Mobile App,0,Tampa,USD,0
6723,549,2025-05-14 05:03:38,Bill Payment,754.6,205930.69,ATM,Fuel,,Completed,Bill Payment via Branch,0,Jacksonville,USD,2.5
6724,718,2025-03-04 07:22:54,Transfer Out,1944.12,195526.2,Online,,1038,Completed,Transfer Out via Mobile App,0,Spokane,USD,0
6725,377,2025-10-29 10:02:27,Bill Payment,2147.63,155184.4,ATM,Travel,,Completed,Bill Payment via Mobile App,0,Tacoma,USD,2.5
6726,1059,2024-01-27 01:57:59,Transfer Out,1500.83,53205.12,Mobile App,,1076,Completed,Transfer Out via Online,1,Buffalo,USD,0
6727,714,2026-02-22 05:20:38,Withdrawal,7232.38,19316.21,Branch,Healthcare,,Completed,Withdrawal via POS,0,Tacoma,USD,1.5
6728,194,2025-01-27 12:14:05,Bill Payment,3375.61,132679.23,Online,Healthcare,,Completed,Bill Payment via Branch,0,Buffalo,USD,2.5
6729,1091,2025-06-21 07:45:16,Deposit,907.59,15941.76,Mobile App,Utilities,,Completed,Deposit via POS,0,Boulder,USD,0
6730,361,2024-10-22 10:37:57,Withdrawal,2831.73,92265.58,Branch,Dining,,Completed,Withdrawal via Online,0,New York City,USD,0
6731,559,2025-04-14 10:45:19,Transfer In,5757.04,222922.76,Online,,592,Completed,Transfer In via ATM,0,Seattle,USD,10
6732,748,2025-09-29 15:18:12,Withdrawal,1878.27,12120.63,Online,Travel,,Completed,Withdrawal via Online,0,Buffalo,USD,0
6733,859,2025-09-06 16:18:10,Bill Payment,5828.22,33277.54,Mobile App,,,Completed,Bill Payment via Branch,0,Savannah,USD,0
6734,375,2026-01-20 13:07:10,Withdrawal,6344.16,37404.81,Online,Groceries,,Completed,Withdrawal via Mobile App,0,Miami,USD,0
6735,686,2026-01-27 09:34:47,Withdrawal,6604.23,160438.66,Mobile App,Education,,Completed,Withdrawal via Mobile App,0,San Antonio,USD,5
6736,568,2026-02-24 18:04:29,Bill Payment,6408.95,202766.38,Mobile App,Retail,,Completed,Bill Payment via POS,0,Savannah,USD,0
6737,509,2024-03-18 00:13:52,Transfer Out,3861.37,227108.19,ATM,,205,Completed,Transfer Out via Branch,0,Los Angeles,USD,0
6738,206,2024-04-05 23:44:22,Transfer Out,5172.05,195239.82,Online,,462,Completed,Transfer Out via Branch,0,Rochester,USD,2.5
6739,80,2026-05-08 17:21:28,Deposit,6637.87,39307.77,Mobile App,Dining,,Completed,Deposit via POS,0,Mesa,USD,0
6740,461,2025-11-03 11:07:00,Deposit,2616.31,187036.76,ATM,Travel,,Completed,Deposit via POS,0,San Francisco,USD,2.5
6741,508,2025-05-14 02:13:44,Bill Payment,7522.7,85974.22,ATM,Fuel,,Completed,Bill Payment via Mobile App,0,Chicago,USD,0
6742,453,2024-04-11 07:16:27,Deposit,5994.47,19107.28,Online,Dining,,Completed,Deposit via Online,0,Los Angeles,USD,10
6743,527,2026-06-14 03:26:24,Deposit,608.2,128652.67,Mobile App,Education,,Completed,Deposit via Online,0,Atlanta,USD,0
6744,687,2025-05-29 05:43:27,Transfer In,7421.29,48142.97,Mobile App,,1049,Completed,Transfer In via Branch,0,Boston,USD,5
6745,1143,2024-07-15 08:10:39,Deposit,6819.46,147.19,Mobile App,Travel,,Completed,Deposit via Branch,0,Albany,USD,5
6746,705,2025-04-05 23:32:23,Withdrawal,6624.79,140153.51,ATM,Travel,,Completed,Withdrawal via ATM,0,Worcester,USD,1.5
6747,279,2024-01-30 04:02:36,Transfer Out,2184.41,43689.69,Mobile App,,478,Completed,Transfer Out via POS,0,Spokane,USD,1.5
6748,1175,2024-01-24 01:48:15,Withdrawal,39.27,192567.24,Online,Fuel,,Completed,Withdrawal via Mobile App,0,Cambridge,USD,10
6749,1175,2026-03-15 18:57:57,Withdrawal,171.86,232121.07,Online,Fuel,,Completed,Withdrawal via Branch,0,Albany,USD,10
6750,869,2025-04-18 00:51:36,Fee,4817.87,19841.09,Mobile App,,,Completed,Fee via ATM,0,New York City,USD,0
6751,72,2025-01-13 18:43:55,Bill Payment,4972.96,110760.86,Branch,Retail,,Completed,Bill Payment via Branch,0,San Antonio,USD,2.5
6752,1190,2025-04-15 14:05:42,Deposit,6772.61,25613.66,Mobile App,Travel,,Completed,Deposit via Online,0,San Antonio,USD,5
6753,39,2024-06-14 17:08:16,Fee,217.58,176660.61,Branch,,,Completed,Fee via POS,0,Orlando,USD,5
6754,86,2026-04-08 10:29:56,Withdrawal,6096.62,144646.71,Online,Groceries,,Completed,Withdrawal via Branch,0,Jacksonville,USD,0
6755,1137,2024-01-05 01:24:39,Transfer Out,5337.96,103975.44,Online,,23,Completed,Transfer Out via Online,0,Aurora,USD,0
6756,928,2024-04-05 05:28:17,Deposit,1890.84,24719.55,ATM,Retail,,Completed,Deposit via Branch,0,Rochester,USD,5
6757,208,2025-06-19 05:35:18,Withdrawal,1901.35,198938.2,ATM,Retail,,Completed,Withdrawal via POS,0,Spokane,USD,0
6758,604,2025-02-26 18:21:41,Transfer Out,140.03,223569.38,Mobile App,,662,Completed,Transfer Out via Branch,0,Phoenix,USD,0
6759,731,2025-04-26 00:13:50,Withdrawal,7643.94,154024.94,Branch,Fuel,,Completed,Withdrawal via Online,0,Savannah,USD,0
6760,1121,2025-07-06 18:47:02,Transfer Out,5753.11,202411.83,POS,,212,Completed,Transfer Out via Branch,0,Savannah,USD,0
6761,181,2025-12-11 03:43:41,Transfer Out,1572.67,86946.61,Mobile App,,776,Completed,Transfer Out via Online,0,Buffalo,USD,0
6762,736,2025-07-08 19:40:55,Transfer Out,6689.67,183015.82,Mobile App,,1179,Completed,Transfer Out via Branch,0,Tacoma,USD,5
6763,64,2024-05-19 15:47:38,Interest Credit,818.95,27524.56,Mobile App,,,Completed,Interest Credit via POS,1,Cambridge,USD,1.5
6764,456,2025-12-31 10:50:23,Transfer In,4070.43,174277.07,POS,,289,Completed,Transfer In via POS,0,Worcester,USD,0
6765,1143,2025-07-26 16:38:08,Bill Payment,4920.34,130236.53,Mobile App,Utilities,,Completed,Bill Payment via Branch,0,Houston,USD,0
6766,540,2024-04-27 14:08:07,Transfer In,2224.0,23520.18,ATM,,394,Completed,Transfer In via ATM,0,Houston,USD,1.5
6767,114,2026-09-04 06:05:23,Transfer Out,779.05,206268.11,Mobile App,,578,Completed,Transfer Out via Online,0,Phoenix,USD,0
6768,48,2026-09-04 02:06:12,Bill Payment,4817.97,72464.85,ATM,Healthcare,,Completed,Bill Payment via Online,0,Sacramento,USD,5
6769,515,2025-02-01 10:27:01,Deposit,2487.39,142599.47,Online,Education,,Completed,Deposit via Branch,0,Sacramento,USD,0
6770,890,2024-07-15 01:35:36,Transfer In,4693.31,5806.56,ATM,,115,Completed,Transfer In via Online,0,San Antonio,USD,0
6771,240,2026-02-05 16:15:19,Interest Credit,7132.81,237434.63,ATM,,,Pending,Interest Credit via Online,0,Boston,USD,1.5
6772,910,2026-02-20 10:20:58,Bill Payment,3044.95,22712.74,Online,Retail,,Completed,Bill Payment via ATM,0,Boston,USD,1.5
6773,931,2025-03-17 03:18:02,Withdrawal,262.52,110472.42,Mobile App,Travel,,Completed,Withdrawal via Online,0,Dallas,USD,1.5
6774,1092,2024-07-02 13:48:55,Bill Payment,2537.87,111885.86,Mobile App,Entertainment,,Completed,Bill Payment via POS,0,Houston,USD,1.5
6775,822,2025-10-03 03:49:31,Bill Payment,61.27,247046.42,Mobile App,Dining,,Completed,Bill Payment via Mobile App,0,Rochester,USD,5
6776,186,2026-04-16 15:38:49,Withdrawal,6672.23,158781.3,Mobile App,Entertainment,,Completed,Withdrawal via Online,0,Boston,USD,1.5
6777,827,2026-01-17 04:01:48,Withdrawal,6266.55,58134.61,Online,Education,,Completed,Withdrawal via Branch,0,Houston,USD,1.5
6778,639,2026-09-16 12:17:21,Withdrawal,5522.14,179910.9,Online,Groceries,,Completed,Withdrawal via Online,0,Buffalo,USD,2.5
6779,558,2025-09-23 13:39:20,Withdrawal,1818.87,244288.91,Online,Groceries,,Completed,Withdrawal via Online,0,Miami,USD,0
6780,21,2025-01-22 19:45:25,Bill Payment,3004.67,46384.88,POS,Fuel,,Completed,Bill Payment via Online,0,Naperville,USD,1.5
6781,374,2025-12-02 03:01:44,Fee,1653.97,172607.1,Mobile App,,,Completed,Fee via Branch,0,Mesa,USD,0
6782,568,2024-12-09 18:48:34,Deposit,7606.77,187784.7,Online,Retail,,Completed,Deposit via Mobile App,0,Springfield,USD,2.5
6783,340,2025-02-08 15:33:56,Bill Payment,1122.09,148164.84,Online,Healthcare,,Completed,Bill Payment via POS,1,Savannah,USD,2.5
6784,623,2026-07-04 07:50:32,Deposit,3810.77,-998.59,Online,Travel,,Completed,Deposit via Branch,0,Los Angeles,USD,0
6785,1067,2024-07-09 20:56:16,Bill Payment,1428.43,28841.48,Online,Education,,Completed,Bill Payment via Mobile App,0,Cambridge,USD,10
6786,1165,2024-04-18 16:00:28,Transfer Out,3720.15,87373.23,ATM,,73,Completed,Transfer Out via Mobile App,0,Denver,USD,0
6787,1026,2024-05-18 10:00:49,Transfer Out,2034.67,50236.54,Online,,879,Completed,Transfer Out via POS,0,Houston,USD,0
6788,1140,2026-07-17 21:16:10,Withdrawal,2810.03,211983.37,Online,Healthcare,,Completed,Withdrawal via Mobile App,0,Albany,USD,5
6789,1038,2026-05-08 20:28:56,Interest Credit,7783.9,185725.47,Online,,,Completed,Interest Credit via Online,0,Dallas,USD,5
6790,681,2025-08-10 10:53:37,Bill Payment,5304.24,18116.09,Online,Education,,Completed,Bill Payment via Mobile App,0,Miami,USD,0
6791,513,2026-06-16 11:30:48,Bill Payment,2121.6,62566.36,Branch,Healthcare,,Completed,Bill Payment via Branch,0,Rochester,USD,5
6792,1053,2024-01-12 07:48:40,Interest Credit,4655.0,169905.44,ATM,,,Completed,Interest Credit via Online,0,Sacramento,USD,0
6793,707,2025-01-29 14:53:55,Transfer In,7033.5,234130.61,Online,,584,Completed,Transfer In via Mobile App,0,Tacoma,USD,0
6794,975,2025-07-25 12:17:27,Bill Payment,5688.78,204481.84,Mobile App,Utilities,,Completed,Bill Payment via Online,0,Tucson,USD,0
6795,159,2025-05-19 14:46:49,Deposit,3578.18,129951.2,Mobile App,Dining,,Completed,Deposit via Online,0,Sacramento,USD,0
6796,768,2025-10-25 14:44:00,Withdrawal,880.05,220265.07,Online,Retail,,Completed,Withdrawal via Mobile App,0,Aurora,USD,1.5
6797,59,2026-09-18 11:44:00,Withdrawal,5400.64,95987.14,Online,Groceries,,Completed,Withdrawal via Branch,0,Savannah,USD,0
6798,1039,2024-04-19 14:49:22,Bill Payment,4177.65,173084.31,Online,Entertainment,,Completed,Bill Payment via Mobile App,0,Augusta,USD,0
6799,612,2025-10-02 17:55:46,Bill Payment,6517.54,68513.79,Online,Fuel,,Completed,Bill Payment via Mobile App,0,New York City,USD,1.5
6800,846,2025-12-02 02:39:37,Bill Payment,4234.59,13404.31,Mobile App,Entertainment,,Completed,Bill Payment via Branch,0,Albany,USD,0
6801,592,2025-01-17 12:01:41,Deposit,4404.96,61020.0,ATM,Entertainment,,Completed,Deposit via Branch,0,Spokane,USD,0
6802,185,2024-10-18 13:08:13,Deposit,6719.18,6779.76,Online,Entertainment,,Completed,Deposit via Mobile App,0,Houston,USD,2.5
6803,1033,2025-04-04 05:51:43,Transfer In,6302.33,259653.04,Mobile App,,46,Completed,Transfer In via Branch,0,San Antonio,USD,0
6804,501,2025-09-11 04:20:41,Bill Payment,843.68,72659.15,Mobile App,Travel,,Completed,Bill Payment via Mobile App,0,Mesa,USD,0
6805,218,2025-03-26 14:16:33,Deposit,3444.7,2825.01,Online,Fuel,,Completed,Deposit via Branch,0,Rochester,USD,1.5
6806,1096,2025-11-01 21:22:15,Transfer Out,704.28,176551.04,Online,,562,Pending,Transfer Out via ATM,0,San Francisco,USD,0
6807,1118,2025-02-14 20:53:33,Deposit,3933.02,243838.49,Online,Entertainment,,Completed,Deposit via ATM,0,Atlanta,USD,2.5
6808,460,2026-06-06 05:29:26,Interest Credit,6132.52,147102.03,Branch,,,Completed,Interest Credit via Online,0,Orlando,USD,5
6809,105,2024-08-11 17:57:07,Deposit,758.72,21579.13,Online,Dining,,Completed,Deposit via Branch,1,Naperville,USD,10
6810,274,2024-11-23 23:30:10,Fee,5538.2,205828.48,Online,,,Failed,Fee via Online,0,Tampa,USD,1.5
6811,1081,2025-08-21 21:10:20,Withdrawal,4480.41,130070.34,Mobile App,,,Completed,Withdrawal via Online,0,Savannah,USD,0
6812,210,2024-02-02 19:05:53,Withdrawal,4203.68,112753.53,Branch,Fuel,,Completed,Withdrawal via Mobile App,0,Boulder,USD,5
6813,779,2026-08-12 00:29:48,Transfer In,7614.42,14664.14,Online,,851,Completed,Transfer In via Mobile App,1,Tucson,USD,2.5
6814,1170,2024-04-17 05:18:40,Deposit,699.95,178245.32,Mobile App,Fuel,,Completed,Deposit via POS,0,Dallas,USD,5
6815,980,2024-12-15 04:54:32,Bill Payment,845.95,175987.79,Online,Travel,,Completed,Bill Payment via Online,0,Cambridge,USD,2.5
6816,562,2026-02-10 19:27:20,Transfer In,5564.37,240309.67,Mobile App,,429,Completed,Transfer In via Online,0,Rochester,USD,0
6817,1187,2024-01-28 11:38:08,Transfer In,3206.95,194786.05,Mobile App,,564,Completed,Transfer In via Mobile App,0,Sacramento,USD,5
6818,574,2025-02-04 13:11:08,Withdrawal,5711.84,237954.64,Branch,Groceries,,Completed,Withdrawal via POS,0,Augusta,USD,5
6819,1037,2025-12-17 23:29:00,Fee,2881.98,15972.02,Mobile App,,,Completed,Fee via Mobile App,0,Naperville,USD,10
6820,990,2025-07-20 13:13:35,Bill Payment,956.04,111541.52,Mobile App,Dining,,Completed,Bill Payment via ATM,0,Los Angeles,USD,0
6821,65,2024-09-28 13:32:47,Deposit,6435.04,122878.12,Online,Retail,,Completed,Deposit via Mobile App,0,Augusta,USD,1.5
6822,567,2025-08-06 22:20:36,Withdrawal,7818.92,61746.65,Branch,Dining,,Completed,Withdrawal via Mobile App,0,Savannah,USD,0
6823,257,2026-01-29 21:29:54,Withdrawal,551.61,193707.66,Branch,Dining,,Completed,Withdrawal via Mobile App,1,Rochester,USD,0
6824,139,2024-03-22 03:23:20,Transfer Out,1817.54,229940.15,Mobile App,,231,Completed,Transfer Out via Branch,0,Augusta,USD,0
6825,393,2024-08-13 23:14:44,Withdrawal,5856.96,121700.8,Mobile App,Travel,,Completed,Withdrawal via ATM,0,Chicago,USD,5
6826,45,2024-09-28 15:08:40,Fee,549.69,84039.34,ATM,,,Completed,Fee via Online,0,Seattle,USD,0
6827,81,2024-09-28 08:28:23,Interest Credit,247.43,258748.38,Mobile App,,,Completed,Interest Credit via POS,0,Sacramento,USD,5
6828,571,2025-04-20 06:51:12,Transfer In,2216.75,145456.83,POS,,626,Completed,Transfer In via Mobile App,0,Naperville,USD,0
6829,87,2025-10-26 13:14:34,Interest Credit,7536.65,27110.96,Online,,,Completed,Interest Credit via Mobile App,0,Savannah,USD,10
6830,563,2026-04-11 13:32:35,Transfer Out,6216.83,192015.18,Online,,818,Completed,Transfer Out via Mobile App,1,Austin,USD,0
6831,942,2025-10-17 11:28:08,Transfer In,2175.53,233263.62,Mobile App,,31,Completed,Transfer In via Online,0,Sacramento,USD,1.5
6832,1075,2024-07-23 16:59:53,Bill Payment,3107.94,25236.46,ATM,Utilities,,Completed,Bill Payment via POS,1,San Antonio,USD,1.5
6833,855,2025-11-15 06:42:58,Withdrawal,5898.07,19338.67,Online,Retail,,Completed,Withdrawal via Online,0,Los Angeles,USD,0
6834,287,2025-06-16 09:53:29,Deposit,4631.0,164653.1,Online,,,Completed,Deposit via POS,0,San Antonio,USD,10
6835,360,2024-04-10 04:33:43,Transfer In,7909.83,16494.34,ATM,,465,Completed,Transfer In via Online,0,Tucson,USD,0
6836,191,2024-02-15 11:58:58,Deposit,2023.79,208489.52,ATM,Retail,,Completed,Deposit via Mobile App,0,Seattle,USD,0
6837,822,2025-07-16 05:24:04,Deposit,5778.38,98899.99,Branch,,,Failed,Deposit via POS,0,Phoenix,USD,0
6838,517,2026-03-06 13:09:20,Withdrawal,3486.13,192202.93,ATM,Groceries,,Completed,Withdrawal via POS,0,Los Angeles,USD,0
6839,61,2024-09-21 18:31:05,Interest Credit,6264.23,61551.03,ATM,,,Completed,Interest Credit via POS,0,Atlanta,USD,10
6840,689,2025-12-27 21:55:40,Interest Credit,479.08,144530.37,Mobile App,,,Completed,Interest Credit via Branch,1,Sacramento,USD,0
6841,708,2026-08-11 02:28:52,Withdrawal,189.83,42469.6,Online,Retail,,Completed,Withdrawal via Online,0,Denver,USD,2.5
6842,421,2026-05-13 05:53:11,Transfer Out,4333.94,89409.33,Branch,,1161,Completed,Transfer Out via POS,0,Los Angeles,USD,1.5
6843,190,2025-05-07 15:16:38,Withdrawal,3075.76,25428.22,Online,Travel,,Completed,Withdrawal via Branch,0,Sacramento,USD,5
6844,370,2024-08-04 01:51:01,Bill Payment,2141.07,60426.57,Online,Utilities,,Completed,Bill Payment via Branch,0,Chicago,USD,0
6845,1063,2024-03-14 18:22:28,Transfer In,7083.56,82227.0,POS,,856,Failed,Transfer In via Online,0,San Diego,USD,0
6846,1021,2024-09-07 13:02:22,Bill Payment,5554.63,163364.47,Online,Utilities,,Completed,Bill Payment via Mobile App,0,Boston,USD,10
6847,877,2025-06-27 07:33:42,Interest Credit,4596.6,205519.02,Online,,,Completed,Interest Credit via Online,0,Chicago,USD,0
6848,69,2024-04-13 12:31:43,Bill Payment,7977.49,102438.2,Branch,Education,,Completed,Bill Payment via Branch,0,Mesa,USD,5
6849,166,2024-01-11 09:37:33,Bill Payment,5425.27,113416.64,Mobile App,Entertainment,,Completed,Bill Payment via Branch,0,Chicago,USD,0
6850,670,2024-10-09 08:38:17,Bill Payment,3472.89,102516.59,Mobile App,Dining,,Completed,Bill Payment via Mobile App,0,Atlanta,USD,0
6851,713,2025-10-15 03:27:12,Deposit,593.6,62188.36,Mobile App,Utilities,,Completed,Deposit via POS,0,Houston,USD,2.5
6852,684,2025-08-12 03:13:18,Fee,2119.55,45120.25,Mobile App,,,Completed,Fee via ATM,0,Orlando,USD,10
6853,233,2025-10-18 09:05:48,Bill Payment,6841.39,208309.17,ATM,,,Completed,Bill Payment via Mobile App,0,New York City,USD,5
6854,1031,2026-02-09 02:46:40,Withdrawal,114.7,188026.7,Branch,Entertainment,,Completed,Withdrawal via Online,0,Boston,USD,5
6855,520,2024-02-17 11:10:21,Bill Payment,5847.21,147247.86,ATM,Retail,,Completed,Bill Payment via Mobile App,0,Springfield,USD,2.5
6856,96,2024-11-06 22:15:29,Deposit,4506.77,191370.21,Online,Utilities,,Completed,Deposit via POS,0,New York City,USD,0
6857,681,2026-06-16 03:51:13,Deposit,5840.16,136491.34,ATM,Education,,Completed,Deposit via POS,0,Boston,USD,0
6858,191,2024-06-10 05:26:09,Withdrawal,4545.67,85517.26,Online,Education,,Completed,Withdrawal via ATM,0,Buffalo,USD,1.5
6859,469,2026-06-29 00:40:00,Transfer Out,5076.09,90622.62,Mobile App,,238,Completed,Transfer Out via Branch,0,Miami,USD,0
6860,172,2024-05-30 05:18:21,Withdrawal,6928.42,241797.58,Online,Entertainment,,Completed,Withdrawal via POS,0,Denver,USD,0
6861,1050,2025-07-14 16:44:32,Bill Payment,1353.73,2363.12,ATM,Retail,,Completed,Bill Payment via ATM,0,Phoenix,USD,2.5
6862,278,2026-05-29 22:29:00,Bill Payment,7439.62,179525.14,ATM,Utilities,,Completed,Bill Payment via POS,0,Tucson,USD,0
6863,489,2026-05-01 12:13:28,Transfer In,5115.97,140641.57,Online,,1131,Completed,Transfer In via POS,0,Chicago,USD,0
6864,658,2026-07-12 23:28:15,Interest Credit,4472.3,156696.27,Mobile App,,,Completed,Interest Credit via Mobile App,0,Austin,USD,0
6865,640,2025-02-07 09:21:31,Withdrawal,404.84,214654.03,Branch,Entertainment,,Completed,Withdrawal via Mobile App,0,Chicago,USD,2.5
6866,838,2025-06-27 04:51:49,Transfer Out,3835.3,259659.19,Online,,626,Completed,Transfer Out via Mobile App,0,Boulder,USD,5
6867,503,2024-02-02 21:56:45,Withdrawal,2823.99,35678.39,Mobile App,Education,,Completed,Withdrawal via POS,0,Tucson,USD,0
6868,618,2026-08-20 21:16:54,Transfer Out,6361.06,45374.27,Online,,427,Completed,Transfer Out via Online,0,Naperville,USD,10
6869,174,2026-05-24 10:02:53,Withdrawal,2869.28,227503.37,Online,Healthcare,,Completed,Withdrawal via ATM,0,Boston,USD,5
6870,531,2025-08-24 00:24:53,Transfer In,4859.18,250805.99,Online,,26,Completed,Transfer In via ATM,0,Phoenix,USD,1.5
6871,410,2024-09-02 22:55:04,Withdrawal,3546.02,3540.15,ATM,Groceries,,Completed,Withdrawal via POS,0,Worcester,USD,2.5
6872,693,2024-05-24 02:10:36,Transfer Out,2293.32,176743.99,Mobile App,,133,Completed,Transfer Out via ATM,0,Cambridge,USD,0
6873,715,2026-08-10 20:43:31,Transfer In,1247.73,149996.1,Mobile App,,1072,Completed,Transfer In via POS,0,Worcester,USD,0
6874,886,2026-02-07 04:03:12,Withdrawal,5367.9,173822.69,Mobile App,,,Completed,Withdrawal via Branch,0,Austin,USD,0
6875,1182,2024-09-14 07:13:54,Withdrawal,5714.48,70584.48,Mobile App,Dining,,Completed,Withdrawal via POS,0,San Diego,USD,0
6876,113,2026-06-12 12:40:24,Deposit,243.74,61167.46,Mobile App,Healthcare,,Completed,Deposit via Online,0,Mesa,USD,5
6877,95,2026-07-21 15:58:53,Bill Payment,3498.15,230334.73,Branch,Retail,,Completed,Bill Payment via Branch,1,Tucson,USD,2.5
6878,732,2024-10-28 18:12:30,Transfer In,5408.4,213967.0,POS,,264,Completed,Transfer In via Mobile App,0,Orlando,USD,0
6879,275,2024-09-17 14:39:38,Withdrawal,3428.5,24891.6,Online,Travel,,Completed,Withdrawal via Mobile App,0,Atlanta,USD,0
6880,1018,2024-06-04 14:59:13,Withdrawal,4618.62,166228.62,Mobile App,Dining,,Completed,Withdrawal via ATM,0,Tucson,USD,0
6881,1045,2024-02-29 19:03:12,Transfer Out,7296.53,63918.56,Branch,,936,Completed,Transfer Out via Branch,0,Aurora,USD,0
6882,137,2024-11-14 14:42:41,Withdrawal,5214.64,252943.24,ATM,Fuel,,Completed,Withdrawal via POS,0,Phoenix,USD,2.5
6883,851,2024-03-15 12:54:22,Bill Payment,1766.0,212574.08,Online,Retail,,Completed,Bill Payment via Online,0,Cambridge,USD,10
6884,861,2024-03-02 06:15:19,Withdrawal,2368.93,85480.6,Online,Retail,,Completed,Withdrawal via Branch,0,Sacramento,USD,0
6885,59,2025-04-22 02:22:55,Bill Payment,2648.53,56601.66,Mobile App,,,Completed,Bill Payment via ATM,0,Cambridge,USD,10
6886,883,2026-09-09 09:37:37,Transfer In,1254.79,50978.79,Online,,39,Completed,Transfer In via Branch,0,Jacksonville,USD,0
6887,182,2024-04-05 23:25:28,Deposit,3512.35,12996.16,Mobile App,Education,,Completed,Deposit via POS,0,Tucson,USD,0
6888,410,2026-04-15 15:48:37,Withdrawal,2491.36,231805.73,Online,Groceries,,Completed,Withdrawal via POS,1,Tampa,USD,1.5
6889,715,2026-07-15 06:52:22,Deposit,2599.98,80663.87,Online,Travel,,Completed,Deposit via Mobile App,0,Miami,USD,0
6890,713,2024-04-09 11:45:32,Deposit,1256.77,195880.87,Online,Retail,,Completed,Deposit via Mobile App,0,Springfield,USD,0
6891,818,2026-07-07 22:32:21,Deposit,7745.89,53135.25,Branch,,,Completed,Deposit via ATM,0,San Francisco,USD,5
6892,458,2025-01-16 09:26:18,Transfer Out,2148.97,232322.74,Online,,562,Completed,Transfer Out via Branch,1,Tampa,USD,0
6893,1067,2024-03-20 16:16:02,Deposit,5292.66,69145.26,Online,Fuel,,Completed,Deposit via Branch,0,Spokane,USD,0
6894,900,2026-02-24 15:07:14,Transfer Out,7029.7,84101.23,Mobile App,,878,Completed,Transfer Out via Online,0,San Antonio,USD,0
6895,796,2024-04-08 16:25:21,Withdrawal,2082.09,59655.32,Online,Retail,,Completed,Withdrawal via Branch,0,Phoenix,USD,2.5
6896,187,2025-12-01 11:40:17,Transfer In,3008.5,149133.76,ATM,,590,Completed,Transfer In via Mobile App,0,Atlanta,USD,2.5
6897,504,2024-03-27 05:42:06,Deposit,7928.22,163800.83,Online,Dining,,Completed,Deposit via Mobile App,0,Tacoma,USD,0
6898,1189,2025-05-09 12:30:46,Bill Payment,3751.49,22744.11,POS,Dining,,Completed,Bill Payment via Branch,1,Worcester,USD,0
6899,643,2024-07-21 20:55:07,Deposit,6295.61,-1378.28,Online,Fuel,,Completed,Deposit via Mobile App,0,Denver,USD,5
6900,835,2024-05-14 23:04:01,Transfer Out,2397.42,209647.69,Branch,,1122,Completed,Transfer Out via POS,0,Cambridge,USD,0
6901,998,2025-12-05 00:20:49,Bill Payment,1693.61,20845.3,ATM,Utilities,,Completed,Bill Payment via Branch,0,Los Angeles,USD,5
6902,6,2025-08-04 19:13:12,Withdrawal,2393.9,156230.23,Mobile App,Groceries,,Completed,Withdrawal via Branch,1,Sacramento,USD,0
6903,162,2024-11-04 19:38:12,Withdrawal,4352.22,108440.44,Mobile App,Dining,,Completed,Withdrawal via POS,1,Phoenix,USD,0
6904,569,2026-04-25 21:36:59,Transfer In,569.25,235750.3,Online,,1178,Completed,Transfer In via Mobile App,0,Mesa,USD,0
6905,27,2024-01-17 04:35:36,Deposit,6615.8,207519.82,ATM,Healthcare,,Completed,Deposit via ATM,0,Tacoma,USD,0
6906,172,2024-05-15 02:06:46,Transfer In,1207.93,53685.47,Mobile App,,490,Completed,Transfer In via Mobile App,0,Dallas,USD,0
6907,499,2026-06-23 09:35:42,Deposit,6153.29,57616.76,Online,Travel,,Completed,Deposit via Online,0,Buffalo,USD,10
6908,1043,2025-10-29 16:03:12,Interest Credit,4463.86,18527.91,Mobile App,,,Completed,Interest Credit via Branch,0,Cambridge,USD,0
6909,525,2024-01-05 07:11:15,Deposit,6830.83,21260.09,Branch,Groceries,,Completed,Deposit via Branch,0,Denver,USD,0
6910,203,2026-08-26 16:59:43,Transfer In,3975.51,184170.66,ATM,,626,Completed,Transfer In via Online,0,Spokane,USD,10
6911,642,2025-06-03 17:06:44,Transfer In,2679.85,36326.97,Online,,609,Completed,Transfer In via ATM,0,Springfield,USD,1.5
6912,480,2026-03-12 09:33:29,Withdrawal,6363.11,36551.58,Mobile App,Entertainment,,Completed,Withdrawal via POS,0,Cambridge,USD,0
6913,1171,2024-03-29 02:07:15,Transfer In,2060.69,48458.38,Online,,1041,Completed,Transfer In via Online,0,Boulder,USD,0
6914,179,2024-04-01 19:57:30,Deposit,1504.15,39453.15,Mobile App,Retail,,Completed,Deposit via Branch,0,Tucson,USD,10
6915,1000,2024-05-12 06:07:09,Transfer Out,6597.55,50903.44,POS,,1017,Completed,Transfer Out via ATM,0,Mesa,USD,1.5
6916,508,2025-06-16 13:12:40,Withdrawal,4627.66,229419.8,ATM,Healthcare,,Completed,Withdrawal via Branch,0,Phoenix,USD,5
6917,464,2026-04-29 09:10:24,Deposit,2098.38,119173.09,ATM,Groceries,,Completed,Deposit via POS,0,Boston,USD,5
6918,489,2024-10-25 11:25:09,Deposit,5775.06,100567.69,Branch,Travel,,Completed,Deposit via Branch,0,Sacramento,USD,0
6919,600,2024-05-16 10:39:21,Fee,2170.24,119271.21,Mobile App,,,Pending,Fee via Mobile App,0,Los Angeles,USD,5
6920,961,2025-04-28 14:37:59,Deposit,4476.47,138173.98,Branch,Travel,,Completed,Deposit via ATM,0,San Francisco,USD,0
6921,649,2025-11-26 19:20:36,Bill Payment,2842.25,186411.49,Online,Entertainment,,Completed,Bill Payment via ATM,0,Cambridge,USD,0
6922,303,2026-02-10 01:29:03,Deposit,827.89,135508.89,Branch,,,Completed,Deposit via Branch,0,Austin,USD,0
6923,1043,2025-08-29 08:33:50,Transfer Out,4485.92,40140.9,Online,,837,Completed,Transfer Out via Mobile App,0,Buffalo,USD,0
6924,241,2026-08-25 19:31:09,Transfer Out,5114.21,103221.62,Online,,366,Completed,Transfer Out via Branch,1,Miami,USD,10
6925,426,2025-04-20 11:36:56,Bill Payment,2574.67,196649.43,Mobile App,,,Completed,Bill Payment via Branch,0,Boston,USD,0
6926,201,2025-05-24 01:21:00,Transfer Out,6783.34,27804.65,Mobile App,,283,Completed,Transfer Out via Mobile App,0,Spokane,USD,0
6927,1121,2025-05-04 21:03:59,Transfer In,1700.66,218055.81,ATM,,422,Completed,Transfer In via POS,0,Chicago,USD,10
6928,317,2024-10-20 23:23:51,Transfer In,6673.25,203072.49,ATM,,516,Completed,Transfer In via Online,0,Boulder,USD,2.5
6929,774,2025-03-03 20:18:04,Deposit,3879.04,4959.81,POS,Education,,Completed,Deposit via POS,0,Boulder,USD,0
6930,319,2025-08-26 23:39:42,Transfer Out,778.1,137644.3,Mobile App,,165,Pending,Transfer Out via ATM,0,New York City,USD,1.5
6931,1133,2024-08-26 08:44:47,Interest Credit,7076.38,51720.38,Online,,,Completed,Interest Credit via Mobile App,0,Savannah,USD,10
6932,508,2026-02-26 00:58:43,Transfer In,1999.59,147960.28,Mobile App,,413,Completed,Transfer In via Mobile App,0,San Diego,USD,5
6933,148,2024-03-20 12:45:39,Transfer Out,2301.03,43910.88,ATM,,369,Completed,Transfer Out via Online,1,Naperville,USD,0
6934,1112,2026-07-05 03:14:01,Bill Payment,2002.82,183880.38,Mobile App,Dining,,Completed,Bill Payment via Branch,0,Dallas,USD,2.5
6935,129,2025-05-13 07:38:29,Bill Payment,7018.41,209157.23,Online,Retail,,Completed,Bill Payment via Branch,0,Mesa,USD,0
6936,428,2025-09-05 10:29:05,Withdrawal,2060.0,183525.64,Mobile App,Travel,,Completed,Withdrawal via ATM,0,Naperville,USD,10
6937,797,2024-04-20 23:25:56,Deposit,1327.05,100221.77,Mobile App,Groceries,,Completed,Deposit via Branch,0,Tacoma,USD,1.5
6938,107,2026-09-10 21:38:25,Bill Payment,3889.73,240138.33,Online,Fuel,,Completed,Bill Payment via Branch,0,Sacramento,USD,0
6939,1113,2024-05-01 20:52:48,Bill Payment,838.73,241379.21,Branch,Education,,Completed,Bill Payment via Online,0,Springfield,USD,10
6940,252,2025-07-30 10:33:49,Withdrawal,6401.76,108388.77,Mobile App,Education,,Completed,Withdrawal via POS,0,Aurora,USD,0
6941,167,2024-10-12 16:41:32,Transfer In,5369.19,81325.83,Mobile App,,6,Completed,Transfer In via Online,0,Denver,USD,0
6942,145,2024-09-06 00:06:36,Bill Payment,1819.2,36378.31,Mobile App,Entertainment,,Completed,Bill Payment via Branch,0,Mesa,USD,5
6943,849,2024-05-31 10:45:29,Withdrawal,413.73,1296.62,Mobile App,Travel,,Completed,Withdrawal via Mobile App,0,Miami,USD,0
6944,765,2024-12-13 15:42:19,Withdrawal,4883.22,115589.34,ATM,Fuel,,Completed,Withdrawal via Mobile App,0,Dallas,USD,10
6945,138,2026-05-25 05:23:25,Withdrawal,5371.12,12862.06,POS,Dining,,Completed,Withdrawal via Online,0,Mesa,USD,1.5
6946,139,2024-03-16 23:35:21,Withdrawal,5401.78,125237.52,Branch,,,Failed,Withdrawal via POS,0,Tampa,USD,1.5
6947,888,2024-08-24 23:50:51,Bill Payment,4769.33,178139.56,Branch,Healthcare,,Completed,Bill Payment via Branch,0,Worcester,USD,0
6948,219,2026-07-07 05:47:10,Bill Payment,548.0,50928.5,Mobile App,Entertainment,,Completed,Bill Payment via Branch,0,Dallas,USD,5
6949,47,2024-08-05 08:37:31,Transfer In,1177.48,5861.63,Branch,,696,Completed,Transfer In via ATM,0,Worcester,USD,1.5
6950,1,2024-02-21 07:06:46,Bill Payment,6377.86,40099.94,Online,Fuel,,Completed,Bill Payment via Branch,0,New York City,USD,0
6951,76,2025-08-18 14:50:25,Transfer In,6033.95,37494.22,POS,,627,Completed,Transfer In via ATM,0,Worcester,USD,1.5
6952,945,2025-03-08 11:25:07,Transfer In,678.14,52808.66,Branch,,671,Completed,Transfer In via Mobile App,0,Seattle,USD,0
6953,668,2025-10-22 13:34:47,Fee,506.26,132790.14,Mobile App,,,Completed,Fee via ATM,0,Tucson,USD,0
6954,990,2025-01-22 18:12:56,Withdrawal,1494.92,52727.22,ATM,Dining,,Completed,Withdrawal via Branch,0,Naperville,USD,0
6955,469,2025-02-09 16:57:57,Bill Payment,5749.68,75241.0,Branch,Entertainment,,Completed,Bill Payment via POS,0,Jacksonville,USD,0
6956,1058,2024-09-09 18:20:40,Withdrawal,3478.68,249142.86,Online,Dining,,Completed,Withdrawal via Branch,0,Los Angeles,USD,5
6957,749,2024-12-09 16:55:29,Interest Credit,5840.81,15690.26,Mobile App,,,Completed,Interest Credit via POS,0,Augusta,USD,0
6958,1151,2024-06-15 21:16:12,Fee,6521.24,18474.74,Mobile App,,,Completed,Fee via Branch,0,Chicago,USD,1.5
6959,1086,2024-11-18 12:41:13,Fee,4751.54,142149.42,ATM,,,Completed,Fee via POS,0,Jacksonville,USD,1.5
6960,1026,2026-01-26 03:28:13,Fee,2346.57,247335.31,ATM,,,Completed,Fee via ATM,0,San Antonio,USD,2.5
6961,743,2025-05-10 20:30:21,Transfer In,3824.13,245474.15,Online,,208,Completed,Transfer In via POS,0,Cambridge,USD,0
6962,2,2024-11-07 06:20:18,Withdrawal,4840.65,63765.88,POS,Healthcare,,Completed,Withdrawal via Branch,0,Spokane,USD,0
6963,668,2024-03-15 21:38:25,Fee,3370.06,81079.55,Online,,,Completed,Fee via POS,1,Sacramento,USD,2.5
6964,873,2024-05-18 15:40:03,Deposit,363.52,141555.81,ATM,Retail,,Completed,Deposit via ATM,0,Spokane,USD,0
6965,783,2024-12-28 13:22:54,Withdrawal,5155.54,48386.6,Mobile App,Fuel,,Completed,Withdrawal via Online,0,Sacramento,USD,0
6966,6,2025-04-30 14:03:22,Interest Credit,2041.03,108013.49,Online,,,Completed,Interest Credit via Online,1,Albany,USD,5
6967,1032,2026-03-18 02:36:24,Deposit,6042.91,218193.31,Mobile App,Fuel,,Completed,Deposit via POS,0,Spokane,USD,0
6968,442,2026-07-21 08:51:00,Fee,3058.99,205693.17,Branch,,,Completed,Fee via Mobile App,0,Austin,USD,2.5
6969,370,2025-04-10 14:40:41,Deposit,2775.37,24754.02,Online,Healthcare,,Completed,Deposit via Online,0,Cambridge,USD,0
6970,895,2025-06-25 17:13:44,Withdrawal,6108.64,13559.53,Branch,Education,,Completed,Withdrawal via ATM,0,San Francisco,USD,0
6971,877,2025-12-04 09:02:59,Fee,993.76,234122.49,ATM,,,Completed,Fee via POS,0,Boston,USD,0
6972,1116,2024-10-02 08:46:10,Transfer In,4592.2,166646.86,Mobile App,,177,Completed,Transfer In via POS,0,Springfield,USD,2.5
6973,373,2025-06-08 15:50:58,Transfer In,7675.57,94127.81,ATM,,567,Failed,Transfer In via Branch,0,Worcester,USD,0
6974,637,2026-06-27 00:03:12,Fee,4079.98,781.71,ATM,,,Completed,Fee via Branch,0,Orlando,USD,1.5
6975,752,2025-03-01 01:36:27,Deposit,6170.84,234432.23,Mobile App,Healthcare,,Completed,Deposit via POS,0,Mesa,USD,5
6976,354,2025-08-26 07:12:00,Withdrawal,1134.19,132386.29,Mobile App,Education,,Completed,Withdrawal via ATM,0,Tampa,USD,2.5
6977,967,2025-05-20 16:05:05,Transfer Out,6792.41,155340.83,Mobile App,,838,Completed,Transfer Out via Online,0,Atlanta,USD,0
6978,470,2026-09-07 00:15:37,Transfer Out,3729.01,153735.03,Branch,,659,Completed,Transfer Out via Mobile App,0,Mesa,USD,0
6979,935,2025-08-19 16:31:28,Deposit,2915.07,49622.82,POS,Fuel,,Completed,Deposit via ATM,0,Cambridge,USD,0
6980,979,2026-09-06 04:47:02,Interest Credit,1144.49,164204.63,ATM,,,Completed,Interest Credit via Online,0,Springfield,USD,10
6981,138,2024-01-31 13:32:31,Deposit,3884.88,85516.33,Online,Retail,,Completed,Deposit via Branch,0,Chicago,USD,0
6982,974,2024-04-15 18:07:08,Withdrawal,7582.84,-332.77,Online,Groceries,,Completed,Withdrawal via Mobile App,0,Rochester,USD,0
6983,344,2026-09-15 10:16:23,Withdrawal,4661.39,109685.05,ATM,Education,,Completed,Withdrawal via Online,0,Sacramento,USD,5
6984,675,2025-11-30 08:30:44,Withdrawal,6810.31,180183.82,Online,Travel,,Completed,Withdrawal via POS,0,Miami,USD,0
6985,279,2024-12-06 01:14:23,Bill Payment,618.36,111212.25,Branch,Education,,Completed,Bill Payment via Branch,0,Los Angeles,USD,0
6986,49,2025-03-26 12:21:24,Bill Payment,3073.55,13701.67,Mobile App,Healthcare,,Failed,Bill Payment via ATM,1,Phoenix,USD,2.5
6987,653,2026-07-26 04:50:47,Withdrawal,2480.97,212257.12,ATM,,,Completed,Withdrawal via Mobile App,0,San Diego,USD,2.5
6988,891,2026-07-04 04:19:55,Withdrawal,4646.31,100993.02,Online,Dining,,Completed,Withdrawal via Branch,0,New York City,USD,0
6989,951,2024-07-26 18:58:45,Withdrawal,3774.45,100001.69,Branch,Retail,,Completed,Withdrawal via Mobile App,0,Dallas,USD,2.5
6990,789,2024-12-29 08:00:18,Transfer In,1552.17,142281.81,ATM,,1092,Completed,Transfer In via Mobile App,0,Miami,USD,0
6991,787,2025-05-18 20:32:42,Transfer Out,5400.43,186074.74,Mobile App,,48,Completed,Transfer Out via Branch,0,Albany,USD,2.5
6992,1111,2026-06-03 17:45:07,Deposit,2160.16,7852.45,ATM,Education,,Completed,Deposit via ATM,0,Boston,USD,0
6993,428,2026-04-30 00:49:24,Withdrawal,7420.99,82386.91,POS,Dining,,Completed,Withdrawal via POS,0,Spokane,USD,0
6994,146,2024-07-02 20:42:38,Deposit,3121.91,125149.05,POS,Entertainment,,Completed,Deposit via POS,0,San Francisco,USD,10
6995,585,2025-09-28 21:00:19,Transfer Out,5610.61,163008.74,Online,,842,Completed,Transfer Out via ATM,0,Savannah,USD,2.5
6996,351,2024-03-27 05:58:48,Transfer In,7471.2,98166.64,ATM,,408,Completed,Transfer In via ATM,0,Sacramento,USD,0
6997,173,2024-06-04 18:00:15,Interest Credit,5482.62,250052.04,Online,,,Completed,Interest Credit via Online,0,Aurora,USD,10
6998,901,2025-02-07 09:34:26,Transfer Out,3052.67,204659.09,Online,,504,Completed,Transfer Out via ATM,0,Tucson,USD,0
6999,447,2026-01-28 21:37:09,Transfer Out,6127.0,171031.72,Branch,,617,Completed,Transfer Out via POS,0,Orlando,USD,2.5
7000,168,2024-12-26 21:38:56,Deposit,7687.5,64530.34,Branch,Dining,,Completed,Deposit via POS,0,Tacoma,USD,2.5
7001,443,2025-01-01 05:23:09,Interest Credit,207.49,148279.86,Mobile App,,,Completed,Interest Credit via Branch,0,Augusta,USD,2.5
7002,1062,2024-09-15 11:20:30,Deposit,7522.58,233247.15,Mobile App,Travel,,Completed,Deposit via Online,0,Miami,USD,0
7003,1133,2026-05-22 05:12:13,Transfer Out,2777.93,155802.08,Online,,923,Completed,Transfer Out via Branch,0,Mesa,USD,2.5
7004,236,2025-04-20 10:59:41,Interest Credit,6504.13,38029.54,Mobile App,,,Completed,Interest Credit via POS,0,Tacoma,USD,5
7005,557,2025-10-24 00:14:38,Transfer In,110.87,111449.86,ATM,,737,Completed,Transfer In via ATM,0,Boulder,USD,5
7006,1038,2024-03-23 20:05:25,Transfer Out,2748.27,177382.65,Online,,132,Completed,Transfer Out via Mobile App,0,Boston,USD,0
7007,3,2026-05-07 07:16:52,Transfer Out,1032.79,152338.67,Online,,168,Failed,Transfer Out via POS,0,Buffalo,USD,5
7008,434,2025-10-14 14:26:25,Transfer In,5401.3,123805.18,ATM,,377,Completed,Transfer In via Online,0,Savannah,USD,0
7009,1017,2024-09-30 21:43:53,Deposit,2745.64,117447.58,POS,Utilities,,Completed,Deposit via ATM,0,Boston,USD,0
7010,64,2026-04-17 03:42:33,Interest Credit,1024.72,165158.01,Online,,,Completed,Interest Credit via POS,0,Jacksonville,USD,0
7011,887,2024-01-06 02:00:10,Deposit,1606.89,20294.7,ATM,Education,,Completed,Deposit via Branch,0,Jacksonville,USD,5
7012,931,2026-03-27 18:35:56,Transfer Out,5603.42,223749.92,Mobile App,,229,Completed,Transfer Out via Mobile App,0,Denver,USD,0
7013,397,2025-05-23 05:24:46,Deposit,2167.55,203136.39,Mobile App,Education,,Completed,Deposit via POS,0,Sacramento,USD,0
7014,1012,2026-08-11 19:25:33,Bill Payment,6539.95,61990.83,Mobile App,Groceries,,Failed,Bill Payment via Branch,0,Rochester,USD,0
7015,654,2025-02-24 03:17:47,Withdrawal,4345.18,212237.04,ATM,Groceries,,Completed,Withdrawal via POS,0,Worcester,USD,2.5
7016,911,2024-06-28 16:08:28,Bill Payment,4211.83,72224.04,Online,Utilities,,Completed,Bill Payment via Online,0,Rochester,USD,0
7017,875,2024-02-10 10:39:39,Bill Payment,2016.61,124322.46,Online,Utilities,,Completed,Bill Payment via ATM,0,Cambridge,USD,0
7018,304,2025-11-30 00:47:15,Transfer In,7342.61,84926.98,Online,,52,Completed,Transfer In via Mobile App,1,Austin,USD,0
7019,671,2025-03-20 04:32:57,Withdrawal,4157.9,156755.77,Online,,,Completed,Withdrawal via POS,0,Naperville,USD,5
7020,799,2026-03-17 09:51:19,Deposit,1248.97,81.13,Online,Entertainment,,Completed,Deposit via Mobile App,0,Cambridge,USD,2.5
7021,805,2026-05-25 04:40:38,Deposit,4112.95,191577.21,Branch,Fuel,,Completed,Deposit via Online,0,Houston,USD,0
7022,741,2024-01-04 10:09:52,Bill Payment,1588.17,251979.67,Online,Groceries,,Completed,Bill Payment via Mobile App,0,Naperville,USD,0
7023,669,2025-09-28 21:28:57,Bill Payment,228.04,10242.63,ATM,Fuel,,Completed,Bill Payment via Branch,0,Savannah,USD,0
7024,725,2026-03-22 02:31:42,Fee,6527.06,108372.47,Mobile App,,,Completed,Fee via POS,0,Cambridge,USD,2.5
7025,78,2025-02-12 08:37:59,Withdrawal,5105.81,49322.57,Mobile App,,,Completed,Withdrawal via Online,0,Seattle,USD,0
7026,179,2025-08-21 07:20:42,Interest Credit,2564.49,28575.09,ATM,,,Completed,Interest Credit via Mobile App,0,Cambridge,USD,2.5
7027,450,2025-11-01 23:18:30,Withdrawal,2662.43,61708.6,Online,Entertainment,,Completed,Withdrawal via ATM,1,Savannah,USD,1.5
7028,296,2026-09-13 07:10:25,Fee,2778.08,62060.14,Mobile App,,,Completed,Fee via Branch,0,New York City,USD,1.5
7029,169,2026-03-13 14:21:54,Withdrawal,3134.44,258819.44,ATM,Education,,Completed,Withdrawal via Mobile App,0,Tacoma,USD,5
7030,16,2024-04-10 02:09:38,Deposit,1756.75,159708.06,Branch,Education,,Completed,Deposit via ATM,0,Los Angeles,USD,2.5
7031,163,2024-05-15 07:18:24,Interest Credit,6070.19,95061.2,Mobile App,,,Completed,Interest Credit via POS,1,Orlando,USD,0
7032,583,2024-05-20 10:29:30,Withdrawal,2494.95,162868.91,Online,Utilities,,Completed,Withdrawal via POS,0,Boulder,USD,2.5
7033,955,2025-04-15 18:27:18,Bill Payment,6749.96,145393.28,Online,Dining,,Pending,Bill Payment via ATM,0,Savannah,USD,5
7034,58,2024-06-17 03:55:28,Withdrawal,7927.4,218235.23,Mobile App,Education,,Completed,Withdrawal via Mobile App,0,Spokane,USD,0
7035,497,2025-05-15 11:58:50,Bill Payment,7415.11,239718.49,Mobile App,Retail,,Failed,Bill Payment via ATM,0,Tucson,USD,0
7036,564,2024-04-21 02:21:10,Interest Credit,6853.31,217466.13,Online,,,Completed,Interest Credit via ATM,0,New York City,USD,0
7037,674,2024-12-16 11:19:41,Withdrawal,5456.83,173931.71,Mobile App,Utilities,,Completed,Withdrawal via Online,0,Cambridge,USD,1.5
7038,994,2026-03-02 03:47:41,Fee,3647.75,216012.3,ATM,,,Completed,Fee via Online,0,Albany,USD,0
7039,935,2024-06-10 00:21:43,Deposit,3080.57,249260.05,Online,,,Completed,Deposit via Online,0,Jacksonville,USD,0
7040,164,2024-08-16 21:50:01,Deposit,6669.32,48375.73,Mobile App,Dining,,Completed,Deposit via Branch,0,Naperville,USD,2.5
7041,187,2025-07-05 02:38:03,Bill Payment,938.98,83290.26,Online,Retail,,Completed,Bill Payment via Mobile App,1,Sacramento,USD,10
7042,581,2024-06-29 14:51:50,Bill Payment,3233.52,57151.84,Branch,Utilities,,Completed,Bill Payment via Online,0,Rochester,USD,0
7043,389,2025-07-08 22:54:08,Fee,112.98,102719.14,Online,,,Completed,Fee via ATM,0,Savannah,USD,10
7044,828,2024-10-10 08:10:35,Deposit,557.11,192656.57,Mobile App,Dining,,Completed,Deposit via Branch,0,Tacoma,USD,10
7045,179,2025-06-18 23:28:13,Interest Credit,6460.58,92373.46,Online,,,Completed,Interest Credit via Branch,0,New York City,USD,2.5
7046,166,2025-04-15 02:24:32,Withdrawal,1813.17,253781.69,Branch,Retail,,Completed,Withdrawal via Online,0,Buffalo,USD,0
7047,1038,2026-05-14 14:17:34,Withdrawal,1585.26,94661.7,Branch,Dining,,Completed,Withdrawal via ATM,0,Spokane,USD,0
7048,511,2025-06-08 22:57:49,Transfer Out,4634.31,200899.77,ATM,,17,Completed,Transfer Out via Branch,0,Boston,USD,2.5
7049,44,2024-12-23 04:48:02,Bill Payment,7534.93,50598.33,Mobile App,Fuel,,Completed,Bill Payment via Mobile App,0,Houston,USD,10
7050,1002,2025-08-27 18:48:31,Deposit,7746.77,209364.95,ATM,Groceries,,Completed,Deposit via Branch,0,Rochester,USD,0
7051,176,2025-08-17 07:18:27,Deposit,7605.42,158120.52,Online,Travel,,Completed,Deposit via POS,0,Cambridge,USD,1.5
7052,868,2024-02-01 21:15:40,Bill Payment,7661.74,126234.89,Mobile App,Entertainment,,Completed,Bill Payment via ATM,0,Buffalo,USD,0
7053,863,2024-09-29 08:58:07,Deposit,1454.71,70220.29,Online,Travel,,Completed,Deposit via Mobile App,0,Dallas,USD,5
7054,567,2024-02-08 22:27:24,Interest Credit,4431.9,28159.54,Branch,,,Completed,Interest Credit via ATM,0,Spokane,USD,10
7055,1080,2026-01-19 19:21:38,Fee,5152.54,232979.53,Mobile App,,,Completed,Fee via Online,0,San Diego,USD,5
7056,202,2024-09-24 10:34:30,Deposit,3127.41,175920.27,Mobile App,Groceries,,Completed,Deposit via Branch,0,Cambridge,USD,1.5
7057,168,2025-08-27 03:05:34,Withdrawal,5948.74,46001.56,ATM,Education,,Completed,Withdrawal via POS,0,Albany,USD,10
7058,407,2024-04-25 14:10:09,Withdrawal,176.97,248266.83,Online,Fuel,,Completed,Withdrawal via Online,0,Tucson,USD,1.5
7059,777,2025-01-07 06:42:42,Withdrawal,1207.51,90778.69,POS,Groceries,,Completed,Withdrawal via ATM,0,Albany,USD,1.5
7060,298,2026-02-19 04:36:11,Transfer Out,1699.68,101136.38,ATM,,521,Completed,Transfer Out via ATM,0,San Antonio,USD,1.5
7061,102,2025-12-04 02:55:39,Withdrawal,3085.16,153183.66,ATM,Retail,,Completed,Withdrawal via Mobile App,0,San Francisco,USD,0
7062,385,2026-07-23 03:22:17,Deposit,3182.27,184277.28,Online,Fuel,,Completed,Deposit via POS,0,Rochester,USD,0
7063,1006,2024-12-12 08:02:42,Interest Credit,68.45,147608.42,Mobile App,,,Completed,Interest Credit via POS,0,Naperville,USD,0
7064,129,2024-01-30 15:24:15,Transfer In,7585.17,180865.22,Online,,765,Completed,Transfer In via Mobile App,0,Phoenix,USD,2.5
7065,624,2026-05-01 06:54:39,Fee,2205.7,145292.83,Mobile App,,,Completed,Fee via ATM,0,Austin,USD,10
7066,339,2026-02-11 18:06:47,Bill Payment,2840.78,48646.47,Mobile App,Retail,,Completed,Bill Payment via POS,0,Springfield,USD,0
7067,120,2024-07-12 20:26:04,Withdrawal,5361.69,144528.92,Mobile App,Entertainment,,Completed,Withdrawal via Branch,0,Los Angeles,USD,1.5
7068,425,2026-08-23 05:56:43,Bill Payment,4574.96,24682.51,Online,Entertainment,,Completed,Bill Payment via Online,0,San Diego,USD,0
7069,493,2026-07-30 19:00:05,Withdrawal,3285.22,118627.31,Online,Groceries,,Completed,Withdrawal via ATM,0,San Francisco,USD,0
7070,295,2026-07-14 18:58:01,Bill Payment,7521.53,54179.42,Online,Education,,Completed,Bill Payment via Mobile App,1,San Diego,USD,0
7071,1098,2024-06-13 09:39:37,Bill Payment,6496.13,31709.69,Online,Retail,,Completed,Bill Payment via POS,0,Atlanta,USD,0
7072,117,2025-10-03 20:12:50,Withdrawal,553.22,99871.87,Online,Utilities,,Completed,Withdrawal via ATM,0,Atlanta,USD,0
7073,225,2025-08-13 20:44:59,Deposit,5306.46,124537.54,Mobile App,Dining,,Completed,Deposit via POS,0,Seattle,USD,5
7074,789,2026-07-10 16:31:42,Bill Payment,7099.98,160011.91,Mobile App,Dining,,Completed,Bill Payment via ATM,1,Boston,USD,10
7075,207,2024-01-08 15:22:17,Interest Credit,7418.26,180574.32,POS,,,Completed,Interest Credit via Mobile App,0,New York City,USD,0
7076,556,2026-07-16 14:55:37,Withdrawal,3083.26,185792.95,Mobile App,Entertainment,,Completed,Withdrawal via Mobile App,0,Atlanta,USD,5
7077,222,2024-10-15 16:33:15,Transfer Out,3022.87,78014.2,Online,,489,Completed,Transfer Out via ATM,0,Phoenix,USD,5
7078,952,2025-09-30 06:39:34,Bill Payment,7092.19,200548.79,Mobile App,,,Completed,Bill Payment via Mobile App,0,Albany,USD,5
7079,721,2026-07-23 03:16:09,Bill Payment,970.05,123394.97,Online,Utilities,,Completed,Bill Payment via ATM,0,Rochester,USD,0
7080,1108,2024-12-24 15:58:14,Transfer In,1873.23,173653.71,Mobile App,,37,Completed,Transfer In via Mobile App,0,Orlando,USD,0
7081,1058,2025-05-03 09:30:42,Bill Payment,4872.75,60114.51,ATM,Fuel,,Completed,Bill Payment via POS,0,Mesa,USD,10
7082,611,2026-09-05 13:59:43,Deposit,5137.92,202873.81,Mobile App,Entertainment,,Completed,Deposit via Mobile App,1,Boulder,USD,0
7083,987,2025-08-20 14:20:12,Transfer In,2040.89,32645.41,Online,,807,Completed,Transfer In via Online,0,Augusta,USD,1.5
7084,477,2025-04-08 10:22:51,Transfer Out,3591.56,52423.13,Mobile App,,393,Completed,Transfer Out via Online,0,Springfield,USD,1.5
7085,258,2024-08-27 18:48:19,Transfer Out,6149.94,42714.75,Branch,,337,Completed,Transfer Out via Branch,0,Springfield,USD,0
7086,13,2024-05-07 08:53:31,Transfer Out,7581.5,190624.74,Branch,,334,Completed,Transfer Out via POS,0,San Francisco,USD,1.5
7087,735,2025-06-23 08:50:38,Deposit,5193.05,59551.16,Online,Groceries,,Completed,Deposit via Branch,0,Albany,USD,0
7088,410,2026-04-29 18:49:26,Transfer In,5045.88,56900.35,Mobile App,,157,Completed,Transfer In via POS,0,Boulder,USD,1.5
7089,382,2024-01-24 16:22:20,Withdrawal,666.76,-1511.46,Online,Groceries,,Completed,Withdrawal via ATM,0,Buffalo,USD,5
7090,258,2024-10-26 12:02:29,Bill Payment,4074.23,22186.43,Online,Education,,Completed,Bill Payment via ATM,0,Dallas,USD,10
7091,801,2025-09-12 19:34:24,Withdrawal,4762.9,11500.42,Online,Utilities,,Completed,Withdrawal via POS,0,Austin,USD,0
7092,239,2026-06-27 05:07:21,Bill Payment,5242.91,247901.78,Mobile App,Education,,Completed,Bill Payment via Branch,0,Boulder,USD,2.5
7093,684,2025-12-11 20:53:26,Withdrawal,6822.25,169884.69,Branch,Retail,,Pending,Withdrawal via Mobile App,0,San Diego,USD,5
7094,407,2024-11-24 18:28:05,Withdrawal,3740.26,69216.51,Branch,,,Completed,Withdrawal via Online,0,Boston,USD,5
7095,575,2024-10-27 16:18:48,Withdrawal,941.72,29908.54,ATM,Retail,,Pending,Withdrawal via Online,0,New York City,USD,0
7096,303,2025-09-04 00:54:34,Deposit,5691.01,127382.23,POS,Education,,Completed,Deposit via POS,0,New York City,USD,0
7097,1043,2026-05-19 20:15:08,Withdrawal,3046.21,35316.95,Branch,Utilities,,Completed,Withdrawal via POS,0,Savannah,USD,0
7098,585,2024-05-05 23:53:02,Bill Payment,5930.54,245550.76,Mobile App,Retail,,Completed,Bill Payment via ATM,0,Rochester,USD,5
7099,791,2026-01-30 14:07:03,Transfer In,5424.95,108817.68,Online,,217,Completed,Transfer In via ATM,0,Denver,USD,1.5
7100,585,2026-01-29 10:17:06,Withdrawal,5963.79,179376.47,Branch,Fuel,,Completed,Withdrawal via Mobile App,0,Boulder,USD,0
7101,216,2024-04-05 09:58:37,Bill Payment,6025.46,3965.61,Branch,Fuel,,Completed,Bill Payment via Online,0,Austin,USD,0
7102,730,2025-10-16 11:23:53,Bill Payment,3636.75,155135.05,Mobile App,Fuel,,Completed,Bill Payment via POS,0,Miami,USD,0
7103,1190,2024-10-14 08:02:57,Transfer In,7261.42,189514.45,Online,,14,Completed,Transfer In via Online,0,Dallas,USD,2.5
7104,459,2025-07-08 13:24:43,Interest Credit,2631.79,221878.96,Online,,,Completed,Interest Credit via Online,0,Worcester,USD,1.5
7105,745,2026-03-09 06:25:30,Withdrawal,5852.36,189202.99,POS,Utilities,,Completed,Withdrawal via Online,0,Tampa,USD,0
7106,390,2024-10-14 06:16:22,Withdrawal,6367.03,30538.11,Online,Utilities,,Completed,Withdrawal via Online,0,Dallas,USD,1.5
7107,1094,2026-06-01 00:26:28,Withdrawal,5515.26,205658.46,ATM,Groceries,,Completed,Withdrawal via POS,0,Buffalo,USD,0
7108,18,2024-05-08 15:14:28,Bill Payment,4150.51,135864.15,Branch,Dining,,Completed,Bill Payment via POS,1,Miami,USD,2.5
7109,1143,2024-02-06 08:09:20,Interest Credit,6783.3,33345.34,Branch,,,Completed,Interest Credit via POS,0,Austin,USD,0
7110,979,2024-03-25 19:58:43,Deposit,3563.34,11234.73,Online,Education,,Completed,Deposit via Online,0,Atlanta,USD,1.5
7111,145,2025-05-23 22:04:05,Interest Credit,6210.95,44574.51,ATM,,,Completed,Interest Credit via Online,0,Miami,USD,5
7112,241,2025-07-08 08:30:37,Transfer In,5144.12,83580.42,Online,,857,Completed,Transfer In via POS,1,Albany,USD,5
7113,311,2025-09-01 00:32:38,Bill Payment,5160.69,240254.88,ATM,Retail,,Completed,Bill Payment via Online,0,Tampa,USD,1.5
7114,1062,2024-01-23 12:39:50,Interest Credit,1318.93,199962.6,Online,,,Completed,Interest Credit via ATM,0,Naperville,USD,0
7115,265,2024-08-09 13:39:21,Withdrawal,2184.26,143503.84,Branch,Education,,Completed,Withdrawal via Online,0,Tucson,USD,0
7116,668,2024-12-09 15:56:24,Deposit,1533.09,78914.57,Branch,Entertainment,,Completed,Deposit via Online,0,Tucson,USD,5
7117,233,2026-09-06 09:01:36,Deposit,6082.12,12554.81,Branch,Groceries,,Completed,Deposit via Branch,0,New York City,USD,1.5
7118,824,2025-07-12 03:02:44,Bill Payment,3962.79,18460.78,Online,Healthcare,,Completed,Bill Payment via Mobile App,0,Jacksonville,USD,0
7119,1015,2025-12-09 22:44:45,Bill Payment,927.77,109458.62,Mobile App,Utilities,,Completed,Bill Payment via Online,0,Worcester,USD,5
7120,138,2024-01-25 21:18:09,Bill Payment,3545.99,-1333.64,Mobile App,Groceries,,Completed,Bill Payment via ATM,0,Miami,USD,0
7121,887,2026-09-20 09:30:14,Bill Payment,5437.32,101720.22,ATM,Retail,,Completed,Bill Payment via POS,1,Tacoma,USD,2.5
7122,1126,2025-04-08 17:30:57,Interest Credit,6762.87,50146.81,POS,,,Completed,Interest Credit via ATM,0,Tacoma,USD,1.5
7123,733,2025-08-07 00:17:56,Withdrawal,3999.39,123815.25,Branch,,,Completed,Withdrawal via Online,0,Denver,USD,0
7124,719,2024-04-25 04:16:08,Interest Credit,1110.25,27467.6,Mobile App,,,Completed,Interest Credit via Online,0,Boulder,USD,10
7125,57,2024-05-25 14:48:41,Bill Payment,1651.49,232442.68,ATM,Groceries,,Completed,Bill Payment via Mobile App,0,Sacramento,USD,0
7126,1187,2024-08-09 11:23:41,Fee,4016.03,137843.75,Online,,,Completed,Fee via Mobile App,0,Miami,USD,0
7127,556,2025-10-21 07:58:05,Interest Credit,7258.24,151665.9,Mobile App,,,Completed,Interest Credit via Mobile App,0,Tucson,USD,2.5
7128,352,2025-12-24 22:25:47,Withdrawal,5766.95,154535.77,Mobile App,Retail,,Completed,Withdrawal via ATM,0,Los Angeles,USD,2.5
7129,379,2025-12-18 06:53:28,Transfer Out,3187.32,39083.37,Mobile App,,568,Completed,Transfer Out via Online,0,San Antonio,USD,0
7130,571,2024-09-07 01:54:58,Transfer In,600.6,75016.69,ATM,,644,Pending,Transfer In via POS,0,Los Angeles,USD,0
7131,596,2026-07-04 21:02:42,Withdrawal,977.17,72006.26,ATM,Dining,,Completed,Withdrawal via ATM,0,Mesa,USD,0
7132,324,2024-08-27 01:43:13,Withdrawal,1868.01,101738.58,Branch,Groceries,,Completed,Withdrawal via Branch,0,Dallas,USD,0
7133,177,2025-12-20 01:20:03,Deposit,7165.58,14636.69,Online,Healthcare,,Completed,Deposit via ATM,0,Sacramento,USD,0
7134,430,2025-08-18 01:39:03,Deposit,1439.7,228141.38,Online,Dining,,Completed,Deposit via ATM,0,Jacksonville,USD,0
7135,570,2024-01-14 17:07:09,Deposit,4020.98,21261.93,Mobile App,Education,,Completed,Deposit via Mobile App,0,Seattle,USD,0
7136,730,2026-03-23 16:37:16,Deposit,2867.81,38495.47,Online,Education,,Completed,Deposit via Branch,0,Chicago,USD,0
7137,1084,2025-07-05 10:40:04,Transfer In,444.05,101989.48,Branch,,914,Completed,Transfer In via Branch,0,Chicago,USD,0
7138,301,2026-08-13 21:44:38,Transfer Out,1709.42,200713.49,Online,,346,Completed,Transfer Out via POS,0,Atlanta,USD,0
7139,881,2026-07-02 03:16:45,Deposit,6531.64,32791.54,Mobile App,Entertainment,,Completed,Deposit via Mobile App,0,Tampa,USD,0
7140,183,2026-02-21 16:18:15,Bill Payment,1354.91,81013.59,Mobile App,Groceries,,Completed,Bill Payment via POS,0,New York City,USD,10
7141,1014,2025-08-14 04:07:21,Transfer Out,2995.14,5794.95,ATM,,147,Completed,Transfer Out via POS,0,Worcester,USD,1.5
7142,675,2024-11-01 10:46:27,Bill Payment,3203.85,134552.07,Mobile App,Education,,Completed,Bill Payment via ATM,0,Phoenix,USD,0
7143,176,2026-02-05 14:52:07,Withdrawal,642.33,172770.85,Mobile App,Groceries,,Completed,Withdrawal via ATM,1,Albany,USD,10
7144,349,2025-06-27 15:24:11,Interest Credit,3794.56,17108.82,Online,,,Completed,Interest Credit via Branch,0,Albany,USD,0
7145,588,2024-10-04 16:49:12,Interest Credit,7749.05,41483.96,Mobile App,,,Completed,Interest Credit via Mobile App,0,Sacramento,USD,0
7146,374,2025-07-28 18:15:27,Withdrawal,6017.56,198222.53,Branch,Dining,,Completed,Withdrawal via Branch,0,Tampa,USD,5
7147,304,2026-01-05 02:20:35,Bill Payment,1091.38,135626.18,ATM,,,Completed,Bill Payment via Mobile App,0,Springfield,USD,0
7148,1172,2026-04-12 10:44:10,Transfer In,1352.32,33579.46,Online,,544,Completed,Transfer In via Online,0,Albany,USD,0
7149,973,2025-08-24 12:53:47,Withdrawal,7287.97,113378.08,Branch,Dining,,Completed,Withdrawal via POS,0,Naperville,USD,0
7150,815,2025-03-05 01:34:25,Withdrawal,5398.57,66731.7,Online,Travel,,Completed,Withdrawal via Branch,0,Naperville,USD,0
7151,550,2025-09-28 08:34:48,Bill Payment,3440.45,111413.95,Online,Healthcare,,Completed,Bill Payment via Branch,1,Augusta,USD,10
7152,1199,2025-11-19 02:11:46,Deposit,6946.86,161231.68,Branch,Education,,Completed,Deposit via ATM,0,San Antonio,USD,0
7153,972,2024-12-24 13:37:14,Interest Credit,3836.3,147660.79,Online,,,Completed,Interest Credit via Mobile App,0,San Antonio,USD,10
7154,128,2024-06-01 22:04:25,Deposit,1795.97,59484.89,Branch,Retail,,Completed,Deposit via Online,0,Cambridge,USD,2.5
7155,321,2025-08-29 12:30:50,Deposit,6186.05,133582.16,Online,Fuel,,Completed,Deposit via Online,0,Springfield,USD,0
7156,1023,2025-06-26 03:15:01,Deposit,6214.8,143358.62,ATM,Retail,,Completed,Deposit via POS,0,Augusta,USD,5
7157,406,2024-01-15 17:50:06,Bill Payment,4108.45,143378.69,Branch,,,Completed,Bill Payment via Online,0,Mesa,USD,0
7158,1152,2024-03-07 13:03:41,Interest Credit,6944.83,121989.74,Mobile App,,,Completed,Interest Credit via Branch,0,Naperville,USD,10
7159,1185,2024-02-18 08:58:33,Fee,2234.04,220322.01,Branch,,,Completed,Fee via ATM,0,Buffalo,USD,10
7160,854,2024-11-26 21:30:43,Deposit,1928.04,213735.66,Mobile App,Groceries,,Completed,Deposit via Online,0,Jacksonville,USD,0
7161,1142,2025-04-03 18:40:49,Bill Payment,1104.97,157046.45,Online,,,Completed,Bill Payment via Online,0,Seattle,USD,0
7162,645,2024-08-21 01:28:04,Transfer Out,3891.65,203283.2,Online,,58,Completed,Transfer Out via Mobile App,0,Boston,USD,10
7163,367,2026-01-24 15:12:34,Fee,5670.06,156346.44,Mobile App,,,Failed,Fee via Branch,0,New York City,USD,0
7164,675,2025-01-05 12:17:28,Fee,4810.21,76527.19,Online,,,Completed,Fee via Online,0,Boulder,USD,1.5
7165,5,2026-06-10 21:25:15,Transfer Out,7055.96,259482.36,Branch,,405,Completed,Transfer Out via Mobile App,0,Denver,USD,10
7166,1057,2024-03-23 19:52:50,Deposit,4083.73,38783.07,Branch,Retail,,Completed,Deposit via Branch,0,Naperville,USD,0
7167,1183,2024-11-13 17:03:24,Deposit,5117.61,68737.18,ATM,Utilities,,Completed,Deposit via Branch,0,Miami,USD,2.5
7168,545,2025-03-19 06:30:18,Interest Credit,4715.78,143736.33,POS,,,Completed,Interest Credit via Branch,0,Buffalo,USD,5
7169,1004,2024-04-03 01:07:36,Transfer In,437.52,190103.6,Mobile App,,405,Completed,Transfer In via POS,0,Rochester,USD,2.5
7170,755,2024-08-10 05:24:31,Withdrawal,7588.21,247944.5,Mobile App,Entertainment,,Completed,Withdrawal via Online,0,Boston,USD,0
7171,410,2025-10-24 13:18:18,Transfer Out,1578.01,127327.72,Branch,,797,Completed,Transfer Out via ATM,0,Springfield,USD,5
7172,903,2024-03-09 23:22:24,Deposit,5243.91,241161.18,Branch,Utilities,,Completed,Deposit via Mobile App,0,Buffalo,USD,0
7173,138,2025-08-09 13:41:22,Withdrawal,2347.3,187898.86,Online,Travel,,Completed,Withdrawal via Online,0,Naperville,USD,1.5
7174,746,2025-07-04 17:36:04,Deposit,2412.99,115255.69,Mobile App,Utilities,,Failed,Deposit via Mobile App,0,New York City,USD,0
7175,11,2024-05-19 17:36:04,Withdrawal,4622.72,258801.15,Mobile App,Entertainment,,Completed,Withdrawal via Online,0,Albany,USD,5
7176,600,2024-08-07 12:17:24,Withdrawal,4457.13,23041.78,POS,Entertainment,,Completed,Withdrawal via Mobile App,0,San Francisco,USD,0
7177,37,2024-01-21 10:54:45,Withdrawal,5289.68,109953.59,Mobile App,Entertainment,,Completed,Withdrawal via POS,0,Naperville,USD,10
7178,885,2024-10-06 19:00:44,Transfer In,7250.2,61183.47,Mobile App,,1157,Completed,Transfer In via Mobile App,0,Tucson,USD,0
7179,160,2025-04-22 22:52:02,Fee,5002.71,155884.79,ATM,,,Completed,Fee via POS,0,Boulder,USD,0
7180,564,2025-02-01 16:06:43,Deposit,4831.49,117736.27,Online,Travel,,Completed,Deposit via ATM,0,Tampa,USD,0
7181,1182,2025-09-04 13:16:23,Withdrawal,5923.35,143542.87,Online,Healthcare,,Completed,Withdrawal via POS,0,Naperville,USD,0
7182,786,2025-09-30 20:49:06,Deposit,6372.32,217805.82,Mobile App,Utilities,,Completed,Deposit via Mobile App,0,Buffalo,USD,0
7183,40,2026-04-27 04:21:44,Withdrawal,7979.72,200181.63,ATM,Fuel,,Completed,Withdrawal via Online,0,Jacksonville,USD,0
7184,611,2024-10-22 04:04:00,Transfer Out,5555.72,60562.18,Branch,,361,Completed,Transfer Out via Branch,0,Chicago,USD,5
7185,870,2024-10-27 16:35:36,Interest Credit,3609.39,158230.44,Branch,,,Completed,Interest Credit via Branch,0,Worcester,USD,0
7186,619,2026-02-11 07:46:55,Transfer Out,1061.92,46139.02,Mobile App,,371,Completed,Transfer Out via Branch,0,Tucson,USD,0
7187,159,2025-05-12 21:35:03,Withdrawal,1033.08,188326.72,Online,Healthcare,,Completed,Withdrawal via POS,0,Sacramento,USD,0
7188,76,2026-06-26 13:53:58,Withdrawal,7166.63,85897.04,ATM,Groceries,,Completed,Withdrawal via POS,0,Los Angeles,USD,1.5
7189,233,2024-11-18 11:05:53,Bill Payment,5499.99,13129.62,Online,,,Completed,Bill Payment via ATM,0,San Francisco,USD,1.5
7190,745,2026-05-24 16:28:35,Withdrawal,6645.66,105273.35,Branch,Dining,,Failed,Withdrawal via Mobile App,0,Rochester,USD,5
7191,1031,2024-01-10 03:10:04,Transfer Out,7180.85,75486.92,Online,,510,Completed,Transfer Out via POS,0,Worcester,USD,0
7192,1,2024-10-08 10:05:07,Transfer Out,5995.03,92801.15,ATM,,970,Completed,Transfer Out via Mobile App,0,Seattle,USD,10
7193,1052,2024-07-02 19:36:57,Transfer Out,914.8,158596.44,ATM,,477,Completed,Transfer Out via Branch,1,Boston,USD,0
7194,251,2026-01-12 11:00:35,Deposit,2653.51,107071.45,Online,Groceries,,Completed,Deposit via Online,0,Mesa,USD,10
7195,788,2026-06-18 03:39:11,Withdrawal,7106.45,17355.49,Online,Retail,,Completed,Withdrawal via Online,0,Savannah,USD,0
7196,1003,2024-06-22 18:15:23,Transfer In,7835.14,19675.22,ATM,,522,Completed,Transfer In via Branch,0,Tacoma,USD,0
7197,127,2024-10-27 21:05:08,Transfer In,497.67,154160.33,Branch,,920,Completed,Transfer In via ATM,1,Rochester,USD,0
7198,601,2024-01-05 18:11:21,Transfer In,5897.01,20903.21,Branch,,653,Completed,Transfer In via POS,0,Boston,USD,0
7199,707,2024-02-01 20:18:07,Transfer In,266.35,120297.55,POS,,495,Failed,Transfer In via ATM,0,Rochester,USD,1.5
7200,333,2024-03-20 20:33:19,Interest Credit,6784.78,209261.41,ATM,,,Completed,Interest Credit via Branch,0,Los Angeles,USD,5
7201,232,2025-12-09 00:27:35,Fee,2022.05,191327.53,Online,,,Completed,Fee via Mobile App,0,Dallas,USD,1.5
7202,524,2024-11-03 04:45:57,Bill Payment,7010.05,216336.88,ATM,Entertainment,,Completed,Bill Payment via ATM,0,New York City,USD,0
7203,533,2025-12-19 16:56:37,Interest Credit,3367.91,178073.98,Mobile App,,,Completed,Interest Credit via Mobile App,0,Denver,USD,2.5
7204,533,2024-12-07 07:46:33,Deposit,5016.33,240888.88,Mobile App,Dining,,Completed,Deposit via ATM,0,Albany,USD,2.5
7205,360,2026-07-29 09:53:38,Deposit,647.61,207370.35,Mobile App,Utilities,,Completed,Deposit via Mobile App,0,Phoenix,USD,0
7206,811,2025-02-01 12:34:02,Transfer In,2181.51,6743.24,POS,,1076,Completed,Transfer In via POS,0,Tacoma,USD,0
7207,835,2024-04-17 19:06:43,Fee,2290.79,142345.01,Mobile App,,,Failed,Fee via ATM,0,San Diego,USD,0
7208,4,2025-06-17 12:11:33,Interest Credit,7864.92,145343.49,Branch,,,Completed,Interest Credit via ATM,0,Atlanta,USD,5
7209,650,2024-11-10 16:40:16,Fee,2751.27,105315.64,Online,,,Completed,Fee via POS,0,Tacoma,USD,1.5
7210,440,2024-10-08 05:24:04,Transfer In,820.11,115544.99,Online,,802,Completed,Transfer In via ATM,0,Seattle,USD,5
7211,538,2026-08-12 18:35:26,Interest Credit,188.67,221012.28,ATM,,,Completed,Interest Credit via ATM,0,Rochester,USD,0
7212,152,2026-07-15 07:26:42,Bill Payment,5987.09,77757.74,Online,Healthcare,,Completed,Bill Payment via Mobile App,0,Mesa,USD,0
7213,12,2025-01-18 09:42:17,Deposit,1667.85,214706.82,Online,Utilities,,Completed,Deposit via Online,0,Boston,USD,5
7214,331,2026-04-12 10:16:33,Withdrawal,3805.49,219665.26,Branch,Healthcare,,Completed,Withdrawal via ATM,0,Boston,USD,0
7215,246,2025-07-15 23:21:41,Bill Payment,3864.55,188681.67,Online,Healthcare,,Completed,Bill Payment via ATM,0,San Antonio,USD,0
7216,720,2025-01-13 01:35:00,Fee,5125.33,19656.96,Branch,,,Completed,Fee via POS,0,Rochester,USD,10
7217,104,2024-06-10 19:51:12,Interest Credit,7082.43,216073.01,ATM,,,Failed,Interest Credit via POS,0,Boston,USD,0
7218,747,2024-06-13 05:06:55,Transfer In,1531.97,60301.33,Online,,869,Completed,Transfer In via POS,0,San Diego,USD,5
7219,294,2025-03-27 06:34:37,Interest Credit,4327.99,201573.89,ATM,,,Completed,Interest Credit via Online,0,Cambridge,USD,0
7220,453,2024-08-26 16:24:15,Deposit,7583.76,167263.27,Online,Travel,,Completed,Deposit via POS,0,San Antonio,USD,0
7221,873,2026-01-31 08:42:53,Withdrawal,485.4,113107.24,Online,Groceries,,Completed,Withdrawal via ATM,0,Miami,USD,0
7222,196,2024-08-09 04:19:11,Withdrawal,480.29,158079.9,Online,Fuel,,Completed,Withdrawal via ATM,0,Austin,USD,0
7223,153,2024-05-24 02:38:33,Deposit,1573.3,118878.92,ATM,Education,,Completed,Deposit via Mobile App,0,Tampa,USD,10
7224,227,2026-03-04 05:43:31,Bill Payment,2662.38,198373.79,POS,Travel,,Completed,Bill Payment via Mobile App,0,Miami,USD,1.5
7225,74,2025-11-05 07:19:30,Bill Payment,6205.54,120345.75,Online,,,Completed,Bill Payment via ATM,0,Naperville,USD,2.5
7226,710,2024-10-17 12:49:34,Deposit,6017.19,207748.44,Online,Healthcare,,Completed,Deposit via Online,0,San Diego,USD,10
7227,570,2024-06-29 22:05:37,Withdrawal,785.8,226561.9,Branch,Dining,,Completed,Withdrawal via ATM,0,Sacramento,USD,2.5
7228,947,2024-08-09 19:07:12,Bill Payment,966.02,160386.42,Branch,Fuel,,Completed,Bill Payment via ATM,0,Naperville,USD,1.5
7229,86,2024-03-23 09:38:31,Transfer Out,3828.59,132896.29,Online,,231,Completed,Transfer Out via POS,0,Tacoma,USD,0
7230,835,2025-09-30 18:08:26,Transfer Out,7137.75,73134.24,Online,,197,Completed,Transfer Out via ATM,1,Tacoma,USD,5
7231,382,2026-07-08 18:42:15,Withdrawal,7980.49,76100.38,Branch,Utilities,,Completed,Withdrawal via Branch,0,Boston,USD,0
7232,155,2024-05-19 00:30:05,Transfer In,3726.9,134732.95,Branch,,251,Completed,Transfer In via ATM,0,Rochester,USD,5
7233,1036,2025-01-21 02:25:36,Withdrawal,2022.85,180561.99,Mobile App,Travel,,Completed,Withdrawal via Mobile App,0,San Diego,USD,0
7234,707,2024-02-15 23:57:03,Fee,4079.97,195355.21,Branch,,,Completed,Fee via POS,0,Atlanta,USD,0
7235,202,2024-01-21 05:10:01,Deposit,7649.78,-626.97,Online,,,Completed,Deposit via Online,0,Mesa,USD,1.5
7236,251,2026-04-06 11:35:35,Transfer Out,5924.22,60646.47,Mobile App,,1149,Completed,Transfer Out via Mobile App,1,Jacksonville,USD,0
7237,1088,2025-08-26 21:22:33,Transfer In,4353.21,217109.05,ATM,,1102,Completed,Transfer In via Branch,0,Atlanta,USD,0
7238,153,2025-01-26 12:36:31,Deposit,3394.85,19410.6,Mobile App,Retail,,Completed,Deposit via Online,0,Albany,USD,5
7239,61,2026-06-22 00:16:25,Deposit,6288.49,174062.21,ATM,Retail,,Failed,Deposit via POS,0,Denver,USD,0
7240,627,2025-11-19 18:40:40,Transfer Out,6590.15,110674.68,Mobile App,,114,Completed,Transfer Out via Branch,0,Orlando,USD,0
7241,133,2025-08-21 21:27:25,Bill Payment,2423.32,146380.76,Branch,Travel,,Completed,Bill Payment via Branch,0,Denver,USD,0
7242,391,2025-03-17 17:40:43,Withdrawal,6788.25,197359.2,Mobile App,Utilities,,Completed,Withdrawal via ATM,1,Los Angeles,USD,1.5
7243,521,2024-04-09 00:14:54,Withdrawal,2673.88,126821.1,ATM,Travel,,Completed,Withdrawal via ATM,0,Mesa,USD,10
7244,491,2024-10-21 21:35:43,Withdrawal,3105.97,257621.31,Online,Healthcare,,Completed,Withdrawal via ATM,0,Dallas,USD,0
7245,955,2024-06-05 15:50:55,Deposit,2423.15,38843.52,Mobile App,Travel,,Completed,Deposit via Mobile App,0,Miami,USD,2.5
7246,946,2024-05-18 13:21:55,Deposit,6459.95,204071.29,ATM,Groceries,,Completed,Deposit via Mobile App,0,Austin,USD,10
7247,571,2024-05-10 18:14:16,Deposit,3513.03,108993.1,POS,Education,,Failed,Deposit via Online,0,Orlando,USD,0
7248,581,2024-10-28 10:21:13,Bill Payment,6603.41,210843.85,ATM,Retail,,Completed,Bill Payment via Online,0,Savannah,USD,0
7249,154,2025-02-10 10:57:09,Bill Payment,5141.85,171011.77,ATM,Groceries,,Completed,Bill Payment via ATM,0,Boston,USD,2.5
7250,1032,2025-06-24 11:46:58,Deposit,2809.44,115530.38,Online,Dining,,Completed,Deposit via Branch,1,Denver,USD,2.5
7251,1028,2026-02-06 13:27:01,Transfer Out,2941.99,23007.41,ATM,,680,Completed,Transfer Out via Online,0,Springfield,USD,10
7252,120,2026-06-22 08:41:33,Bill Payment,5604.38,71635.23,POS,Travel,,Completed,Bill Payment via Online,0,Naperville,USD,5
7253,14,2024-12-24 11:08:29,Transfer Out,5210.58,172177.74,Online,,775,Completed,Transfer Out via ATM,0,San Francisco,USD,1.5
7254,342,2024-08-28 06:09:17,Transfer In,3618.08,197509.06,Mobile App,,910,Completed,Transfer In via Mobile App,0,Houston,USD,5
7255,240,2024-06-24 17:46:40,Deposit,826.83,138951.98,Online,Education,,Completed,Deposit via Branch,0,San Diego,USD,0
7256,908,2025-02-09 07:23:28,Transfer In,2601.42,84733.1,ATM,,786,Completed,Transfer In via ATM,0,Albany,USD,0
7257,1032,2025-08-25 21:58:07,Interest Credit,1837.34,177930.26,Branch,,,Completed,Interest Credit via Online,0,Cambridge,USD,0
7258,196,2025-04-18 21:20:42,Bill Payment,1923.83,138445.84,Online,Entertainment,,Completed,Bill Payment via Mobile App,0,Sacramento,USD,10
7259,938,2026-09-15 12:52:52,Bill Payment,3787.61,106214.08,ATM,,,Completed,Bill Payment via Online,0,Denver,USD,0
7260,297,2024-01-05 22:39:51,Withdrawal,6439.96,61692.58,Online,,,Completed,Withdrawal via POS,0,San Antonio,USD,5
7261,647,2024-08-08 20:21:25,Deposit,7053.58,234159.04,Branch,Fuel,,Completed,Deposit via POS,0,San Diego,USD,5
7262,216,2024-05-05 22:47:16,Withdrawal,1647.85,183718.61,Mobile App,Dining,,Completed,Withdrawal via Branch,0,Worcester,USD,10
7263,912,2024-12-20 05:47:32,Interest Credit,5487.82,209765.96,ATM,,,Completed,Interest Credit via Online,0,San Francisco,USD,10
7264,227,2024-02-02 22:49:21,Withdrawal,5634.58,143500.49,Mobile App,Utilities,,Completed,Withdrawal via ATM,0,Buffalo,USD,0
7265,1075,2024-08-03 00:25:49,Bill Payment,1804.8,79626.63,ATM,Utilities,,Pending,Bill Payment via Online,0,Phoenix,USD,0
7266,718,2026-04-17 07:45:52,Bill Payment,3326.26,46858.71,Mobile App,Dining,,Completed,Bill Payment via Mobile App,0,Spokane,USD,2.5
7267,762,2025-08-08 04:43:14,Withdrawal,119.27,113825.29,Online,Retail,,Completed,Withdrawal via Online,0,Sacramento,USD,2.5
7268,948,2025-05-14 02:40:28,Deposit,3024.0,248547.2,Branch,Entertainment,,Completed,Deposit via POS,0,Los Angeles,USD,10
7269,865,2024-10-28 11:11:20,Transfer In,5601.81,39430.84,Branch,,896,Completed,Transfer In via POS,0,Albany,USD,0
7270,554,2026-02-17 16:11:21,Fee,4408.35,205002.55,Online,,,Completed,Fee via Online,0,Rochester,USD,10
7271,943,2026-03-30 16:20:35,Deposit,610.61,17723.71,ATM,Travel,,Completed,Deposit via Mobile App,0,Buffalo,USD,0
7272,732,2024-01-08 13:47:38,Withdrawal,1763.28,44452.22,Online,Travel,,Completed,Withdrawal via Online,0,Naperville,USD,0
7273,457,2024-05-30 22:06:41,Transfer In,4887.52,208771.24,POS,,972,Completed,Transfer In via Online,0,Seattle,USD,2.5
7274,506,2025-02-21 03:37:15,Bill Payment,6416.66,79923.56,Online,Education,,Completed,Bill Payment via Mobile App,0,Tucson,USD,0
7275,1199,2025-11-01 01:57:28,Transfer In,3311.51,243612.87,Mobile App,,864,Completed,Transfer In via Branch,0,Spokane,USD,2.5
7276,781,2024-02-18 15:38:04,Withdrawal,1130.36,77006.59,Online,Utilities,,Completed,Withdrawal via ATM,0,New York City,USD,2.5
7277,1057,2025-07-29 07:13:53,Deposit,1519.85,184885.09,ATM,,,Completed,Deposit via POS,0,Rochester,USD,0
7278,837,2025-10-03 16:49:24,Bill Payment,4569.75,155239.69,Mobile App,Retail,,Completed,Bill Payment via Mobile App,0,Chicago,USD,0
7279,170,2024-07-30 05:21:18,Withdrawal,3093.28,33007.14,ATM,Retail,,Completed,Withdrawal via Branch,0,San Francisco,USD,5
7280,831,2025-09-09 18:10:20,Deposit,7301.9,155568.94,Branch,Healthcare,,Completed,Deposit via Online,0,Buffalo,USD,2.5
7281,476,2025-05-03 10:19:30,Bill Payment,5117.16,149984.83,Online,Fuel,,Completed,Bill Payment via Branch,0,Austin,USD,5
7282,642,2025-05-01 05:44:21,Transfer In,7547.28,115413.09,Branch,,1122,Completed,Transfer In via Online,0,Boulder,USD,0
7283,98,2025-08-25 11:53:23,Bill Payment,7675.26,227356.29,Mobile App,Utilities,,Completed,Bill Payment via Mobile App,0,Phoenix,USD,0
7284,927,2024-01-03 01:22:51,Bill Payment,704.68,46960.31,Online,,,Completed,Bill Payment via Mobile App,0,Tacoma,USD,0
7285,767,2025-10-06 20:02:57,Transfer Out,2253.85,20390.75,Online,,544,Completed,Transfer Out via POS,1,Boulder,USD,5
7286,785,2024-07-02 10:32:53,Deposit,3454.09,136666.59,POS,Entertainment,,Completed,Deposit via Online,0,Tampa,USD,2.5
7287,474,2025-08-03 14:29:20,Transfer In,7884.57,62492.78,Online,,120,Completed,Transfer In via ATM,0,Seattle,USD,2.5
7288,819,2024-12-06 21:48:08,Bill Payment,235.52,223534.67,ATM,Dining,,Completed,Bill Payment via Branch,0,Cambridge,USD,1.5
7289,24,2024-04-09 06:01:36,Bill Payment,6589.24,212872.53,Mobile App,Fuel,,Completed,Bill Payment via POS,0,Naperville,USD,10
7290,803,2024-05-25 22:22:43,Withdrawal,643.32,185137.33,Online,Groceries,,Completed,Withdrawal via Branch,0,Miami,USD,10
7291,1193,2026-04-20 00:04:17,Transfer In,2758.89,252333.07,Online,,57,Completed,Transfer In via Mobile App,0,Phoenix,USD,0
7292,52,2025-01-10 19:40:29,Withdrawal,1163.79,174030.07,Online,Healthcare,,Completed,Withdrawal via Online,0,Spokane,USD,0
7293,597,2025-12-17 12:08:16,Bill Payment,991.61,200562.21,Branch,Fuel,,Completed,Bill Payment via Branch,1,San Antonio,USD,1.5
7294,64,2024-10-07 05:04:26,Fee,683.2,71344.01,POS,,,Completed,Fee via Online,0,Miami,USD,2.5
7295,875,2025-05-06 05:52:43,Deposit,7604.27,107901.79,Mobile App,,,Completed,Deposit via Branch,0,Boulder,USD,10
7296,662,2025-05-28 02:16:05,Withdrawal,4126.89,73792.68,Mobile App,,,Completed,Withdrawal via Mobile App,0,Naperville,USD,0
7297,857,2025-01-02 17:30:10,Interest Credit,1189.66,54018.81,ATM,,,Completed,Interest Credit via POS,0,Worcester,USD,5
7298,498,2026-08-25 21:18:25,Bill Payment,7731.69,242098.16,Online,,,Completed,Bill Payment via Online,0,San Francisco,USD,0
7299,613,2024-11-04 11:40:02,Deposit,2652.75,252558.11,Mobile App,Healthcare,,Completed,Deposit via ATM,0,Chicago,USD,5
7300,517,2025-12-26 15:21:28,Bill Payment,3984.31,205806.56,Mobile App,Travel,,Completed,Bill Payment via ATM,0,Naperville,USD,2.5
7301,795,2025-08-01 05:00:04,Transfer In,1316.53,136489.47,ATM,,779,Completed,Transfer In via ATM,0,Chicago,USD,2.5
7302,160,2025-09-12 09:44:19,Transfer In,2444.83,106036.72,Mobile App,,122,Completed,Transfer In via Online,1,Austin,USD,0
7303,586,2026-06-15 17:18:25,Bill Payment,84.85,11430.14,Mobile App,,,Completed,Bill Payment via Online,0,Jacksonville,USD,0
7304,444,2024-08-14 10:48:59,Bill Payment,4641.9,240820.38,ATM,Healthcare,,Completed,Bill Payment via POS,0,Jacksonville,USD,5
7305,693,2024-10-12 02:00:02,Withdrawal,1100.04,114282.81,Branch,Dining,,Completed,Withdrawal via ATM,0,Rochester,USD,2.5
7306,92,2026-02-17 01:50:34,Transfer Out,1053.14,110103.83,Online,,315,Completed,Transfer Out via Branch,0,Naperville,USD,0
7307,511,2025-12-26 12:03:27,Bill Payment,1239.58,64978.47,ATM,Dining,,Failed,Bill Payment via Online,0,Augusta,USD,2.5
7308,886,2026-09-02 11:04:07,Interest Credit,2382.02,71812.26,Mobile App,,,Completed,Interest Credit via Branch,0,Sacramento,USD,10
7309,146,2024-05-16 10:37:55,Deposit,6140.37,90307.96,Online,Dining,,Completed,Deposit via Branch,1,Naperville,USD,0
7310,724,2024-08-21 20:44:22,Transfer Out,6639.66,149626.85,Online,,129,Completed,Transfer Out via Branch,0,Chicago,USD,0
7311,814,2026-08-18 10:45:43,Withdrawal,2211.88,178146.85,Online,Fuel,,Completed,Withdrawal via Branch,0,Springfield,USD,0
7312,123,2025-10-11 14:06:24,Transfer In,4215.18,139204.41,Mobile App,,993,Completed,Transfer In via ATM,0,Seattle,USD,2.5
7313,375,2025-04-12 18:51:19,Withdrawal,2315.82,206276.6,Branch,Healthcare,,Completed,Withdrawal via Mobile App,0,Austin,USD,10
7314,113,2026-07-03 05:12:22,Transfer Out,4320.2,121082.63,ATM,,1187,Completed,Transfer Out via ATM,0,Tacoma,USD,0
7315,369,2025-06-17 09:44:10,Deposit,3811.66,91675.36,Branch,Fuel,,Pending,Deposit via Mobile App,0,Springfield,USD,5
7316,28,2024-03-16 07:37:40,Transfer In,5218.13,35608.97,ATM,,1091,Completed,Transfer In via Online,0,San Antonio,USD,0
7317,110,2024-11-26 20:01:54,Deposit,7896.15,20200.38,Branch,Healthcare,,Completed,Deposit via Online,0,Austin,USD,0
7318,344,2024-10-16 01:06:19,Transfer In,3623.08,124742.06,Mobile App,,129,Completed,Transfer In via Branch,0,Savannah,USD,5
7319,560,2026-01-02 10:46:38,Interest Credit,3900.51,15545.31,Branch,,,Completed,Interest Credit via ATM,0,Jacksonville,USD,1.5
7320,451,2026-04-16 04:35:06,Bill Payment,3250.1,24728.13,Mobile App,Healthcare,,Completed,Bill Payment via Mobile App,0,Orlando,USD,0
7321,1081,2025-03-19 01:12:01,Transfer In,192.79,25091.22,ATM,,284,Completed,Transfer In via Branch,0,Austin,USD,2.5
7322,689,2026-02-19 19:21:29,Transfer In,2676.57,95219.79,Mobile App,,635,Completed,Transfer In via Online,0,Austin,USD,1.5
7323,322,2024-04-28 00:47:47,Interest Credit,326.85,154951.75,Mobile App,,,Completed,Interest Credit via Mobile App,0,San Diego,USD,10
7324,312,2024-10-22 02:48:21,Deposit,302.09,91502.64,Branch,Groceries,,Completed,Deposit via Branch,1,Tampa,USD,1.5
7325,776,2026-01-25 10:09:17,Bill Payment,3916.11,206164.5,Branch,Education,,Completed,Bill Payment via Online,0,Albany,USD,0
7326,79,2024-07-14 10:04:55,Bill Payment,7742.02,30028.87,Branch,Travel,,Completed,Bill Payment via ATM,0,Atlanta,USD,0
7327,1164,2025-09-05 01:12:20,Bill Payment,4152.69,238214.08,Mobile App,Groceries,,Completed,Bill Payment via Mobile App,0,Seattle,USD,1.5
7328,415,2026-06-29 14:42:49,Transfer Out,5045.21,43659.28,Mobile App,,190,Completed,Transfer Out via Branch,0,Phoenix,USD,0
7329,996,2026-07-07 03:45:39,Bill Payment,1755.07,132894.28,Online,Entertainment,,Failed,Bill Payment via POS,0,San Antonio,USD,5
7330,526,2025-10-30 17:45:22,Deposit,3068.23,81632.54,ATM,Utilities,,Failed,Deposit via Branch,0,Rochester,USD,5
7331,1200,2026-08-30 02:05:05,Deposit,894.39,234410.06,Mobile App,Travel,,Completed,Deposit via ATM,0,Dallas,USD,10
7332,1197,2025-03-03 01:15:25,Transfer Out,1504.49,31991.41,Mobile App,,386,Completed,Transfer Out via ATM,0,Boulder,USD,10
7333,1093,2025-02-23 21:05:22,Transfer Out,718.43,182843.65,Mobile App,,371,Completed,Transfer Out via Online,0,Miami,USD,2.5
7334,1193,2025-03-03 03:43:18,Transfer In,4640.75,214586.37,Mobile App,,146,Completed,Transfer In via Mobile App,0,Rochester,USD,10
7335,686,2024-02-28 07:06:56,Interest Credit,4674.6,194504.74,Online,,,Completed,Interest Credit via ATM,0,Chicago,USD,10
7336,574,2024-06-25 10:35:50,Bill Payment,7002.43,245728.23,Mobile App,Dining,,Completed,Bill Payment via Mobile App,1,San Francisco,USD,0
7337,1019,2025-04-14 23:44:56,Transfer Out,2449.83,247552.93,Branch,,539,Completed,Transfer Out via POS,0,Los Angeles,USD,1.5
7338,1096,2026-06-13 12:54:51,Transfer Out,3581.3,153930.81,Mobile App,,295,Completed,Transfer Out via Branch,0,Boulder,USD,5
7339,1143,2025-02-21 06:06:11,Withdrawal,725.42,211212.81,Online,Dining,,Completed,Withdrawal via Branch,0,Jacksonville,USD,1.5
7340,619,2024-05-04 18:31:03,Deposit,518.27,182384.11,Online,Utilities,,Completed,Deposit via ATM,0,Tucson,USD,0
7341,1190,2026-02-21 04:27:50,Bill Payment,3125.09,252504.65,Mobile App,,,Completed,Bill Payment via Mobile App,0,Buffalo,USD,10
7342,42,2024-06-08 19:13:03,Deposit,5552.9,43376.26,Online,Retail,,Completed,Deposit via Mobile App,0,Dallas,USD,1.5
7343,370,2024-03-27 08:49:08,Withdrawal,642.82,40970.03,ATM,Entertainment,,Completed,Withdrawal via POS,0,Denver,USD,2.5
7344,784,2025-11-29 21:25:22,Interest Credit,5430.32,53933.59,Branch,,,Completed,Interest Credit via Branch,1,Jacksonville,USD,0
7345,492,2024-11-16 12:14:12,Bill Payment,1401.19,97565.41,ATM,Entertainment,,Completed,Bill Payment via Branch,0,Jacksonville,USD,0
7346,1132,2025-06-30 08:16:56,Interest Credit,7774.7,13595.05,Mobile App,,,Completed,Interest Credit via Online,0,Cambridge,USD,10
7347,725,2025-02-09 23:10:53,Bill Payment,1340.88,186193.12,Online,Utilities,,Completed,Bill Payment via Branch,0,Seattle,USD,5
7348,654,2024-03-15 00:44:16,Withdrawal,4852.55,183789.12,Online,Education,,Completed,Withdrawal via Mobile App,0,Albany,USD,10
7349,330,2025-12-20 22:02:38,Deposit,1974.15,172264.45,ATM,Education,,Completed,Deposit via Branch,0,Savannah,USD,2.5
7350,862,2024-02-29 18:06:16,Transfer In,2216.15,122615.07,Online,,744,Completed,Transfer In via POS,1,Savannah,USD,0
7351,1056,2024-05-11 18:45:07,Deposit,2849.16,92042.63,ATM,,,Completed,Deposit via Branch,0,Aurora,USD,0
7352,272,2024-03-10 02:36:55,Deposit,6928.17,65643.18,Online,Education,,Completed,Deposit via Mobile App,0,Worcester,USD,0
7353,156,2024-04-23 15:35:11,Fee,3749.09,79378.42,Mobile App,,,Failed,Fee via POS,0,Atlanta,USD,1.5
7354,183,2025-04-22 12:05:03,Withdrawal,3775.99,104227.43,Mobile App,Healthcare,,Pending,Withdrawal via Online,0,Mesa,USD,0
7355,220,2025-06-30 00:00:24,Bill Payment,7040.03,219741.97,POS,Fuel,,Completed,Bill Payment via ATM,0,Augusta,USD,5
7356,1003,2026-07-14 12:08:54,Bill Payment,2506.67,135278.03,Branch,Travel,,Completed,Bill Payment via ATM,0,Miami,USD,1.5
7357,437,2024-01-24 23:48:57,Deposit,2703.35,143221.44,Online,Education,,Completed,Deposit via ATM,1,Atlanta,USD,0
7358,1092,2025-09-19 22:35:13,Transfer In,2845.77,41638.55,Online,,97,Pending,Transfer In via ATM,0,Phoenix,USD,5
7359,726,2025-04-21 20:49:30,Fee,1117.2,137818.87,Online,,,Completed,Fee via Mobile App,0,Cambridge,USD,10
7360,612,2025-03-02 17:20:54,Deposit,7464.42,218142.71,Online,Healthcare,,Completed,Deposit via Online,0,Miami,USD,0
7361,1164,2024-11-30 15:05:48,Bill Payment,5014.11,19660.22,Mobile App,Fuel,,Completed,Bill Payment via Mobile App,0,San Diego,USD,0
7362,308,2024-05-15 05:05:43,Transfer In,1512.34,215408.3,Mobile App,,879,Completed,Transfer In via Branch,0,Naperville,USD,1.5
7363,187,2024-07-17 00:36:56,Withdrawal,3705.14,154279.74,Branch,Healthcare,,Completed,Withdrawal via ATM,1,New York City,USD,0
7364,1044,2025-04-30 07:43:23,Transfer Out,6131.47,191322.97,ATM,,684,Completed,Transfer Out via Mobile App,1,Chicago,USD,0
7365,846,2025-06-22 01:44:47,Bill Payment,260.61,218419.13,Online,Fuel,,Completed,Bill Payment via ATM,0,Miami,USD,5
7366,1139,2025-08-07 14:27:07,Transfer In,3327.89,252476.95,ATM,,939,Completed,Transfer In via Branch,0,Albany,USD,0
7367,429,2024-03-12 11:15:29,Transfer Out,3736.56,4105.23,Online,,764,Completed,Transfer Out via Mobile App,0,Cambridge,USD,5
7368,84,2024-05-17 18:48:03,Transfer In,6799.0,247539.95,Online,,76,Completed,Transfer In via POS,0,Albany,USD,0
7369,818,2026-03-28 02:21:05,Deposit,6864.49,8149.75,Mobile App,,,Completed,Deposit via POS,0,Worcester,USD,2.5
7370,108,2025-05-30 18:47:39,Deposit,7741.85,219804.16,Online,,,Completed,Deposit via Branch,0,Orlando,USD,1.5
7371,923,2024-10-10 21:57:28,Deposit,5311.31,80585.8,ATM,Travel,,Completed,Deposit via POS,0,Denver,USD,1.5
7372,785,2025-05-26 14:29:01,Transfer Out,3383.8,38553.02,Online,,10,Completed,Transfer Out via Branch,0,Austin,USD,2.5
7373,987,2025-02-17 06:09:56,Bill Payment,6512.37,3600.23,Online,Entertainment,,Pending,Bill Payment via Online,0,San Antonio,USD,0
7374,294,2026-06-28 18:59:55,Withdrawal,779.54,86715.82,Branch,Travel,,Completed,Withdrawal via Online,0,Naperville,USD,0
7375,935,2024-03-24 14:53:28,Withdrawal,7135.41,187139.08,ATM,Utilities,,Completed,Withdrawal via Online,0,Seattle,USD,0
7376,1011,2024-10-12 11:52:36,Withdrawal,2375.49,77115.63,Online,,,Completed,Withdrawal via POS,0,Dallas,USD,5
7377,682,2024-05-31 22:01:08,Interest Credit,7539.74,68674.73,Mobile App,,,Completed,Interest Credit via Mobile App,0,Cambridge,USD,0
7378,516,2024-11-06 22:42:06,Transfer In,2131.19,150665.88,Mobile App,,843,Completed,Transfer In via Mobile App,1,Sacramento,USD,2.5
7379,589,2024-01-22 12:43:37,Bill Payment,5390.25,86270.92,POS,Travel,,Completed,Bill Payment via Online,0,Spokane,USD,0
7380,1081,2024-01-29 20:38:38,Transfer In,7655.56,41269.07,Branch,,952,Completed,Transfer In via Branch,0,Houston,USD,1.5
7381,891,2026-01-14 23:09:13,Fee,3406.7,89010.02,ATM,,,Completed,Fee via Mobile App,0,San Francisco,USD,5
7382,526,2025-03-28 15:34:12,Bill Payment,5202.89,125671.63,ATM,Travel,,Completed,Bill Payment via Online,0,Springfield,USD,0
7383,120,2024-12-01 23:29:23,Bill Payment,7626.23,54990.69,ATM,Healthcare,,Completed,Bill Payment via Online,0,Boulder,USD,0
7384,430,2026-06-25 12:19:59,Withdrawal,3130.74,128771.89,ATM,Groceries,,Completed,Withdrawal via Mobile App,0,Tucson,USD,5
7385,1116,2025-07-22 15:47:30,Bill Payment,3091.64,156023.01,POS,Utilities,,Completed,Bill Payment via ATM,0,Rochester,USD,0
7386,298,2025-06-20 19:09:28,Withdrawal,6180.49,245825.92,Mobile App,Dining,,Completed,Withdrawal via Mobile App,0,Rochester,USD,0
7387,984,2026-06-25 01:09:18,Bill Payment,6941.45,56389.82,Branch,Dining,,Completed,Bill Payment via POS,0,Los Angeles,USD,10
7388,691,2024-05-28 04:56:08,Bill Payment,3461.62,143566.84,Online,Utilities,,Completed,Bill Payment via Online,0,Mesa,USD,10
7389,578,2024-08-30 19:16:30,Fee,3541.4,180710.99,Online,,,Completed,Fee via ATM,0,Rochester,USD,0
7390,51,2025-11-26 21:31:26,Transfer Out,4302.72,154399.59,ATM,,123,Completed,Transfer Out via Online,0,Los Angeles,USD,1.5
7391,824,2024-07-25 18:21:11,Transfer Out,6877.58,134791.34,Branch,,106,Completed,Transfer Out via Mobile App,0,New York City,USD,0
7392,338,2024-09-16 03:12:39,Transfer In,5119.48,191873.98,Online,,93,Completed,Transfer In via POS,0,Seattle,USD,0
7393,370,2024-12-09 21:22:15,Transfer Out,493.93,170447.61,Online,,798,Completed,Transfer Out via ATM,0,Atlanta,USD,0
7394,816,2025-10-19 09:18:58,Transfer In,3796.2,237381.99,Mobile App,,1104,Completed,Transfer In via Mobile App,0,Tampa,USD,0
7395,1055,2025-05-16 04:48:37,Fee,7422.3,108124.52,Branch,,,Completed,Fee via ATM,0,Savannah,USD,0
7396,969,2025-01-14 08:07:36,Bill Payment,3121.21,123961.6,Branch,Retail,,Failed,Bill Payment via Online,0,Houston,USD,10
7397,183,2025-09-03 09:08:03,Interest Credit,2867.66,41949.94,ATM,,,Completed,Interest Credit via POS,0,Sacramento,USD,0
7398,663,2024-05-06 13:21:07,Fee,4588.49,3883.05,ATM,,,Completed,Fee via Online,0,San Antonio,USD,10
7399,867,2025-04-22 18:57:59,Interest Credit,1845.53,13093.81,Mobile App,,,Completed,Interest Credit via ATM,0,Boston,USD,2.5
7400,1051,2026-08-20 12:18:32,Transfer In,4067.78,53243.7,Mobile App,,370,Completed,Transfer In via Branch,1,Denver,USD,0
7401,35,2025-12-13 04:16:54,Transfer In,4305.1,210238.42,Online,,977,Completed,Transfer In via Mobile App,0,San Diego,USD,0
7402,769,2024-04-13 01:47:54,Withdrawal,5396.93,213837.48,Mobile App,Education,,Completed,Withdrawal via POS,0,Cambridge,USD,0
7403,256,2025-10-19 19:01:27,Transfer In,5746.14,230744.91,Online,,488,Completed,Transfer In via POS,0,Phoenix,USD,0
7404,653,2024-07-20 07:14:55,Deposit,3188.55,116548.83,Online,Travel,,Completed,Deposit via Online,0,Augusta,USD,5
7405,1171,2025-11-12 15:29:09,Deposit,6260.47,206242.92,Branch,Healthcare,,Completed,Deposit via Online,0,Buffalo,USD,2.5
7406,486,2025-02-15 21:49:03,Deposit,5402.7,103098.8,Online,Fuel,,Completed,Deposit via POS,0,San Francisco,USD,0
7407,541,2025-07-22 23:37:35,Deposit,4096.06,145335.83,Online,Healthcare,,Completed,Deposit via ATM,0,Savannah,USD,0
7408,904,2026-05-30 14:52:37,Bill Payment,1284.09,24633.02,Branch,,,Completed,Bill Payment via Mobile App,0,Cambridge,USD,0
7409,934,2024-12-06 03:29:36,Transfer In,6709.88,125548.66,ATM,,593,Completed,Transfer In via Mobile App,1,Aurora,USD,2.5
7410,1058,2024-07-28 21:19:43,Fee,7684.65,212252.19,ATM,,,Completed,Fee via Online,0,Naperville,USD,5
7411,938,2025-06-06 17:53:15,Deposit,4689.27,154946.49,ATM,Utilities,,Completed,Deposit via POS,0,San Diego,USD,0
7412,457,2024-02-11 03:52:44,Withdrawal,2501.47,135196.14,Mobile App,Healthcare,,Completed,Withdrawal via Branch,0,Boston,USD,0
7413,697,2024-04-08 03:57:46,Deposit,4950.53,219684.35,Online,Travel,,Completed,Deposit via POS,0,Savannah,USD,5
7414,486,2024-10-01 05:47:29,Transfer In,2782.9,139397.6,Online,,798,Completed,Transfer In via POS,0,Jacksonville,USD,2.5
7415,727,2026-05-19 01:21:29,Bill Payment,5241.72,160412.29,Online,Dining,,Completed,Bill Payment via Mobile App,0,Miami,USD,5
7416,1136,2026-03-23 21:30:20,Deposit,7424.01,69129.0,Branch,Utilities,,Completed,Deposit via Branch,0,Tampa,USD,10
7417,881,2026-03-13 05:17:57,Transfer Out,7268.03,63773.22,ATM,,1057,Completed,Transfer Out via ATM,0,San Diego,USD,0
7418,303,2024-06-12 08:09:47,Bill Payment,4877.46,150136.74,Online,Retail,,Completed,Bill Payment via ATM,0,Seattle,USD,2.5
7419,780,2025-03-03 02:44:39,Bill Payment,1252.87,216134.77,ATM,Dining,,Completed,Bill Payment via Online,0,Augusta,USD,1.5
7420,782,2024-10-19 06:02:04,Bill Payment,7175.56,56792.82,ATM,Healthcare,,Completed,Bill Payment via Branch,0,Seattle,USD,1.5
7421,55,2025-03-06 05:17:23,Fee,2447.73,183713.14,Mobile App,,,Completed,Fee via Online,0,Albany,USD,2.5
7422,846,2026-05-14 01:36:32,Withdrawal,4383.09,226096.36,Online,Healthcare,,Completed,Withdrawal via ATM,0,Austin,USD,5
7423,986,2026-05-25 01:41:49,Deposit,4262.74,77728.71,Online,Groceries,,Completed,Deposit via Mobile App,0,Jacksonville,USD,0
7424,175,2026-05-19 18:16:36,Transfer In,5609.14,71719.09,Branch,,1081,Completed,Transfer In via POS,0,Sacramento,USD,0
7425,608,2025-01-03 01:30:12,Transfer Out,1502.52,85436.55,ATM,,674,Completed,Transfer Out via POS,0,Mesa,USD,0
7426,259,2026-03-14 20:54:29,Withdrawal,5062.94,192184.57,Branch,Travel,,Completed,Withdrawal via POS,0,Albany,USD,0
7427,795,2025-05-01 21:01:30,Transfer In,657.48,212115.53,Online,,788,Completed,Transfer In via POS,0,Seattle,USD,0
7428,312,2026-09-18 10:28:21,Transfer Out,7030.18,39843.6,Branch,,433,Completed,Transfer Out via Online,0,Tacoma,USD,5
7429,1189,2024-11-11 06:58:47,Withdrawal,4284.42,63631.13,ATM,Healthcare,,Completed,Withdrawal via Mobile App,0,Tucson,USD,5
7430,862,2024-12-10 17:38:55,Deposit,1899.56,209788.23,Branch,Utilities,,Completed,Deposit via ATM,0,Worcester,USD,0
7431,874,2026-08-18 07:28:44,Withdrawal,6766.12,16224.97,POS,Retail,,Completed,Withdrawal via POS,0,Augusta,USD,2.5
7432,1189,2026-06-26 18:25:56,Withdrawal,7316.71,217189.11,ATM,Travel,,Completed,Withdrawal via ATM,0,Tucson,USD,0
7433,883,2025-05-03 00:44:32,Bill Payment,4545.78,77380.78,Online,,,Completed,Bill Payment via POS,0,Spokane,USD,5
7434,1149,2026-04-12 18:05:37,Transfer In,3783.22,169389.98,Online,,1120,Pending,Transfer In via Online,0,Buffalo,USD,0
7435,1074,2025-11-02 07:06:09,Transfer In,2269.95,165735.62,Mobile App,,44,Completed,Transfer In via Branch,0,Naperville,USD,2.5
7436,1138,2024-11-09 09:17:45,Withdrawal,3644.59,211487.22,ATM,Utilities,,Completed,Withdrawal via POS,0,Cambridge,USD,0
7437,1110,2026-01-19 20:50:11,Bill Payment,304.73,171903.12,ATM,Healthcare,,Completed,Bill Payment via Online,0,Dallas,USD,0
7438,404,2025-09-04 08:49:43,Interest Credit,5557.1,92075.37,Mobile App,,,Completed,Interest Credit via Mobile App,0,Denver,USD,10
7439,524,2026-09-02 11:21:04,Fee,6352.46,229460.09,Branch,,,Completed,Fee via Mobile App,0,Jacksonville,USD,5
7440,43,2024-09-16 15:46:35,Deposit,1561.35,6242.83,Online,Dining,,Completed,Deposit via Mobile App,0,Tucson,USD,0
7441,272,2025-03-16 09:42:06,Bill Payment,7723.21,11026.02,Mobile App,Education,,Completed,Bill Payment via ATM,0,San Diego,USD,10
7442,351,2024-10-19 22:02:09,Transfer Out,5751.29,202873.72,Online,,1055,Completed,Transfer Out via Online,0,Atlanta,USD,5
7443,1085,2025-03-01 00:12:37,Bill Payment,1811.09,45164.98,ATM,Education,,Completed,Bill Payment via POS,1,Miami,USD,1.5
7444,1076,2024-06-13 08:34:35,Withdrawal,1833.37,48935.8,ATM,Travel,,Completed,Withdrawal via POS,1,Sacramento,USD,0
7445,41,2026-03-23 12:25:22,Bill Payment,7602.47,149074.12,Branch,Groceries,,Completed,Bill Payment via Mobile App,0,Austin,USD,1.5
7446,952,2025-07-30 14:25:09,Deposit,1673.02,14011.96,Online,Dining,,Completed,Deposit via Branch,1,Savannah,USD,0
7447,576,2025-12-07 17:47:43,Deposit,1888.76,186358.34,Online,Entertainment,,Completed,Deposit via Online,0,Chicago,USD,2.5
7448,419,2026-04-08 19:12:04,Deposit,6382.69,255262.62,ATM,Travel,,Completed,Deposit via POS,0,Phoenix,USD,10
7449,497,2024-01-22 15:17:04,Transfer In,5277.68,83895.39,Online,,888,Completed,Transfer In via Online,0,Boston,USD,0
7450,354,2025-02-09 23:34:40,Fee,103.48,175754.46,Online,,,Completed,Fee via POS,0,Atlanta,USD,0
7451,1058,2024-05-17 19:31:36,Deposit,5130.23,151103.45,POS,,,Completed,Deposit via Branch,0,New York City,USD,0
7452,330,2024-01-06 19:14:47,Deposit,1380.99,69831.58,ATM,Retail,,Completed,Deposit via Mobile App,1,New York City,USD,0
7453,906,2025-02-16 10:46:48,Transfer Out,5480.96,249735.76,Online,,128,Completed,Transfer Out via Online,1,Atlanta,USD,0
7454,960,2024-05-09 08:30:40,Transfer Out,6170.74,204451.56,Branch,,197,Completed,Transfer Out via Online,0,Savannah,USD,0
7455,111,2025-07-20 08:20:37,Deposit,7053.49,242163.88,Online,Retail,,Completed,Deposit via POS,0,San Diego,USD,10
7456,324,2024-11-22 08:05:21,Fee,3675.5,233546.32,Mobile App,,,Completed,Fee via ATM,0,Boulder,USD,2.5
7457,291,2025-06-16 18:20:28,Withdrawal,6196.56,105588.52,ATM,Entertainment,,Completed,Withdrawal via POS,1,Seattle,USD,5
7458,1174,2024-11-29 03:14:44,Withdrawal,6820.85,198368.29,ATM,Travel,,Completed,Withdrawal via POS,0,Buffalo,USD,2.5
7459,733,2024-04-19 15:17:51,Withdrawal,2841.16,95013.56,ATM,,,Completed,Withdrawal via Branch,0,Denver,USD,0
7460,267,2026-03-27 18:52:41,Fee,5945.77,77610.38,ATM,,,Completed,Fee via Mobile App,0,Savannah,USD,10
7461,390,2024-02-24 03:04:31,Transfer In,1916.61,80021.94,Online,,935,Completed,Transfer In via Online,0,Augusta,USD,5
7462,1130,2025-02-24 20:35:32,Transfer Out,3219.96,180137.94,ATM,,781,Completed,Transfer Out via ATM,0,Worcester,USD,5
7463,691,2024-05-06 02:53:39,Withdrawal,5041.67,82279.37,Mobile App,Travel,,Completed,Withdrawal via Mobile App,0,New York City,USD,0
7464,286,2025-03-22 09:58:15,Transfer Out,6130.28,74405.66,ATM,,35,Completed,Transfer Out via Branch,0,Austin,USD,0
7465,148,2025-02-21 01:18:58,Bill Payment,2848.11,7278.83,Online,Groceries,,Completed,Bill Payment via Branch,0,Cambridge,USD,5
7466,556,2025-05-06 04:56:06,Deposit,3829.83,37824.88,Branch,Entertainment,,Completed,Deposit via POS,0,San Diego,USD,5
7467,575,2025-08-19 01:58:47,Transfer Out,6070.13,100961.35,Mobile App,,96,Completed,Transfer Out via Mobile App,0,Springfield,USD,0
7468,614,2024-08-18 22:51:11,Transfer Out,6956.63,155838.04,Online,,742,Completed,Transfer Out via Branch,0,Jacksonville,USD,0
7469,611,2024-11-14 22:30:02,Transfer In,555.71,112394.4,Online,,557,Completed,Transfer In via Mobile App,0,Los Angeles,USD,0
7470,938,2024-01-22 17:47:31,Bill Payment,6469.62,206995.98,Branch,Education,,Completed,Bill Payment via POS,0,Boston,USD,5
7471,812,2025-03-15 23:13:51,Deposit,4434.23,224226.63,Branch,Utilities,,Completed,Deposit via ATM,0,Boston,USD,0
7472,656,2026-02-15 01:42:06,Transfer Out,6539.94,250795.97,Online,,935,Completed,Transfer Out via Branch,0,Austin,USD,5
7473,29,2024-09-13 21:15:35,Bill Payment,6685.55,153984.94,Online,,,Completed,Bill Payment via POS,0,San Francisco,USD,2.5
7474,340,2026-05-25 13:56:42,Deposit,7947.48,187437.79,Online,Healthcare,,Completed,Deposit via ATM,0,Buffalo,USD,0
7475,643,2026-05-14 17:45:18,Deposit,2138.9,20247.95,ATM,Retail,,Completed,Deposit via Mobile App,0,Tacoma,USD,0
7476,914,2024-03-13 19:16:47,Deposit,5499.31,51628.22,Online,Dining,,Completed,Deposit via Branch,0,San Diego,USD,0
7477,249,2025-07-28 09:02:50,Bill Payment,2444.87,194389.69,Branch,Entertainment,,Completed,Bill Payment via ATM,0,San Antonio,USD,0
7478,91,2024-10-27 13:25:36,Bill Payment,6047.44,226975.61,Branch,Groceries,,Completed,Bill Payment via ATM,0,Boulder,USD,5
7479,246,2026-05-16 22:32:24,Bill Payment,1030.83,44891.93,POS,,,Completed,Bill Payment via Branch,0,Aurora,USD,0
7480,1001,2025-10-17 10:18:44,Withdrawal,625.11,4389.56,ATM,Dining,,Completed,Withdrawal via POS,0,Mesa,USD,2.5
7481,955,2026-06-18 05:34:28,Withdrawal,4120.39,156266.34,Online,Fuel,,Completed,Withdrawal via Mobile App,0,Tucson,USD,5
7482,483,2024-07-04 16:11:05,Bill Payment,7592.58,202602.95,Mobile App,Travel,,Completed,Bill Payment via Online,0,Buffalo,USD,1.5
7483,63,2026-02-24 20:20:02,Deposit,4794.83,161350.43,Online,Healthcare,,Completed,Deposit via POS,0,Worcester,USD,5
7484,232,2024-10-19 02:55:40,Withdrawal,7465.8,206696.3,Branch,Healthcare,,Completed,Withdrawal via Branch,0,Albany,USD,0
7485,943,2025-05-07 10:34:48,Withdrawal,3899.56,179677.5,Online,Education,,Completed,Withdrawal via Mobile App,0,New York City,USD,10
7486,674,2025-07-03 00:05:16,Bill Payment,4467.85,174995.98,Online,Entertainment,,Completed,Bill Payment via Branch,0,Springfield,USD,5
7487,374,2026-05-05 07:36:02,Interest Credit,3684.17,121416.22,Mobile App,,,Completed,Interest Credit via Mobile App,0,Mesa,USD,0
7488,1075,2026-07-22 01:09:33,Fee,492.21,17691.34,Branch,,,Completed,Fee via Online,0,Worcester,USD,5
7489,634,2025-11-28 20:04:15,Withdrawal,1231.4,165590.18,Branch,Education,,Completed,Withdrawal via ATM,0,Boston,USD,1.5
7490,301,2025-12-29 11:05:41,Deposit,95.23,247867.9,POS,,,Completed,Deposit via POS,0,Phoenix,USD,0
7491,1101,2024-01-07 05:45:24,Bill Payment,4884.02,94525.61,Mobile App,,,Completed,Bill Payment via ATM,0,Los Angeles,USD,0
7492,757,2026-06-27 21:16:25,Withdrawal,502.14,65591.66,Online,Education,,Completed,Withdrawal via Branch,0,San Antonio,USD,5
7493,598,2026-08-28 12:29:58,Transfer In,6351.09,161196.12,Branch,,19,Completed,Transfer In via Branch,0,Savannah,USD,0
7494,340,2025-12-22 14:14:36,Transfer Out,1556.44,168943.82,ATM,,461,Completed,Transfer Out via Branch,0,Houston,USD,1.5
7495,1163,2025-04-07 17:07:49,Transfer In,1885.25,247877.04,ATM,,440,Completed,Transfer In via POS,0,Boston,USD,0
7496,182,2026-05-25 11:11:18,Withdrawal,7949.15,196218.62,ATM,Entertainment,,Completed,Withdrawal via POS,0,Spokane,USD,5
7497,493,2025-01-07 19:59:43,Transfer Out,6396.49,210791.33,Mobile App,,411,Completed,Transfer Out via Online,0,San Diego,USD,1.5
7498,1092,2026-05-12 06:58:53,Transfer Out,4626.04,40277.12,ATM,,233,Completed,Transfer Out via POS,0,Rochester,USD,0
7499,203,2024-10-17 17:22:42,Interest Credit,2824.24,161307.66,Online,,,Completed,Interest Credit via Mobile App,0,Atlanta,USD,10
7500,32,2025-10-16 03:04:51,Interest Credit,6100.44,233520.74,Branch,,,Completed,Interest Credit via POS,0,Aurora,USD,1.5
7501,929,2025-04-03 00:54:04,Transfer Out,2741.34,104874.84,Online,,216,Completed,Transfer Out via Branch,0,Cambridge,USD,0
7502,660,2024-07-22 04:54:34,Transfer Out,7617.32,45310.4,POS,,942,Completed,Transfer Out via Mobile App,0,New York City,USD,2.5
7503,791,2025-10-10 10:20:03,Deposit,6993.01,123740.13,Online,Healthcare,,Completed,Deposit via Online,0,Naperville,USD,2.5
7504,1050,2025-06-12 15:22:08,Deposit,4025.15,215451.16,ATM,Dining,,Completed,Deposit via Branch,0,Dallas,USD,0
7505,169,2024-04-03 10:04:49,Fee,6156.95,43970.81,Mobile App,,,Completed,Fee via Mobile App,1,Dallas,USD,0
7506,749,2025-03-27 21:04:17,Transfer In,3126.6,245545.36,Online,,325,Completed,Transfer In via ATM,0,Cambridge,USD,2.5
7507,328,2025-11-10 06:33:09,Bill Payment,1674.07,51676.73,Mobile App,Entertainment,,Completed,Bill Payment via POS,0,San Francisco,USD,0
7508,825,2026-08-02 22:34:23,Bill Payment,6351.36,183011.41,Online,Healthcare,,Completed,Bill Payment via POS,0,Tampa,USD,2.5
7509,1147,2026-09-10 01:46:43,Bill Payment,5495.67,238978.77,POS,Entertainment,,Completed,Bill Payment via POS,0,Buffalo,USD,1.5
7510,421,2024-05-23 17:31:32,Fee,6373.91,220503.03,Mobile App,,,Completed,Fee via POS,0,Augusta,USD,5
7511,322,2024-08-30 12:42:24,Deposit,3967.81,25953.64,ATM,Dining,,Completed,Deposit via Mobile App,0,New York City,USD,0
7512,114,2025-03-19 19:37:51,Withdrawal,4909.85,224072.81,ATM,Groceries,,Completed,Withdrawal via Mobile App,0,Savannah,USD,1.5
7513,596,2025-12-30 16:11:00,Deposit,5684.72,16526.34,Branch,Healthcare,,Failed,Deposit via POS,0,Austin,USD,10
7514,768,2024-06-04 17:56:57,Deposit,1500.72,124487.82,Online,Dining,,Completed,Deposit via ATM,0,Tacoma,USD,0
7515,509,2024-02-25 23:42:50,Interest Credit,5860.95,156035.95,Mobile App,,,Completed,Interest Credit via Branch,0,Sacramento,USD,0
7516,332,2025-07-20 06:01:48,Fee,501.97,5275.92,ATM,,,Pending,Fee via ATM,0,Aurora,USD,10
7517,1126,2025-12-02 18:05:35,Interest Credit,7746.39,253959.29,Branch,,,Completed,Interest Credit via Mobile App,0,San Francisco,USD,1.5
7518,665,2024-11-12 00:32:52,Withdrawal,2027.34,49608.81,Online,Retail,,Completed,Withdrawal via Online,0,Tampa,USD,0
7519,872,2025-12-17 07:58:22,Transfer Out,228.96,134822.49,ATM,,903,Completed,Transfer Out via Branch,0,San Diego,USD,5
7520,204,2025-01-28 22:02:03,Bill Payment,2395.98,236464.76,Online,Utilities,,Completed,Bill Payment via ATM,0,Tucson,USD,1.5
7521,694,2025-02-03 09:36:55,Deposit,947.35,92333.62,ATM,Entertainment,,Completed,Deposit via Mobile App,0,Mesa,USD,5
7522,851,2025-12-29 09:13:12,Interest Credit,1596.56,25577.89,ATM,,,Completed,Interest Credit via Online,0,Sacramento,USD,0
7523,642,2024-01-12 17:27:11,Withdrawal,7866.5,242543.31,Branch,Education,,Completed,Withdrawal via Branch,0,Spokane,USD,10
7524,96,2024-07-15 17:39:59,Transfer Out,1379.57,97059.52,Online,,429,Completed,Transfer Out via Branch,0,Spokane,USD,0
7525,1181,2025-09-20 21:07:02,Transfer In,7184.49,38747.19,Online,,53,Completed,Transfer In via Branch,0,Tacoma,USD,2.5
7526,983,2025-10-31 13:27:11,Fee,5046.66,230667.53,Online,,,Completed,Fee via Mobile App,0,Spokane,USD,0
7527,1076,2026-04-27 00:07:08,Withdrawal,1677.1,227968.31,Branch,Education,,Failed,Withdrawal via Mobile App,0,Cambridge,USD,0
7528,138,2026-02-21 06:08:10,Withdrawal,2110.03,55531.47,Online,Education,,Completed,Withdrawal via POS,0,Springfield,USD,1.5
7529,518,2026-03-17 09:30:06,Transfer In,4483.13,30470.41,Branch,,938,Completed,Transfer In via Online,0,Albany,USD,0
7530,921,2025-03-01 11:39:35,Deposit,7221.62,108594.7,Online,,,Completed,Deposit via Mobile App,0,San Antonio,USD,0
7531,1012,2024-01-05 08:03:16,Bill Payment,5185.35,104623.21,Mobile App,Education,,Completed,Bill Payment via Mobile App,0,Augusta,USD,2.5
7532,1070,2024-03-08 05:29:35,Bill Payment,4913.32,156321.09,ATM,Entertainment,,Completed,Bill Payment via Online,0,Phoenix,USD,0
7533,515,2024-05-18 00:59:59,Deposit,6153.26,101874.16,Online,Dining,,Completed,Deposit via POS,0,New York City,USD,2.5
7534,1057,2026-03-03 04:30:25,Withdrawal,2633.52,90032.68,POS,Dining,,Completed,Withdrawal via POS,0,Spokane,USD,1.5
7535,58,2024-05-31 05:53:38,Deposit,4860.49,92814.97,Online,Healthcare,,Completed,Deposit via POS,0,Chicago,USD,0
7536,983,2026-03-31 01:30:12,Deposit,2300.7,9708.6,ATM,Utilities,,Completed,Deposit via Online,0,Jacksonville,USD,0
7537,122,2026-04-19 07:54:30,Deposit,6265.36,246146.11,ATM,Fuel,,Completed,Deposit via Mobile App,0,Houston,USD,1.5
7538,986,2026-06-08 13:24:25,Transfer In,235.88,1188.07,Mobile App,,802,Completed,Transfer In via ATM,0,Dallas,USD,0
7539,1057,2025-12-19 14:25:55,Bill Payment,422.01,248898.51,Online,Fuel,,Completed,Bill Payment via Branch,0,San Francisco,USD,0
7540,576,2025-05-31 22:57:10,Deposit,5085.74,239286.15,Branch,Travel,,Completed,Deposit via ATM,0,Aurora,USD,1.5
7541,943,2025-05-17 08:57:09,Transfer In,6251.64,97893.58,Mobile App,,22,Completed,Transfer In via ATM,0,Albany,USD,0
7542,1122,2024-09-24 21:14:17,Withdrawal,2541.92,139451.64,ATM,Travel,,Completed,Withdrawal via ATM,0,Miami,USD,0
7543,677,2025-01-21 22:08:54,Deposit,6221.11,152224.8,Mobile App,Entertainment,,Completed,Deposit via Mobile App,0,Mesa,USD,0
7544,345,2024-09-09 14:54:16,Transfer In,382.18,28811.66,Mobile App,,358,Completed,Transfer In via Online,0,Aurora,USD,0
7545,797,2026-08-20 18:14:48,Bill Payment,3427.02,106900.85,Online,Healthcare,,Completed,Bill Payment via Branch,0,Los Angeles,USD,0
7546,1092,2025-06-26 01:13:06,Transfer Out,2953.82,111862.43,Mobile App,,461,Failed,Transfer Out via Mobile App,0,Orlando,USD,1.5
7547,973,2024-07-23 04:24:21,Withdrawal,1950.34,169722.25,Mobile App,Dining,,Completed,Withdrawal via ATM,0,Aurora,USD,0
7548,531,2026-01-21 05:34:55,Bill Payment,3703.66,139705.6,ATM,Education,,Completed,Bill Payment via ATM,0,Austin,USD,0
7549,949,2025-02-26 00:19:59,Withdrawal,283.01,73899.61,Mobile App,Healthcare,,Completed,Withdrawal via Online,0,Boston,USD,10
7550,81,2025-03-26 10:56:50,Withdrawal,1488.8,64455.65,Online,Healthcare,,Completed,Withdrawal via Online,0,Mesa,USD,10
7551,819,2025-07-29 02:30:44,Deposit,2539.89,61369.54,Mobile App,Entertainment,,Completed,Deposit via Branch,0,Albany,USD,1.5
7552,662,2024-01-23 21:28:55,Deposit,5130.79,130127.86,Mobile App,Utilities,,Completed,Deposit via Branch,0,Miami,USD,0
7553,214,2026-02-27 09:41:11,Withdrawal,33.96,178814.96,Online,,,Completed,Withdrawal via POS,0,Austin,USD,10
7554,831,2024-06-15 01:16:05,Withdrawal,1885.59,170176.23,Branch,Groceries,,Pending,Withdrawal via Mobile App,0,Austin,USD,2.5
7555,715,2026-09-02 08:36:30,Deposit,1523.54,181807.1,Mobile App,Retail,,Completed,Deposit via Mobile App,0,Houston,USD,10
7556,521,2025-06-23 04:14:38,Deposit,3114.58,147000.27,Mobile App,Entertainment,,Completed,Deposit via Branch,0,Savannah,USD,5
7557,262,2025-02-08 15:51:27,Deposit,5490.5,151469.08,Online,Dining,,Completed,Deposit via ATM,0,Houston,USD,1.5
7558,1077,2025-12-23 08:01:05,Bill Payment,6041.89,229048.93,Mobile App,Fuel,,Pending,Bill Payment via ATM,0,Houston,USD,10
7559,493,2025-09-28 20:40:05,Bill Payment,5332.37,91378.66,Mobile App,Utilities,,Pending,Bill Payment via Branch,0,Chicago,USD,10
7560,829,2025-11-26 22:00:49,Withdrawal,4079.95,118738.58,ATM,Healthcare,,Completed,Withdrawal via ATM,0,Albany,USD,0
7561,887,2025-01-15 10:16:37,Transfer Out,6848.18,152475.76,Online,,858,Completed,Transfer Out via Mobile App,0,Naperville,USD,0
7562,663,2026-04-30 02:49:27,Bill Payment,6832.6,205740.08,POS,Utilities,,Completed,Bill Payment via Branch,0,Tampa,USD,1.5
7563,898,2025-09-30 20:02:03,Transfer In,403.22,187081.3,Mobile App,,963,Completed,Transfer In via Branch,0,Aurora,USD,0
7564,444,2024-09-09 16:30:59,Transfer Out,5740.48,33019.37,POS,,913,Completed,Transfer Out via POS,0,Jacksonville,USD,0
7565,306,2026-07-04 12:28:30,Fee,5224.77,222340.33,Online,,,Completed,Fee via Online,1,San Diego,USD,0
7566,46,2026-06-07 20:54:34,Transfer In,6305.56,246716.4,Branch,,1166,Completed,Transfer In via Mobile App,0,Austin,USD,1.5
7567,1038,2026-05-24 22:54:43,Withdrawal,1928.71,43898.28,Mobile App,Retail,,Completed,Withdrawal via Branch,0,Augusta,USD,0
7568,474,2025-08-21 04:41:03,Deposit,1019.29,236498.36,ATM,Travel,,Completed,Deposit via Mobile App,0,Augusta,USD,5
7569,195,2024-01-24 23:29:26,Bill Payment,7603.52,232147.08,Online,,,Completed,Bill Payment via Branch,1,Boston,USD,5
7570,127,2026-09-10 09:37:20,Fee,1839.27,192953.57,ATM,,,Completed,Fee via Branch,0,Los Angeles,USD,0
7571,1092,2026-07-04 09:25:05,Interest Credit,6288.6,138478.61,Branch,,,Completed,Interest Credit via ATM,0,Denver,USD,1.5
7572,593,2024-10-06 08:55:29,Withdrawal,2112.29,136392.21,Mobile App,Education,,Completed,Withdrawal via ATM,0,Boston,USD,0
7573,1199,2025-12-14 18:17:08,Transfer In,5833.12,1696.7,ATM,,359,Completed,Transfer In via Branch,0,Tucson,USD,0
7574,164,2024-02-21 21:28:11,Interest Credit,2291.9,137102.24,Mobile App,,,Completed,Interest Credit via POS,0,Tampa,USD,0
7575,998,2026-05-15 08:28:00,Withdrawal,7605.21,209708.66,Online,Groceries,,Pending,Withdrawal via Branch,0,Worcester,USD,2.5
7576,577,2024-05-25 06:43:28,Deposit,5591.98,105864.8,Mobile App,Education,,Completed,Deposit via Mobile App,0,Springfield,USD,0
7577,857,2025-09-12 09:19:15,Transfer Out,4164.64,58217.77,Branch,,156,Completed,Transfer Out via POS,0,Tacoma,USD,2.5
7578,402,2026-02-01 01:41:36,Transfer Out,1835.0,253021.51,Mobile App,,202,Completed,Transfer Out via ATM,0,Los Angeles,USD,2.5
7579,837,2024-04-03 09:28:09,Transfer Out,6928.03,209959.87,ATM,,1145,Completed,Transfer Out via POS,0,Springfield,USD,0
7580,593,2025-07-16 19:08:29,Transfer Out,4250.49,239261.58,Branch,,979,Completed,Transfer Out via Branch,0,Tacoma,USD,0
7581,837,2024-08-02 17:14:53,Transfer In,1872.26,243685.72,Branch,,537,Completed,Transfer In via Branch,0,Albany,USD,0
7582,400,2024-02-19 19:38:51,Fee,6109.09,143286.04,Mobile App,,,Completed,Fee via Mobile App,0,Los Angeles,USD,1.5
7583,238,2025-10-13 18:39:53,Withdrawal,5139.61,196479.0,ATM,Travel,,Completed,Withdrawal via ATM,0,Worcester,USD,1.5
7584,896,2026-06-07 05:15:16,Withdrawal,1477.8,137861.16,Mobile App,Dining,,Completed,Withdrawal via ATM,1,Sacramento,USD,5
7585,304,2024-01-01 21:54:07,Transfer Out,7736.2,240415.69,Branch,,288,Completed,Transfer Out via ATM,0,Houston,USD,0
7586,128,2024-04-18 01:33:04,Bill Payment,4665.43,200258.78,Online,Travel,,Completed,Bill Payment via ATM,0,Sacramento,USD,1.5
7587,949,2024-11-27 03:19:42,Fee,1359.45,201101.54,Mobile App,,,Completed,Fee via ATM,0,Boulder,USD,2.5
7588,151,2025-01-25 17:18:51,Deposit,1375.09,213832.34,Branch,Groceries,,Completed,Deposit via Online,0,Boulder,USD,2.5
7589,747,2025-04-19 05:50:00,Withdrawal,193.83,213960.77,Branch,Dining,,Completed,Withdrawal via Online,0,San Diego,USD,0
7590,906,2026-02-24 12:12:57,Bill Payment,2023.91,110142.91,Mobile App,Education,,Completed,Bill Payment via ATM,0,Spokane,USD,0
7591,284,2025-06-13 12:50:35,Interest Credit,7257.86,108631.83,Online,,,Completed,Interest Credit via POS,0,Seattle,USD,0
7592,989,2025-11-20 12:59:25,Bill Payment,6778.58,150185.51,ATM,Groceries,,Completed,Bill Payment via Online,0,Albany,USD,10
7593,223,2025-12-08 01:33:12,Withdrawal,4142.16,76053.22,Mobile App,Travel,,Completed,Withdrawal via Mobile App,0,Dallas,USD,0
7594,165,2024-02-29 21:27:51,Deposit,4452.65,181418.38,Online,Fuel,,Completed,Deposit via ATM,0,Phoenix,USD,2.5
7595,158,2026-05-26 00:28:05,Fee,1429.22,224548.91,Online,,,Completed,Fee via Online,0,Cambridge,USD,0
7596,1003,2024-08-04 07:17:16,Bill Payment,3569.67,49634.99,Branch,,,Completed,Bill Payment via Online,0,San Diego,USD,0
7597,760,2025-06-06 20:59:44,Bill Payment,7974.27,46706.68,Mobile App,Groceries,,Completed,Bill Payment via POS,0,Jacksonville,USD,2.5
7598,1017,2025-05-23 13:14:47,Deposit,2495.46,35392.48,ATM,Retail,,Pending,Deposit via ATM,0,Albany,USD,1.5
7599,201,2025-09-29 15:28:03,Transfer Out,2638.08,227669.92,Online,,436,Completed,Transfer Out via Online,0,Tampa,USD,1.5
7600,294,2025-12-27 19:07:07,Bill Payment,2911.69,53027.21,ATM,Groceries,,Completed,Bill Payment via Mobile App,0,San Antonio,USD,5
7601,316,2024-02-05 15:37:15,Withdrawal,7398.52,116393.58,Online,Dining,,Completed,Withdrawal via Mobile App,0,Austin,USD,0
7602,22,2024-09-11 18:29:16,Transfer Out,3719.19,65400.33,ATM,,369,Completed,Transfer Out via ATM,0,Augusta,USD,0
7603,1171,2024-03-09 00:02:04,Bill Payment,3916.05,154702.61,ATM,Travel,,Completed,Bill Payment via Branch,0,San Antonio,USD,0
7604,344,2024-10-08 06:45:50,Transfer In,4035.21,61034.36,ATM,,437,Completed,Transfer In via Online,0,Austin,USD,10
7605,150,2024-09-28 09:29:20,Bill Payment,6591.74,223228.76,ATM,,,Completed,Bill Payment via Online,0,Mesa,USD,1.5
7606,698,2024-03-04 17:55:09,Bill Payment,4429.64,203235.42,Online,,,Completed,Bill Payment via ATM,0,Naperville,USD,0
7607,920,2025-02-08 20:31:59,Withdrawal,2739.77,151076.29,POS,Healthcare,,Completed,Withdrawal via Branch,0,Worcester,USD,0
7608,300,2026-06-10 20:06:05,Deposit,758.96,152473.19,Online,Dining,,Completed,Deposit via POS,0,Los Angeles,USD,0
7609,154,2024-12-05 06:00:51,Transfer In,4488.83,51634.3,Branch,,901,Completed,Transfer In via Branch,0,Dallas,USD,0
7610,962,2025-11-16 17:30:17,Bill Payment,6351.91,67622.94,Mobile App,Education,,Completed,Bill Payment via Mobile App,0,Boulder,USD,10
7611,296,2026-04-11 23:17:37,Bill Payment,3577.15,91301.97,ATM,Education,,Completed,Bill Payment via Branch,0,Phoenix,USD,0
7612,605,2024-07-09 13:12:27,Fee,4314.84,100850.35,ATM,,,Completed,Fee via POS,0,Houston,USD,0
7613,309,2025-09-25 00:52:59,Deposit,6729.05,152367.94,ATM,Healthcare,,Completed,Deposit via Branch,0,Los Angeles,USD,0
7614,653,2024-04-12 19:43:20,Withdrawal,6370.97,73815.03,Online,Education,,Completed,Withdrawal via ATM,0,San Francisco,USD,0
7615,814,2025-05-29 00:30:56,Interest Credit,448.19,70518.7,Online,,,Completed,Interest Credit via Branch,0,Augusta,USD,0
7616,453,2024-08-04 19:22:04,Withdrawal,4139.19,191179.31,ATM,Retail,,Failed,Withdrawal via POS,0,Naperville,USD,0
7617,153,2024-11-05 16:10:08,Deposit,6159.2,136577.0,Online,Retail,,Completed,Deposit via POS,1,San Francisco,USD,1.5
7618,713,2024-11-15 01:54:15,Bill Payment,5629.48,131586.65,ATM,Retail,,Completed,Bill Payment via ATM,0,Albany,USD,0
7619,1004,2025-05-19 16:11:13,Interest Credit,1352.63,100622.19,Online,,,Completed,Interest Credit via Online,0,Tampa,USD,0
7620,19,2024-07-15 16:34:47,Bill Payment,3946.71,205057.73,Mobile App,Travel,,Completed,Bill Payment via ATM,0,Springfield,USD,1.5
7621,400,2025-09-15 05:11:43,Withdrawal,6627.04,213878.54,Branch,Education,,Completed,Withdrawal via Mobile App,0,Springfield,USD,2.5
7622,25,2024-01-12 23:57:24,Withdrawal,3908.59,237705.5,ATM,Travel,,Completed,Withdrawal via Mobile App,0,Austin,USD,0
7623,23,2026-07-09 07:55:16,Bill Payment,3760.14,210507.06,Mobile App,Entertainment,,Completed,Bill Payment via Branch,0,Boulder,USD,0
7624,618,2025-05-30 06:53:15,Bill Payment,6349.88,13849.86,Online,Fuel,,Completed,Bill Payment via Branch,0,Atlanta,USD,1.5
7625,446,2024-11-13 03:00:54,Deposit,4274.76,213525.54,Online,Utilities,,Completed,Deposit via ATM,0,Tacoma,USD,5
7626,1003,2024-10-08 06:26:44,Fee,7682.59,245082.9,Online,,,Completed,Fee via POS,0,Houston,USD,0
7627,95,2024-04-19 18:28:37,Deposit,6963.87,54540.0,ATM,Education,,Pending,Deposit via POS,0,Augusta,USD,5
7628,199,2026-04-19 02:43:12,Transfer Out,2580.84,85103.76,Online,,349,Completed,Transfer Out via Branch,0,Miami,USD,5
7629,262,2025-03-25 21:37:57,Interest Credit,3523.42,109081.18,Online,,,Completed,Interest Credit via POS,0,Tacoma,USD,1.5
7630,149,2024-09-18 17:44:53,Fee,7061.06,28472.61,Online,,,Completed,Fee via Mobile App,0,Aurora,USD,0
7631,836,2024-04-01 00:40:24,Transfer Out,3277.45,87799.47,Online,,5,Completed,Transfer Out via Online,0,Buffalo,USD,0
7632,598,2026-07-14 06:53:27,Transfer In,3229.52,45379.28,Branch,,676,Completed,Transfer In via Mobile App,0,Buffalo,USD,0
7633,799,2024-02-07 03:03:23,Deposit,7369.37,133631.85,ATM,Groceries,,Completed,Deposit via Mobile App,0,Spokane,USD,0
7634,173,2026-06-05 19:12:08,Interest Credit,1684.96,39836.92,Mobile App,,,Completed,Interest Credit via Mobile App,0,San Diego,USD,0
7635,625,2026-02-27 17:30:03,Interest Credit,1494.58,243902.72,ATM,,,Completed,Interest Credit via ATM,0,Phoenix,USD,0
7636,138,2025-10-17 17:51:07,Withdrawal,1952.63,63021.14,Mobile App,Fuel,,Completed,Withdrawal via Online,0,Dallas,USD,0
7637,320,2025-02-07 23:43:56,Transfer In,7822.52,4809.19,ATM,,100,Completed,Transfer In via Branch,0,Aurora,USD,0
7638,293,2025-08-28 02:19:17,Transfer Out,5527.53,7683.57,Mobile App,,266,Completed,Transfer Out via POS,0,Boston,USD,0
7639,1026,2025-11-23 12:38:54,Transfer In,5623.63,197370.36,Online,,754,Completed,Transfer In via Branch,0,Orlando,USD,0
7640,305,2025-10-06 13:06:46,Deposit,6353.64,137208.79,POS,Dining,,Completed,Deposit via Mobile App,0,Mesa,USD,0
7641,35,2024-07-22 19:08:25,Deposit,3633.08,73141.55,Mobile App,Travel,,Completed,Deposit via Branch,0,Jacksonville,USD,1.5
7642,589,2025-12-01 07:45:31,Withdrawal,3459.86,194101.57,Branch,Dining,,Completed,Withdrawal via Branch,0,Aurora,USD,0
7643,457,2025-03-11 01:25:48,Withdrawal,266.37,196168.22,Mobile App,Fuel,,Completed,Withdrawal via ATM,0,Tucson,USD,0
7644,491,2024-04-16 11:45:08,Withdrawal,6676.9,234076.64,ATM,,,Completed,Withdrawal via POS,0,Houston,USD,1.5
7645,417,2025-05-29 22:11:58,Deposit,1401.65,33687.78,Mobile App,Dining,,Pending,Deposit via ATM,0,New York City,USD,5
7646,583,2025-01-23 11:36:31,Bill Payment,2807.47,110504.85,Branch,Dining,,Completed,Bill Payment via POS,0,Boulder,USD,10
7647,964,2026-09-05 23:46:37,Bill Payment,2526.41,30351.28,Mobile App,Healthcare,,Completed,Bill Payment via ATM,0,Tampa,USD,2.5
7648,880,2025-05-31 07:47:05,Transfer In,5788.86,20779.27,ATM,,306,Completed,Transfer In via Branch,0,Jacksonville,USD,2.5
7649,273,2025-02-25 13:12:29,Transfer In,2542.09,116178.57,Mobile App,,167,Completed,Transfer In via Mobile App,0,Augusta,USD,10
7650,270,2024-03-26 00:24:35,Bill Payment,3567.05,18816.19,ATM,Entertainment,,Completed,Bill Payment via Mobile App,0,Chicago,USD,10
7651,1067,2025-07-24 03:26:53,Deposit,4756.19,91351.26,Online,Travel,,Completed,Deposit via Online,0,Jacksonville,USD,10
7652,20,2026-04-04 22:45:53,Deposit,1215.1,237819.94,ATM,Utilities,,Completed,Deposit via POS,0,Rochester,USD,5
7653,416,2025-01-19 14:37:27,Bill Payment,3423.73,175497.1,Mobile App,Travel,,Completed,Bill Payment via Mobile App,0,Augusta,USD,0
7654,425,2024-12-21 12:50:54,Withdrawal,5006.94,138929.55,Online,Dining,,Completed,Withdrawal via Mobile App,0,Tacoma,USD,0
7655,319,2026-01-04 08:54:55,Withdrawal,2848.14,51657.3,ATM,Fuel,,Completed,Withdrawal via Mobile App,0,Miami,USD,5
7656,681,2025-06-04 06:34:01,Deposit,6765.95,154436.83,Online,Education,,Completed,Deposit via Online,1,Spokane,USD,0
7657,737,2025-10-24 16:01:20,Bill Payment,1298.02,101707.96,Mobile App,Groceries,,Completed,Bill Payment via ATM,0,Tucson,USD,0
7658,60,2024-06-08 12:16:50,Withdrawal,4478.96,242494.92,Mobile App,Healthcare,,Completed,Withdrawal via POS,0,Buffalo,USD,0
7659,822,2024-03-06 12:59:49,Deposit,4498.31,5678.56,Online,Travel,,Completed,Deposit via Branch,0,Phoenix,USD,0
7660,541,2026-05-18 01:05:36,Bill Payment,1378.54,42030.92,Mobile App,,,Completed,Bill Payment via Mobile App,0,Boston,USD,5
7661,119,2025-12-18 23:28:47,Withdrawal,2950.2,63572.15,Branch,,,Completed,Withdrawal via Online,0,Tampa,USD,2.5
7662,916,2026-05-13 02:35:17,Bill Payment,4082.82,66711.29,Mobile App,Education,,Completed,Bill Payment via Online,0,Denver,USD,0
7663,723,2024-11-28 04:10:14,Fee,2049.24,20291.91,Branch,,,Completed,Fee via ATM,0,Atlanta,USD,0
7664,490,2026-09-04 01:59:04,Fee,5572.66,220754.15,POS,,,Completed,Fee via Online,0,Buffalo,USD,5
7665,382,2024-07-25 23:09:02,Fee,2837.11,106126.8,Online,,,Completed,Fee via Online,0,Augusta,USD,0
7666,676,2024-07-08 05:05:28,Withdrawal,361.3,-909.73,Branch,Utilities,,Completed,Withdrawal via POS,0,Sacramento,USD,0
7667,626,2024-12-21 19:46:33,Withdrawal,4707.56,151006.49,Branch,Education,,Completed,Withdrawal via Mobile App,0,Phoenix,USD,5
7668,591,2025-06-22 00:58:00,Interest Credit,1894.94,156721.23,Online,,,Completed,Interest Credit via Branch,0,Naperville,USD,10
7669,959,2025-08-09 21:16:18,Bill Payment,2156.22,202861.27,Branch,Education,,Completed,Bill Payment via ATM,0,Tucson,USD,0
7670,528,2025-02-25 03:18:47,Withdrawal,3482.16,217565.98,Online,Entertainment,,Completed,Withdrawal via Online,0,Buffalo,USD,1.5
7671,1122,2025-03-14 20:27:08,Bill Payment,4765.45,232645.68,Online,Utilities,,Failed,Bill Payment via Branch,0,Tampa,USD,0
7672,827,2024-05-29 15:37:49,Withdrawal,6791.05,142374.81,Mobile App,Dining,,Completed,Withdrawal via ATM,1,Sacramento,USD,10
7673,1173,2025-01-03 21:04:43,Deposit,6394.43,250627.88,Mobile App,Education,,Completed,Deposit via Branch,0,Denver,USD,1.5
7674,769,2024-12-30 00:23:49,Bill Payment,2992.46,90069.18,Online,Dining,,Completed,Bill Payment via Branch,1,Orlando,USD,0
7675,748,2024-08-26 22:28:42,Fee,7233.7,88426.23,POS,,,Completed,Fee via Mobile App,0,Denver,USD,0
7676,665,2024-09-03 23:17:04,Bill Payment,2417.93,102008.37,ATM,Retail,,Completed,Bill Payment via POS,0,San Antonio,USD,2.5
7677,1061,2025-10-16 19:42:42,Interest Credit,6264.9,40116.11,ATM,,,Completed,Interest Credit via Branch,0,Tacoma,USD,10
7678,651,2026-02-07 22:08:49,Deposit,1734.85,196616.5,Online,Healthcare,,Completed,Deposit via Branch,0,Austin,USD,10
7679,110,2025-05-23 03:52:33,Transfer In,2868.67,188640.17,ATM,,959,Completed,Transfer In via ATM,0,Buffalo,USD,0
7680,153,2024-10-08 17:22:41,Deposit,3503.8,33264.28,POS,Groceries,,Completed,Deposit via Branch,0,San Diego,USD,5
7681,424,2025-01-22 02:53:33,Transfer In,7562.04,622.93,Online,,869,Completed,Transfer In via ATM,0,Phoenix,USD,5
7682,969,2025-10-20 03:20:30,Deposit,691.42,182056.02,ATM,Groceries,,Completed,Deposit via Branch,0,Tucson,USD,5
7683,219,2024-04-04 01:49:10,Withdrawal,3249.94,35562.35,POS,Fuel,,Completed,Withdrawal via Branch,0,Atlanta,USD,5
7684,702,2026-06-22 14:39:24,Withdrawal,5648.28,232170.87,Branch,Dining,,Completed,Withdrawal via Online,0,San Diego,USD,2.5
7685,886,2025-11-29 23:57:31,Withdrawal,6844.25,211062.69,Mobile App,Travel,,Completed,Withdrawal via Mobile App,0,Naperville,USD,0
7686,158,2024-11-30 11:32:19,Deposit,5065.45,171494.45,ATM,Travel,,Completed,Deposit via Mobile App,0,Houston,USD,0
7687,1002,2024-02-13 05:27:55,Bill Payment,916.67,146807.01,Online,Travel,,Completed,Bill Payment via ATM,0,Boulder,USD,2.5
7688,1031,2025-11-10 22:57:48,Deposit,6384.65,35628.18,Online,,,Completed,Deposit via ATM,0,Aurora,USD,0
7689,880,2025-06-22 08:19:41,Bill Payment,5420.49,236083.82,Branch,Dining,,Completed,Bill Payment via POS,0,San Antonio,USD,1.5
7690,790,2024-09-24 03:34:57,Bill Payment,5610.51,143119.27,Branch,Fuel,,Completed,Bill Payment via ATM,0,Tucson,USD,10
7691,740,2025-02-28 11:19:20,Deposit,2172.01,160020.71,Branch,Utilities,,Completed,Deposit via Branch,0,Boston,USD,0
7692,281,2025-06-30 22:57:56,Bill Payment,4615.36,105311.82,Mobile App,Retail,,Completed,Bill Payment via POS,0,Jacksonville,USD,0
7693,984,2025-08-26 13:01:41,Transfer In,7544.71,141930.78,Online,,117,Completed,Transfer In via POS,0,Orlando,USD,0
7694,100,2024-07-26 14:26:05,Fee,1170.42,59548.27,Online,,,Completed,Fee via ATM,0,Albany,USD,2.5
7695,859,2026-03-24 03:47:03,Deposit,2029.91,217429.05,Online,Retail,,Completed,Deposit via Online,0,Denver,USD,0
7696,1104,2026-02-13 19:33:42,Bill Payment,5351.03,118602.09,ATM,Travel,,Completed,Bill Payment via Online,0,Savannah,USD,0
7697,917,2024-01-07 10:43:53,Deposit,148.24,226257.43,Online,Education,,Completed,Deposit via Branch,0,Los Angeles,USD,10
7698,224,2026-02-26 02:46:38,Transfer In,4241.46,247665.17,POS,,562,Completed,Transfer In via POS,0,Buffalo,USD,0
7699,553,2024-12-06 06:58:14,Bill Payment,7109.1,104916.14,ATM,Dining,,Completed,Bill Payment via ATM,0,Augusta,USD,0
7700,981,2024-06-06 06:36:10,Interest Credit,1447.43,132489.14,Mobile App,,,Completed,Interest Credit via ATM,0,Tacoma,USD,0
7701,84,2026-04-04 01:55:41,Transfer Out,5421.09,210905.35,Mobile App,,1049,Completed,Transfer Out via Online,0,Sacramento,USD,0
7702,189,2024-06-27 09:53:14,Bill Payment,6330.52,201005.85,ATM,Fuel,,Completed,Bill Payment via Branch,0,Phoenix,USD,5
7703,150,2026-01-22 10:36:19,Fee,7111.79,28467.34,POS,,,Completed,Fee via Branch,0,Los Angeles,USD,0
7704,202,2025-03-05 03:18:00,Transfer Out,4777.44,161772.4,ATM,,1143,Completed,Transfer Out via Branch,0,Mesa,USD,1.5
7705,236,2025-07-13 01:19:35,Deposit,505.99,115052.54,Online,Fuel,,Completed,Deposit via ATM,0,Rochester,USD,10
7706,285,2025-10-08 01:18:11,Transfer Out,1983.61,188957.42,Branch,,226,Completed,Transfer Out via Branch,0,Naperville,USD,0
7707,1027,2024-09-11 12:52:05,Transfer In,329.42,103245.38,Branch,,503,Completed,Transfer In via POS,0,Miami,USD,1.5
7708,535,2024-03-10 11:50:04,Bill Payment,3512.26,83292.55,Online,Education,,Completed,Bill Payment via POS,0,San Antonio,USD,0
7709,1199,2025-01-05 05:36:03,Withdrawal,4642.15,32794.3,Mobile App,Education,,Completed,Withdrawal via Online,0,Chicago,USD,0
7710,222,2026-01-07 04:12:04,Deposit,3478.55,101266.06,Branch,Retail,,Completed,Deposit via POS,0,Los Angeles,USD,2.5
7711,1081,2024-03-02 02:34:51,Transfer In,741.24,107651.98,Mobile App,,693,Completed,Transfer In via ATM,0,Naperville,USD,0
7712,678,2024-11-15 07:05:16,Transfer In,7924.77,212882.84,Branch,,14,Completed,Transfer In via Online,0,Worcester,USD,0
7713,80,2026-05-23 00:55:03,Bill Payment,6849.5,197736.53,Mobile App,Fuel,,Completed,Bill Payment via Branch,0,Phoenix,USD,2.5
7714,79,2025-01-04 21:00:39,Fee,6073.03,205275.53,ATM,,,Completed,Fee via Online,0,Orlando,USD,10
7715,379,2024-10-26 05:23:22,Interest Credit,3665.2,166833.82,Online,,,Failed,Interest Credit via Online,0,San Diego,USD,0
7716,660,2024-04-16 06:46:35,Deposit,3932.91,57674.35,Mobile App,Utilities,,Completed,Deposit via Mobile App,0,New York City,USD,0
7717,1031,2024-08-26 01:49:31,Deposit,3105.04,40840.7,Mobile App,,,Completed,Deposit via Mobile App,0,Worcester,USD,0
7718,458,2026-03-13 04:25:16,Bill Payment,392.69,163635.7,Online,Healthcare,,Completed,Bill Payment via Branch,0,Boston,USD,10
7719,594,2025-04-11 04:21:22,Transfer In,3626.52,14831.56,Online,,410,Completed,Transfer In via POS,1,Seattle,USD,5
7720,855,2024-07-09 01:30:02,Deposit,7188.67,191412.45,ATM,Travel,,Completed,Deposit via POS,0,Aurora,USD,0
7721,979,2026-07-02 10:27:21,Fee,5822.27,184977.28,ATM,,,Completed,Fee via Branch,1,Savannah,USD,1.5
7722,756,2025-06-18 02:24:46,Bill Payment,5621.12,64584.81,Online,Dining,,Completed,Bill Payment via Mobile App,0,Boulder,USD,10
7723,377,2025-07-17 04:10:59,Bill Payment,4557.0,124748.41,Branch,Utilities,,Completed,Bill Payment via POS,0,Houston,USD,0
7724,301,2025-04-15 22:58:53,Bill Payment,7702.51,167397.45,Branch,Fuel,,Completed,Bill Payment via ATM,0,Orlando,USD,10
7725,1145,2026-06-03 05:29:52,Bill Payment,5125.02,101379.04,Branch,Dining,,Completed,Bill Payment via Branch,0,Denver,USD,0
7726,415,2026-04-20 16:26:55,Deposit,5491.57,56616.88,Branch,Utilities,,Completed,Deposit via Branch,0,Tampa,USD,5
7727,183,2025-09-29 15:08:16,Transfer Out,6381.87,176398.81,ATM,,634,Completed,Transfer Out via ATM,0,Orlando,USD,0
7728,1200,2026-02-02 23:52:19,Fee,4265.28,41573.59,Branch,,,Completed,Fee via POS,0,Savannah,USD,0
7729,1117,2024-08-11 07:30:22,Transfer In,3905.12,174059.63,Online,,799,Completed,Transfer In via ATM,0,Tucson,USD,5
7730,2,2026-05-13 07:10:43,Deposit,1347.95,187892.67,Branch,Retail,,Completed,Deposit via Online,0,Los Angeles,USD,5
7731,89,2026-04-22 22:07:31,Withdrawal,3733.84,62258.76,Mobile App,,,Completed,Withdrawal via Mobile App,0,Jacksonville,USD,5
7732,222,2026-08-06 05:32:19,Interest Credit,5536.52,86008.03,Online,,,Completed,Interest Credit via ATM,0,Miami,USD,1.5
7733,127,2026-03-02 18:30:50,Interest Credit,5741.38,136902.41,ATM,,,Completed,Interest Credit via ATM,0,San Diego,USD,5
7734,192,2025-04-13 04:54:22,Fee,5343.5,239473.76,Branch,,,Completed,Fee via POS,0,Boston,USD,0
7735,395,2026-07-07 00:20:22,Withdrawal,3644.9,85247.45,Branch,Dining,,Completed,Withdrawal via ATM,0,Sacramento,USD,0
7736,285,2026-08-06 05:25:41,Bill Payment,1731.93,222168.21,Branch,Travel,,Completed,Bill Payment via Mobile App,0,Cambridge,USD,0
7737,431,2024-04-25 17:19:16,Deposit,7969.65,99437.44,Branch,Education,,Completed,Deposit via POS,0,Albany,USD,10
7738,295,2026-05-27 01:29:24,Withdrawal,5162.99,180935.41,Online,,,Completed,Withdrawal via Mobile App,0,Dallas,USD,1.5
7739,535,2025-05-15 06:14:37,Deposit,3169.97,165029.19,Online,Dining,,Completed,Deposit via POS,0,Miami,USD,0
7740,762,2024-05-19 22:16:30,Bill Payment,3866.22,25766.14,Mobile App,Healthcare,,Failed,Bill Payment via Branch,0,Denver,USD,0
7741,569,2024-05-08 00:21:46,Withdrawal,1221.14,160676.49,Mobile App,Groceries,,Completed,Withdrawal via Online,0,Dallas,USD,0
7742,397,2026-01-01 00:32:48,Withdrawal,3702.18,211832.3,POS,Utilities,,Completed,Withdrawal via Online,0,Dallas,USD,5
7743,536,2025-10-13 04:02:19,Fee,2907.55,101389.66,Branch,,,Completed,Fee via Branch,0,Houston,USD,5
7744,56,2026-07-08 16:46:01,Withdrawal,3715.88,230676.92,ATM,Travel,,Completed,Withdrawal via Online,0,Austin,USD,10
7745,422,2024-07-17 00:32:40,Fee,1576.67,127184.06,Online,,,Completed,Fee via ATM,0,New York City,USD,0
7746,1055,2026-02-17 16:08:06,Withdrawal,7934.03,90344.45,Online,Entertainment,,Completed,Withdrawal via POS,0,Denver,USD,2.5
7747,568,2024-03-02 08:32:00,Bill Payment,4303.37,178889.37,Online,Fuel,,Completed,Bill Payment via Branch,1,Orlando,USD,0
7748,182,2025-03-17 16:48:17,Transfer Out,4327.65,3541.58,Branch,,40,Completed,Transfer Out via ATM,0,Tampa,USD,10
7749,254,2024-03-23 18:40:44,Fee,1466.16,146395.18,Mobile App,,,Completed,Fee via Branch,0,Albany,USD,2.5
7750,435,2024-03-14 00:53:16,Transfer Out,7332.93,156886.98,POS,,609,Completed,Transfer Out via POS,0,San Antonio,USD,1.5
7751,746,2026-04-05 15:01:06,Transfer In,5507.0,259985.29,Mobile App,,415,Completed,Transfer In via ATM,0,Buffalo,USD,10
7752,981,2025-12-15 21:29:16,Deposit,4615.63,45739.4,Branch,Fuel,,Completed,Deposit via Mobile App,0,Albany,USD,0
7753,1159,2024-10-05 02:25:04,Bill Payment,5312.97,251122.6,Online,Fuel,,Completed,Bill Payment via POS,0,Tacoma,USD,0
7754,349,2024-07-12 01:48:16,Interest Credit,5646.51,102011.98,Online,,,Completed,Interest Credit via Mobile App,0,Aurora,USD,0
7755,1148,2025-11-04 18:50:59,Withdrawal,6681.72,157629.35,Online,Education,,Completed,Withdrawal via POS,0,Springfield,USD,2.5
7756,711,2025-05-02 21:10:13,Deposit,4128.1,72637.54,Branch,Utilities,,Completed,Deposit via Branch,0,Buffalo,USD,0
7757,159,2026-06-05 16:06:21,Transfer Out,567.44,48727.03,Mobile App,,919,Pending,Transfer Out via Online,0,Dallas,USD,0
7758,1193,2026-08-20 09:12:01,Transfer Out,3939.93,208155.53,Branch,,556,Completed,Transfer Out via Branch,0,Seattle,USD,0
7759,516,2024-12-14 02:25:40,Withdrawal,7241.67,35706.7,Mobile App,Education,,Pending,Withdrawal via ATM,0,Denver,USD,0
7760,530,2025-10-19 07:54:32,Deposit,6555.65,126545.49,Mobile App,Dining,,Failed,Deposit via Branch,0,San Diego,USD,0
7761,105,2026-04-27 01:39:00,Bill Payment,6340.85,97873.47,POS,Fuel,,Completed,Bill Payment via Online,0,Seattle,USD,0
7762,902,2025-11-21 08:32:45,Bill Payment,1324.99,13771.15,Online,Education,,Completed,Bill Payment via Online,0,Boston,USD,0
7763,578,2025-03-22 03:23:18,Transfer In,2601.14,65911.04,Online,,942,Completed,Transfer In via ATM,0,Augusta,USD,0
7764,897,2025-04-13 17:04:55,Bill Payment,2984.84,71796.63,Branch,Retail,,Completed,Bill Payment via Branch,0,Albany,USD,2.5
7765,179,2026-01-25 21:02:08,Deposit,1694.71,137556.31,Online,Retail,,Completed,Deposit via POS,0,Los Angeles,USD,1.5
7766,277,2026-04-12 13:12:19,Transfer In,4958.39,105203.34,Branch,,1140,Completed,Transfer In via Mobile App,0,San Francisco,USD,1.5
7767,66,2026-02-21 03:15:36,Withdrawal,7440.02,104225.13,Online,Groceries,,Failed,Withdrawal via Branch,0,Seattle,USD,0
7768,29,2026-06-20 11:37:38,Withdrawal,3076.35,67170.17,ATM,Utilities,,Completed,Withdrawal via Mobile App,0,Tacoma,USD,10
7769,865,2026-07-21 19:20:57,Deposit,4018.15,239857.57,Online,Healthcare,,Completed,Deposit via Branch,0,Houston,USD,0
7770,581,2025-11-07 12:00:00,Deposit,2297.39,29862.22,Mobile App,Fuel,,Completed,Deposit via Mobile App,0,Miami,USD,0
7771,1096,2025-08-04 09:34:41,Bill Payment,6318.33,74800.4,Online,Entertainment,,Completed,Bill Payment via Online,0,Augusta,USD,0
7772,146,2025-04-18 18:53:40,Fee,2215.17,40048.9,Online,,,Completed,Fee via ATM,0,Sacramento,USD,0
7773,606,2025-01-10 10:41:58,Transfer Out,6276.21,232178.17,ATM,,270,Completed,Transfer Out via ATM,0,Tacoma,USD,5
7774,731,2025-12-09 08:34:15,Deposit,6371.51,18257.63,Online,Healthcare,,Completed,Deposit via Online,0,Savannah,USD,2.5
7775,531,2025-03-09 15:12:13,Deposit,5438.39,16845.47,Mobile App,Entertainment,,Completed,Deposit via Online,0,Aurora,USD,10
7776,427,2026-02-09 08:05:14,Bill Payment,654.7,186901.1,Online,Entertainment,,Completed,Bill Payment via Online,0,Orlando,USD,0
7777,38,2025-02-05 19:56:04,Transfer Out,1977.8,54751.7,Mobile App,,955,Completed,Transfer Out via Branch,1,Denver,USD,5
7778,1158,2025-03-30 08:21:44,Deposit,4836.37,172872.89,Mobile App,Travel,,Completed,Deposit via ATM,0,Los Angeles,USD,0
7779,872,2024-10-22 09:41:14,Interest Credit,7157.59,72551.7,ATM,,,Completed,Interest Credit via Mobile App,0,Chicago,USD,10
7780,304,2025-08-29 00:59:14,Bill Payment,2720.7,160890.07,Online,Travel,,Completed,Bill Payment via Online,0,Naperville,USD,0
7781,79,2025-12-22 23:34:53,Transfer In,6217.37,114720.39,ATM,,168,Completed,Transfer In via Online,0,Spokane,USD,5
7782,510,2025-01-11 20:56:16,Fee,1595.53,136826.37,ATM,,,Completed,Fee via ATM,0,Rochester,USD,0
7783,449,2026-05-02 23:38:25,Bill Payment,7575.09,244768.89,Online,Groceries,,Completed,Bill Payment via Mobile App,0,Albany,USD,0
7784,851,2024-07-13 09:09:49,Withdrawal,2403.87,181604.08,ATM,Fuel,,Completed,Withdrawal via Branch,0,Atlanta,USD,0
7785,1014,2026-02-16 10:05:50,Bill Payment,7365.43,70418.47,Mobile App,Retail,,Completed,Bill Payment via POS,1,Sacramento,USD,10
7786,136,2024-01-17 01:05:41,Interest Credit,1040.38,186399.48,Mobile App,,,Completed,Interest Credit via Mobile App,0,Jacksonville,USD,0
7787,696,2025-09-05 18:19:07,Transfer In,5426.06,10396.21,Mobile App,,245,Completed,Transfer In via POS,0,Chicago,USD,0
7788,777,2024-12-31 21:53:34,Transfer Out,2444.61,21093.01,Online,,718,Completed,Transfer Out via Branch,0,Atlanta,USD,2.5
7789,206,2024-06-10 03:41:39,Deposit,4836.78,106616.02,ATM,Groceries,,Completed,Deposit via POS,0,Albany,USD,5
7790,892,2026-04-02 11:19:25,Bill Payment,473.64,241293.5,Online,Healthcare,,Completed,Bill Payment via POS,0,Naperville,USD,2.5
7791,818,2024-10-07 23:39:36,Transfer In,7026.7,123967.29,Branch,,442,Failed,Transfer In via ATM,0,Boulder,USD,0
7792,393,2024-05-18 03:11:18,Transfer In,3482.12,218168.78,Online,,56,Completed,Transfer In via Branch,0,Miami,USD,0
7793,575,2025-11-04 02:45:59,Bill Payment,5702.66,-1795.76,Online,Travel,,Completed,Bill Payment via POS,0,Naperville,USD,2.5
7794,603,2025-11-11 18:52:31,Bill Payment,7878.38,125924.7,Mobile App,Travel,,Pending,Bill Payment via ATM,0,New York City,USD,0
7795,79,2024-12-29 19:12:19,Transfer In,4413.6,60170.48,Mobile App,,625,Completed,Transfer In via ATM,0,Miami,USD,0
7796,164,2026-02-17 18:29:45,Interest Credit,5214.45,148885.92,Mobile App,,,Completed,Interest Credit via Mobile App,0,Mesa,USD,5
7797,303,2025-09-14 21:28:23,Transfer Out,2262.38,130445.41,ATM,,982,Completed,Transfer Out via Online,1,Boston,USD,2.5
7798,515,2026-08-13 06:33:58,Deposit,749.58,108240.67,Online,Dining,,Completed,Deposit via ATM,0,Spokane,USD,0
7799,351,2024-06-30 22:25:29,Fee,4530.39,217248.58,Mobile App,,,Completed,Fee via Branch,0,Los Angeles,USD,10
7800,1034,2026-04-16 02:42:43,Withdrawal,3498.79,163878.28,Online,,,Completed,Withdrawal via Mobile App,0,Albany,USD,0
7801,345,2025-08-01 07:06:57,Transfer In,4381.2,169606.92,POS,,267,Completed,Transfer In via Mobile App,0,Springfield,USD,0
7802,504,2026-01-28 17:14:44,Transfer Out,5306.73,214415.48,Online,,471,Failed,Transfer Out via Mobile App,0,Phoenix,USD,2.5
7803,880,2024-08-31 09:20:52,Deposit,4582.38,72392.76,Online,Groceries,,Completed,Deposit via Online,0,San Antonio,USD,0
7804,323,2025-09-14 12:27:58,Transfer Out,2499.71,250414.76,Branch,,421,Completed,Transfer Out via Branch,0,Denver,USD,1.5
7805,1094,2024-01-14 06:12:25,Transfer Out,730.57,210023.36,Online,,44,Completed,Transfer Out via Mobile App,0,Sacramento,USD,1.5
7806,727,2024-01-22 05:00:31,Transfer In,503.88,62287.08,Mobile App,,793,Failed,Transfer In via Online,0,Jacksonville,USD,0
7807,842,2025-11-22 21:25:45,Bill Payment,6276.47,198207.92,Online,Education,,Completed,Bill Payment via ATM,0,Atlanta,USD,0
7808,1037,2025-04-22 06:49:21,Fee,1089.31,172614.42,POS,,,Completed,Fee via Branch,0,Albany,USD,5
7809,418,2024-08-30 18:14:38,Bill Payment,5608.24,88290.98,Mobile App,Dining,,Completed,Bill Payment via POS,0,Orlando,USD,0
7810,900,2024-02-19 23:14:56,Interest Credit,7434.17,6460.17,ATM,,,Completed,Interest Credit via ATM,0,Seattle,USD,5
7811,1112,2024-04-23 18:57:03,Bill Payment,93.46,106420.95,POS,Travel,,Completed,Bill Payment via Online,0,Cambridge,USD,0
7812,323,2025-05-06 20:32:45,Transfer In,3168.29,86631.31,Online,,139,Completed,Transfer In via Branch,0,Sacramento,USD,1.5
7813,474,2025-10-01 06:12:29,Bill Payment,2004.32,100114.02,Online,Entertainment,,Pending,Bill Payment via Branch,0,Miami,USD,0
7814,365,2024-04-24 01:27:34,Fee,5288.81,139942.35,POS,,,Completed,Fee via POS,0,Buffalo,USD,1.5
7815,1130,2026-06-25 01:22:18,Transfer Out,2693.32,90762.84,Mobile App,,536,Completed,Transfer Out via POS,0,Springfield,USD,10
7816,493,2024-11-24 02:17:30,Transfer Out,4032.11,91463.25,Branch,,375,Completed,Transfer Out via Mobile App,0,Austin,USD,10
7817,899,2026-01-13 17:32:54,Fee,7099.81,227374.37,Online,,,Completed,Fee via Online,0,Mesa,USD,10
7818,519,2024-04-05 23:46:07,Deposit,7114.67,243335.99,Online,,,Pending,Deposit via POS,0,Naperville,USD,1.5
7819,516,2024-03-10 02:30:12,Withdrawal,7412.02,92236.07,Online,Groceries,,Completed,Withdrawal via ATM,0,San Antonio,USD,10
7820,193,2025-12-08 10:06:58,Transfer Out,6119.49,253054.94,ATM,,468,Completed,Transfer Out via ATM,0,San Antonio,USD,2.5
7821,286,2026-06-26 17:04:24,Transfer In,5270.58,202283.13,ATM,,994,Completed,Transfer In via POS,0,Springfield,USD,0
7822,265,2025-02-22 05:18:04,Transfer In,7358.57,226067.42,Online,,465,Completed,Transfer In via ATM,0,Augusta,USD,0
7823,217,2024-01-31 16:02:42,Transfer Out,7485.11,153177.6,POS,,1144,Completed,Transfer Out via ATM,0,Denver,USD,5
7824,670,2024-02-02 15:09:05,Bill Payment,4434.89,166185.64,Mobile App,Retail,,Completed,Bill Payment via POS,0,Spokane,USD,1.5
7825,876,2025-02-04 12:33:12,Transfer In,7619.33,136932.3,ATM,,39,Completed,Transfer In via Mobile App,0,Buffalo,USD,1.5
7826,293,2025-07-13 09:41:45,Deposit,5664.46,198329.17,Mobile App,Travel,,Pending,Deposit via Online,0,Sacramento,USD,0
7827,388,2025-12-17 07:58:28,Bill Payment,8.66,257504.4,ATM,Healthcare,,Completed,Bill Payment via POS,0,Worcester,USD,1.5
7828,304,2025-10-30 02:03:32,Transfer In,2018.52,171082.82,Mobile App,,1089,Failed,Transfer In via Mobile App,0,Jacksonville,USD,5
7829,707,2026-04-23 00:08:46,Transfer Out,7255.75,77629.0,Branch,,826,Completed,Transfer Out via Online,0,Sacramento,USD,0
7830,932,2026-06-26 21:58:27,Bill Payment,1680.66,86209.12,Mobile App,Travel,,Completed,Bill Payment via Online,0,Sacramento,USD,5
7831,487,2025-08-19 16:15:46,Transfer Out,1106.69,41791.68,Online,,1041,Completed,Transfer Out via Mobile App,0,Springfield,USD,5
7832,323,2026-05-11 18:57:36,Deposit,7927.03,160221.14,Online,Dining,,Completed,Deposit via Online,0,Spokane,USD,0
7833,973,2026-07-05 16:14:37,Bill Payment,7971.47,171312.24,Mobile App,Entertainment,,Completed,Bill Payment via ATM,0,Boston,USD,2.5
7834,168,2024-07-21 21:38:07,Transfer In,3365.16,258400.5,Branch,,262,Completed,Transfer In via Branch,0,Orlando,USD,0
7835,787,2024-11-14 00:10:23,Transfer Out,5078.14,180113.14,Mobile App,,845,Completed,Transfer Out via ATM,0,Tucson,USD,2.5
7836,1100,2025-05-21 14:02:14,Withdrawal,208.15,134815.95,POS,Education,,Completed,Withdrawal via Online,0,Dallas,USD,0
7837,873,2025-12-13 07:15:39,Bill Payment,4593.35,152790.4,Mobile App,Fuel,,Completed,Bill Payment via Online,0,Miami,USD,10
7838,503,2024-12-23 10:34:03,Transfer Out,5512.68,104071.52,POS,,182,Completed,Transfer Out via Online,0,Augusta,USD,2.5
7839,674,2026-06-11 15:24:31,Interest Credit,2378.86,97699.61,ATM,,,Completed,Interest Credit via Online,0,Boston,USD,2.5
7840,1032,2025-08-21 22:08:46,Deposit,6390.61,38548.35,Online,Education,,Completed,Deposit via Branch,0,Tacoma,USD,0
7841,789,2024-04-17 13:57:09,Bill Payment,1193.23,158677.8,Branch,Healthcare,,Completed,Bill Payment via Online,0,Mesa,USD,1.5
7842,1102,2025-07-23 07:32:19,Bill Payment,237.66,113412.7,ATM,Fuel,,Completed,Bill Payment via POS,0,Boulder,USD,1.5
7843,461,2025-04-16 01:11:32,Withdrawal,2716.33,126784.56,Mobile App,Utilities,,Completed,Withdrawal via Mobile App,0,Phoenix,USD,0
7844,1159,2024-04-01 02:34:13,Deposit,6696.39,247958.96,Branch,Education,,Completed,Deposit via Mobile App,0,Buffalo,USD,10
7845,956,2024-09-08 15:28:31,Deposit,4072.9,248401.62,Mobile App,Entertainment,,Completed,Deposit via POS,0,Buffalo,USD,0
7846,483,2024-08-29 23:32:42,Withdrawal,6003.54,210164.12,POS,Retail,,Completed,Withdrawal via Branch,0,Austin,USD,0
7847,1147,2026-06-13 10:53:47,Bill Payment,4075.86,35245.72,Branch,Travel,,Completed,Bill Payment via Mobile App,0,Albany,USD,1.5
7848,65,2025-05-19 08:19:02,Transfer Out,3644.99,125740.69,Online,,581,Completed,Transfer Out via POS,1,Atlanta,USD,0
7849,126,2025-02-16 08:11:26,Deposit,6352.43,135279.61,Mobile App,,,Completed,Deposit via POS,0,Phoenix,USD,0
7850,437,2025-09-24 07:16:33,Transfer Out,879.37,136736.08,Branch,,205,Completed,Transfer Out via Branch,0,Cambridge,USD,2.5
7851,653,2026-05-01 08:35:00,Fee,286.18,26871.43,Mobile App,,,Completed,Fee via ATM,0,Dallas,USD,5
7852,907,2025-11-08 10:06:24,Deposit,369.56,252701.04,Branch,Fuel,,Completed,Deposit via ATM,0,Miami,USD,5
7853,661,2024-08-27 14:02:25,Fee,5983.85,219917.5,Mobile App,,,Completed,Fee via POS,0,Mesa,USD,0
7854,439,2024-06-04 10:54:54,Withdrawal,4548.41,175037.62,Branch,Dining,,Completed,Withdrawal via Online,0,Buffalo,USD,5
7855,749,2026-05-24 20:14:12,Bill Payment,908.82,140436.29,ATM,Education,,Completed,Bill Payment via Online,0,Albany,USD,2.5
7856,746,2024-04-01 10:27:50,Withdrawal,1414.38,145143.6,Online,Dining,,Completed,Withdrawal via ATM,0,Los Angeles,USD,2.5
7857,1086,2026-09-19 22:11:35,Transfer Out,5276.3,93781.82,ATM,,333,Completed,Transfer Out via Mobile App,1,Jacksonville,USD,0
7858,1059,2025-05-08 20:46:16,Bill Payment,6396.95,206407.95,Branch,Dining,,Completed,Bill Payment via Branch,0,Miami,USD,0
7859,1,2024-05-18 10:21:34,Deposit,5842.07,164589.72,Branch,Groceries,,Completed,Deposit via ATM,0,Worcester,USD,1.5
7860,1179,2025-10-18 02:02:14,Transfer Out,1269.17,78965.66,Mobile App,,205,Completed,Transfer Out via Branch,0,Chicago,USD,0
7861,320,2025-02-26 10:27:55,Transfer In,6197.55,149731.49,Online,,228,Completed,Transfer In via Mobile App,0,Tacoma,USD,0
7862,1054,2024-05-25 23:02:40,Deposit,2643.97,256848.69,Mobile App,Groceries,,Completed,Deposit via POS,0,Springfield,USD,0
7863,981,2025-06-01 09:51:31,Interest Credit,4055.47,104281.85,Online,,,Completed,Interest Credit via Branch,0,Denver,USD,1.5
7864,595,2024-11-05 18:10:21,Deposit,604.89,111780.98,ATM,Utilities,,Completed,Deposit via Mobile App,0,Aurora,USD,1.5
7865,9,2025-06-21 15:33:58,Bill Payment,3071.61,38779.02,ATM,Entertainment,,Completed,Bill Payment via ATM,0,Houston,USD,0
7866,664,2024-09-20 08:12:19,Fee,3923.03,137036.0,ATM,,,Completed,Fee via Mobile App,0,Naperville,USD,2.5
7867,266,2026-06-06 04:38:45,Fee,6793.54,196852.28,ATM,,,Completed,Fee via Online,0,Aurora,USD,10
7868,273,2026-06-18 20:07:20,Transfer In,7028.02,145114.39,Mobile App,,5,Completed,Transfer In via POS,0,Naperville,USD,1.5
7869,979,2026-09-13 12:34:57,Bill Payment,6995.23,253764.17,Online,,,Completed,Bill Payment via Branch,0,Tacoma,USD,0
7870,789,2025-05-12 01:31:57,Fee,1887.36,218517.66,ATM,,,Completed,Fee via Branch,0,Rochester,USD,2.5
7871,840,2024-05-08 06:41:12,Bill Payment,4140.79,102680.71,Branch,Travel,,Completed,Bill Payment via ATM,0,Naperville,USD,0
7872,804,2024-01-03 14:36:14,Bill Payment,1012.86,201784.3,ATM,Entertainment,,Completed,Bill Payment via ATM,0,Mesa,USD,2.5
7873,1006,2026-03-20 05:20:08,Withdrawal,6473.65,26965.63,Online,Healthcare,,Completed,Withdrawal via ATM,0,Buffalo,USD,0
7874,1108,2025-11-18 19:51:52,Deposit,3879.88,110192.8,ATM,Travel,,Completed,Deposit via POS,0,Rochester,USD,0
7875,620,2026-01-03 04:02:09,Withdrawal,1258.75,195339.46,ATM,Utilities,,Completed,Withdrawal via ATM,0,Mesa,USD,0
7876,1014,2025-10-18 12:19:10,Transfer Out,3675.62,158951.1,Mobile App,,988,Completed,Transfer Out via Branch,0,Phoenix,USD,0
7877,272,2024-01-21 17:59:19,Bill Payment,5813.59,125380.92,Online,,,Completed,Bill Payment via Mobile App,0,Sacramento,USD,2.5
7878,876,2025-01-25 08:10:38,Interest Credit,3962.25,180920.17,Online,,,Completed,Interest Credit via Branch,0,Tacoma,USD,0
7879,397,2024-02-19 12:43:32,Withdrawal,5680.11,232608.74,Branch,Travel,,Completed,Withdrawal via Online,0,Dallas,USD,5
7880,389,2024-10-30 14:03:34,Transfer In,7445.48,148480.39,Branch,,498,Completed,Transfer In via POS,0,Rochester,USD,1.5
7881,1169,2026-01-14 18:58:10,Interest Credit,1646.59,109464.72,Online,,,Completed,Interest Credit via POS,0,Houston,USD,0
7882,904,2026-02-27 07:56:31,Deposit,1639.19,29092.23,Branch,Entertainment,,Completed,Deposit via Mobile App,0,Albany,USD,0
7883,623,2024-11-14 23:46:00,Deposit,5999.98,191191.79,POS,Retail,,Completed,Deposit via ATM,0,Houston,USD,10
7884,43,2025-08-11 01:11:44,Bill Payment,5454.65,65319.8,Online,Utilities,,Completed,Bill Payment via POS,0,Austin,USD,5
7885,1109,2025-07-12 08:37:30,Transfer In,7630.14,126582.89,POS,,778,Completed,Transfer In via Online,0,Boston,USD,0
7886,299,2024-12-03 05:52:12,Bill Payment,4693.51,60839.09,Online,Dining,,Completed,Bill Payment via ATM,0,Tampa,USD,1.5
7887,334,2024-07-27 01:18:32,Fee,2532.98,54634.3,POS,,,Completed,Fee via POS,0,Tampa,USD,0
7888,97,2024-05-22 22:54:20,Interest Credit,4829.7,232668.93,Online,,,Completed,Interest Credit via Online,1,Seattle,USD,5
7889,866,2026-05-25 15:45:48,Deposit,705.61,69108.4,ATM,Dining,,Completed,Deposit via Mobile App,0,Chicago,USD,10
7890,632,2025-02-03 20:14:04,Deposit,5328.2,235970.56,Branch,Retail,,Completed,Deposit via Mobile App,0,Augusta,USD,0
7891,973,2025-10-12 09:34:33,Transfer Out,1253.56,232255.26,ATM,,741,Completed,Transfer Out via Branch,0,Tucson,USD,2.5
7892,251,2025-12-29 04:10:22,Interest Credit,2523.79,-1097.12,Mobile App,,,Completed,Interest Credit via ATM,0,Denver,USD,0
7893,1045,2026-05-27 08:24:02,Interest Credit,645.47,58306.27,ATM,,,Completed,Interest Credit via ATM,0,Buffalo,USD,1.5
7894,395,2025-11-25 16:21:51,Transfer In,416.13,161784.71,Online,,829,Completed,Transfer In via ATM,0,Worcester,USD,0
7895,916,2024-07-16 18:01:41,Interest Credit,7566.17,183354.8,ATM,,,Pending,Interest Credit via POS,0,Orlando,USD,0
7896,598,2024-08-22 00:04:04,Bill Payment,5733.55,128426.05,Online,Retail,,Completed,Bill Payment via ATM,0,Tucson,USD,1.5
7897,1026,2026-06-15 19:16:39,Transfer Out,2538.87,162785.45,Mobile App,,705,Completed,Transfer Out via POS,0,Tacoma,USD,0
7898,185,2026-04-23 07:49:01,Withdrawal,5483.47,251921.79,Mobile App,Utilities,,Completed,Withdrawal via POS,0,Springfield,USD,2.5
7899,1076,2026-06-26 18:10:12,Withdrawal,3523.49,123146.42,ATM,Travel,,Completed,Withdrawal via ATM,0,San Antonio,USD,1.5
7900,109,2025-01-15 15:02:21,Withdrawal,7490.3,202542.3,ATM,Healthcare,,Completed,Withdrawal via POS,0,Worcester,USD,10
7901,1064,2025-12-12 08:13:39,Bill Payment,3477.28,89342.34,Online,,,Completed,Bill Payment via Mobile App,0,Spokane,USD,0
7902,402,2026-04-10 22:34:43,Transfer Out,80.34,107367.16,Online,,386,Completed,Transfer Out via Branch,0,Rochester,USD,1.5
7903,53,2024-07-19 08:54:04,Interest Credit,3228.33,182473.15,Mobile App,,,Completed,Interest Credit via Branch,0,Dallas,USD,5
7904,285,2024-01-13 20:06:21,Transfer In,5411.76,50936.82,ATM,,1133,Completed,Transfer In via ATM,0,Boston,USD,10
7905,131,2026-06-24 06:14:54,Interest Credit,2827.69,114253.75,Branch,,,Completed,Interest Credit via ATM,0,Springfield,USD,0
7906,161,2024-02-26 18:01:00,Bill Payment,1968.44,64130.34,POS,Travel,,Completed,Bill Payment via Online,0,Buffalo,USD,10
7907,106,2024-02-07 15:22:48,Fee,5641.7,38616.14,Branch,,,Completed,Fee via Branch,0,Jacksonville,USD,5
7908,706,2024-02-22 07:27:00,Withdrawal,1731.77,154975.87,Mobile App,Travel,,Completed,Withdrawal via Branch,0,Boston,USD,2.5
7909,188,2026-03-30 02:43:59,Withdrawal,1477.84,57150.78,Branch,Utilities,,Completed,Withdrawal via ATM,0,Atlanta,USD,2.5
7910,653,2025-08-10 11:12:28,Bill Payment,1824.62,211051.57,Mobile App,Groceries,,Completed,Bill Payment via Online,0,Worcester,USD,1.5
7911,684,2024-03-06 20:01:46,Bill Payment,7449.78,227871.78,Mobile App,Entertainment,,Completed,Bill Payment via Mobile App,0,Atlanta,USD,10
7912,438,2025-03-18 11:31:58,Bill Payment,3844.44,31760.78,ATM,Healthcare,,Completed,Bill Payment via Online,0,Spokane,USD,0
7913,953,2024-04-23 17:31:24,Deposit,6680.76,42351.67,Mobile App,Education,,Pending,Deposit via ATM,0,Mesa,USD,0
7914,752,2024-01-04 13:03:56,Transfer Out,5769.43,123488.69,Mobile App,,968,Completed,Transfer Out via Mobile App,0,San Diego,USD,0
7915,1064,2026-07-27 15:09:11,Transfer Out,3260.38,143671.99,Mobile App,,1009,Completed,Transfer Out via Online,0,Los Angeles,USD,2.5
7916,1041,2026-05-01 21:36:59,Transfer Out,1980.83,149672.05,Online,,121,Completed,Transfer Out via Mobile App,0,Dallas,USD,0
7917,575,2025-06-14 15:08:48,Transfer In,7319.87,165545.98,Online,,844,Completed,Transfer In via Online,0,Rochester,USD,10
7918,959,2024-02-14 18:21:50,Interest Credit,1083.43,46933.7,Branch,,,Completed,Interest Credit via Branch,0,Seattle,USD,10
7919,692,2025-06-09 16:10:22,Bill Payment,709.94,219687.37,ATM,Retail,,Completed,Bill Payment via ATM,1,Buffalo,USD,0
7920,270,2026-09-07 10:22:41,Transfer Out,4511.92,167284.85,Branch,,1116,Completed,Transfer Out via Branch,0,Springfield,USD,10
7921,208,2024-08-18 04:18:44,Transfer Out,7908.46,187465.14,ATM,,10,Completed,Transfer Out via Online,0,Houston,USD,10
7922,84,2025-11-28 14:56:04,Interest Credit,157.48,159693.52,Online,,,Completed,Interest Credit via POS,0,San Francisco,USD,1.5
7923,632,2024-10-05 02:55:13,Deposit,75.58,127598.39,Mobile App,Retail,,Completed,Deposit via Branch,0,Cambridge,USD,5
7924,699,2024-11-30 10:23:05,Withdrawal,3740.61,176197.8,Online,Retail,,Completed,Withdrawal via POS,0,Atlanta,USD,5
7925,815,2026-05-29 00:28:13,Bill Payment,2284.11,117011.0,Mobile App,Dining,,Completed,Bill Payment via Online,0,Albany,USD,2.5
7926,611,2025-08-21 22:28:24,Transfer In,3613.03,145916.33,Mobile App,,746,Completed,Transfer In via Online,1,Spokane,USD,10
7927,1091,2024-06-28 08:25:37,Transfer Out,3230.04,85217.39,Online,,349,Completed,Transfer Out via POS,0,Austin,USD,1.5
7928,423,2025-11-12 13:50:46,Deposit,5954.83,146590.27,Branch,Retail,,Completed,Deposit via Branch,0,Denver,USD,0
7929,728,2025-09-12 09:27:44,Fee,4938.7,237847.41,Mobile App,,,Completed,Fee via Branch,1,Tucson,USD,5
7930,363,2024-08-17 15:43:03,Transfer Out,6620.0,232124.36,Mobile App,,675,Completed,Transfer Out via ATM,0,Seattle,USD,2.5
7931,943,2026-07-10 14:46:19,Withdrawal,2057.5,218761.54,Online,Dining,,Completed,Withdrawal via ATM,0,Los Angeles,USD,0
7932,113,2025-12-05 20:44:58,Deposit,6328.38,55351.74,POS,Retail,,Completed,Deposit via Branch,0,Worcester,USD,10
7933,940,2025-09-24 02:10:19,Interest Credit,505.36,185889.38,Branch,,,Pending,Interest Credit via Branch,0,Chicago,USD,0
7934,1149,2025-02-20 07:47:37,Transfer In,1843.23,230161.63,Mobile App,,791,Failed,Transfer In via Branch,0,Worcester,USD,0
7935,38,2024-03-29 08:14:31,Withdrawal,2935.33,31293.58,Mobile App,Dining,,Completed,Withdrawal via Mobile App,0,Tacoma,USD,0
7936,996,2026-02-07 18:34:16,Deposit,483.33,90255.17,Mobile App,Utilities,,Completed,Deposit via POS,0,San Antonio,USD,0
7937,1095,2025-01-28 02:53:13,Withdrawal,2973.58,40128.74,Branch,Groceries,,Completed,Withdrawal via POS,0,Aurora,USD,0
7938,543,2025-06-16 17:19:41,Fee,271.63,256517.72,ATM,,,Completed,Fee via ATM,0,Denver,USD,1.5
7939,838,2025-10-03 09:53:00,Withdrawal,2131.87,80019.34,Branch,Fuel,,Completed,Withdrawal via POS,1,New York City,USD,2.5
7940,382,2025-05-25 19:42:35,Fee,5218.27,87345.91,ATM,,,Completed,Fee via Mobile App,0,Los Angeles,USD,10
7941,178,2026-03-20 03:40:14,Deposit,7402.05,205431.8,Online,Travel,,Completed,Deposit via ATM,0,Houston,USD,2.5
7942,136,2024-05-20 01:11:48,Withdrawal,7324.71,35972.71,Branch,Fuel,,Completed,Withdrawal via POS,0,Aurora,USD,2.5
7943,682,2024-05-16 19:56:53,Bill Payment,5419.53,3930.19,Online,Groceries,,Completed,Bill Payment via Branch,0,Phoenix,USD,5
7944,58,2025-09-25 22:03:25,Fee,2708.49,154425.66,Online,,,Completed,Fee via ATM,0,Houston,USD,0
7945,950,2025-06-02 20:57:05,Interest Credit,6466.26,159394.28,Branch,,,Completed,Interest Credit via POS,0,Albany,USD,10
7946,194,2024-12-14 02:13:15,Withdrawal,5880.47,90822.38,Online,Healthcare,,Completed,Withdrawal via POS,0,Phoenix,USD,0
7947,154,2026-09-09 04:10:15,Transfer Out,3918.56,25395.16,ATM,,1125,Completed,Transfer Out via POS,0,Seattle,USD,0
7948,510,2026-01-29 12:14:38,Transfer In,7224.3,214703.32,Mobile App,,149,Completed,Transfer In via POS,0,Rochester,USD,0
7949,935,2024-10-29 11:50:49,Withdrawal,3851.68,253595.0,Branch,Travel,,Completed,Withdrawal via Mobile App,0,Denver,USD,5
7950,238,2025-04-02 22:42:32,Transfer In,5806.01,96591.99,Mobile App,,882,Pending,Transfer In via Mobile App,0,Aurora,USD,10
7951,246,2025-11-27 00:18:22,Transfer Out,1139.73,113688.93,Mobile App,,249,Completed,Transfer Out via Branch,0,Denver,USD,2.5
7952,617,2024-09-12 22:07:19,Withdrawal,7931.37,230643.4,Online,Utilities,,Completed,Withdrawal via Mobile App,1,Jacksonville,USD,1.5
7953,871,2025-04-02 01:58:50,Transfer In,7276.26,179161.39,Branch,,1067,Completed,Transfer In via Online,0,Augusta,USD,0
7954,863,2024-01-04 17:43:16,Fee,1295.39,54028.48,Online,,,Pending,Fee via Branch,0,Dallas,USD,10
7955,981,2024-12-12 18:54:11,Bill Payment,6518.13,88850.84,Online,Healthcare,,Completed,Bill Payment via Branch,1,Mesa,USD,1.5
7956,513,2025-12-17 08:55:51,Deposit,1558.25,107448.78,Online,Travel,,Completed,Deposit via ATM,0,Denver,USD,5
7957,140,2024-03-14 12:04:05,Deposit,1796.07,47382.95,Mobile App,Dining,,Completed,Deposit via ATM,0,Rochester,USD,10
7958,2,2026-04-06 13:15:22,Deposit,264.27,248063.67,Mobile App,Travel,,Completed,Deposit via POS,0,Mesa,USD,0
7959,822,2026-09-22 20:52:17,Deposit,638.81,28210.56,Mobile App,Groceries,,Completed,Deposit via Mobile App,0,Austin,USD,2.5
7960,1135,2024-02-06 06:19:00,Withdrawal,4137.77,205003.1,Mobile App,Retail,,Completed,Withdrawal via Mobile App,1,Tacoma,USD,0
7961,441,2024-12-14 03:41:30,Withdrawal,4860.73,206705.06,Online,Healthcare,,Completed,Withdrawal via Branch,0,Tucson,USD,10
7962,863,2025-07-01 09:11:47,Bill Payment,4397.99,228864.82,Mobile App,Travel,,Completed,Bill Payment via Mobile App,0,Springfield,USD,5
7963,241,2024-07-30 16:00:08,Bill Payment,171.25,519.47,Mobile App,Healthcare,,Completed,Bill Payment via Branch,0,Tucson,USD,0
7964,812,2026-02-17 04:41:22,Transfer Out,3691.96,73093.71,Online,,968,Completed,Transfer Out via POS,0,Los Angeles,USD,0
7965,421,2024-09-01 00:25:44,Withdrawal,1614.96,142369.7,Online,Entertainment,,Pending,Withdrawal via POS,0,Albany,USD,0
7966,396,2026-05-10 07:03:14,Transfer In,5637.9,241783.24,ATM,,927,Completed,Transfer In via Online,0,Tampa,USD,0
7967,692,2025-03-07 18:50:31,Transfer In,663.71,36747.28,Online,,940,Completed,Transfer In via POS,0,Naperville,USD,5
7968,370,2026-07-17 00:12:44,Deposit,6520.88,162768.79,Mobile App,Healthcare,,Completed,Deposit via Online,0,Boulder,USD,0
7969,453,2025-08-26 10:49:23,Transfer In,6208.51,191537.24,ATM,,454,Completed,Transfer In via POS,0,Houston,USD,0
7970,52,2025-09-09 11:54:49,Deposit,6464.13,50051.99,Mobile App,Entertainment,,Completed,Deposit via Online,1,Buffalo,USD,2.5
7971,295,2024-10-16 15:15:05,Deposit,6147.07,15510.3,Mobile App,,,Completed,Deposit via POS,0,Sacramento,USD,0
7972,275,2024-05-19 05:29:57,Bill Payment,1183.64,67954.66,ATM,Fuel,,Completed,Bill Payment via Online,1,San Antonio,USD,5
7973,1080,2025-07-10 14:01:10,Interest Credit,1030.33,244388.88,Online,,,Completed,Interest Credit via POS,1,Tucson,USD,0
7974,1104,2026-09-12 11:03:12,Transfer Out,6790.99,42008.87,POS,,728,Completed,Transfer Out via POS,0,Worcester,USD,2.5
7975,810,2026-01-15 12:02:56,Transfer Out,2531.84,161269.18,POS,,1113,Completed,Transfer Out via Online,0,Albany,USD,0
7976,339,2024-05-19 15:37:22,Fee,4145.43,215011.93,POS,,,Completed,Fee via POS,1,Aurora,USD,0
7977,806,2025-02-25 08:18:45,Transfer In,535.39,257103.87,Mobile App,,303,Completed,Transfer In via Mobile App,0,San Antonio,USD,2.5
7978,1182,2024-08-20 07:33:32,Bill Payment,534.89,230852.85,Online,Retail,,Completed,Bill Payment via Mobile App,0,Aurora,USD,2.5
7979,50,2026-09-23 16:49:09,Transfer In,7480.68,136903.14,Online,,63,Completed,Transfer In via ATM,0,Rochester,USD,0
7980,193,2026-01-01 23:30:41,Interest Credit,3371.81,159194.99,Mobile App,,,Completed,Interest Credit via ATM,1,San Antonio,USD,0
7981,335,2024-12-21 06:23:28,Withdrawal,4177.14,40342.01,Mobile App,Education,,Completed,Withdrawal via Mobile App,0,Savannah,USD,1.5
7982,882,2024-01-29 17:22:39,Transfer In,2177.09,243056.26,ATM,,988,Completed,Transfer In via POS,1,Buffalo,USD,2.5
7983,91,2025-12-28 00:23:30,Interest Credit,2654.12,55998.51,ATM,,,Completed,Interest Credit via POS,0,Tampa,USD,10
7984,426,2025-02-08 17:23:57,Withdrawal,955.87,187416.07,Mobile App,Travel,,Completed,Withdrawal via Mobile App,0,Worcester,USD,2.5
7985,327,2025-04-29 20:24:10,Bill Payment,5718.06,147448.49,Online,Travel,,Completed,Bill Payment via Online,0,Naperville,USD,10
7986,59,2025-04-22 23:28:48,Transfer Out,6983.22,227597.28,Branch,,1110,Completed,Transfer Out via POS,0,Spokane,USD,2.5
7987,135,2026-05-15 00:58:09,Deposit,6194.84,103215.18,Mobile App,Education,,Completed,Deposit via Branch,0,San Diego,USD,0
7988,741,2025-05-23 01:39:16,Withdrawal,376.46,20377.42,ATM,Travel,,Completed,Withdrawal via ATM,0,Tacoma,USD,5
7989,172,2025-04-22 18:12:40,Transfer In,6110.33,170261.47,ATM,,518,Completed,Transfer In via POS,0,San Diego,USD,0
7990,266,2026-05-17 23:50:43,Transfer In,998.29,253803.82,Mobile App,,583,Completed,Transfer In via POS,0,Boulder,USD,1.5
7991,872,2024-05-05 00:21:14,Transfer Out,2022.37,85464.38,Mobile App,,297,Completed,Transfer Out via ATM,0,Naperville,USD,5
7992,706,2025-06-13 17:00:43,Withdrawal,2127.6,48616.48,Branch,Dining,,Completed,Withdrawal via Online,0,Spokane,USD,1.5
7993,177,2026-03-19 20:53:21,Bill Payment,7993.49,52468.93,Branch,Utilities,,Completed,Bill Payment via Online,0,Phoenix,USD,0
7994,821,2024-08-04 07:27:07,Deposit,6843.18,135829.54,Mobile App,Dining,,Completed,Deposit via Branch,0,Atlanta,USD,2.5
7995,230,2026-07-13 23:35:54,Deposit,729.25,15321.26,Branch,Fuel,,Completed,Deposit via Mobile App,1,Mesa,USD,0
7996,1024,2025-03-07 13:51:20,Deposit,5692.04,143191.83,Online,Utilities,,Completed,Deposit via Branch,0,Savannah,USD,0
7997,1039,2025-06-08 21:54:15,Withdrawal,7135.13,56623.78,POS,,,Completed,Withdrawal via Mobile App,0,San Diego,USD,0
7998,982,2025-10-25 11:19:17,Withdrawal,45.81,214365.68,Online,Retail,,Completed,Withdrawal via Online,1,New York City,USD,10
7999,232,2024-12-22 19:40:45,Withdrawal,5685.2,48519.59,Online,Entertainment,,Completed,Withdrawal via Mobile App,0,Phoenix,USD,5
8000,8,2024-03-28 14:32:40,Deposit,1670.06,162467.95,ATM,Utilities,,Completed,Deposit via Mobile App,0,Worcester,USD,1.5
